name,link_id,osm_way_id,from_node_id,to_node_id,dir_flag,length,lanes,free_speed,capacity,link_type_name,link_type,geometry,allowed_uses,from_biway
,400000,,155,100004,,,,,,connector with residential,-1,"LINESTRING (103.9720324 30.7756324 ,103.97091595882351 30.775140629411755)"
,400001,,834,100004,,,,,,connector with residential,-1,"LINESTRING (103.9727235 30.7763 ,103.97091595882351 30.775140629411755)"
,400002,,861,100004,,,,,,connector with poi,-1,"LINESTRING (103.9712258 30.7770377 ,103.97091595882351 30.775140629411755)"
,400003,,862,100004,,,,,,connector with poi,-1,"LINESTRING (103.971543 30.776316 ,103.97091595882351 30.775140629411755)"
,400004,,863,100004,,,,,,connector with poi,-1,"LINESTRING (103.9692782 30.7752122 ,103.97091595882351 30.775140629411755)"
,400005,,864,100004,,,,,,connector with poi,-1,"LINESTRING (103.9683864 30.7749586 ,103.97091595882351 30.775140629411755)"
,400006,,869,100004,,,,,,connector with poi,-1,"LINESTRING (103.9696364 30.7744205 ,103.97091595882351 30.775140629411755)"
,400007,,880,100004,,,,,,connector with poi,-1,"LINESTRING (103.9713539 30.7751791 ,103.97091595882351 30.775140629411755)"
,400008,,885,100004,,,,,,connector with poi,-1,"LINESTRING (103.9707226 30.7746983 ,103.97091595882351 30.775140629411755)"
,400009,,893,100004,,,,,,connector with poi,-1,"LINESTRING (103.971466 30.7748542 ,103.97091595882351 30.775140629411755)"
,400010,,895,100004,,,,,,connector with poi,-1,"LINESTRING (103.9716815 30.7745465 ,103.97091595882351 30.775140629411755)"
,400011,,903,100004,,,,,,connector with poi,-1,"LINESTRING (103.9698741 30.7747169 ,103.97091595882351 30.775140629411755)"
,400012,,904,100004,,,,,,connector with poi,-1,"LINESTRING (103.9720759 30.7745311 ,103.97091595882351 30.775140629411755)"
,400013,,907,100004,,,,,,connector with poi,-1,"LINESTRING (103.9719424 30.775157 ,103.97091595882351 30.775140629411755)"
,400014,,912,100004,,,,,,connector with poi,-1,"LINESTRING (103.9705304 30.7749596 ,103.97091595882351 30.775140629411755)"
,400015,,916,100004,,,,,,connector with poi,-1,"LINESTRING (103.9709713 30.774414 ,103.97091595882351 30.775140629411755)"
,400016,,917,100004,,,,,,connector with poi,-1,"LINESTRING (103.9701275 30.7744566 ,103.97091595882351 30.775140629411755)"
,500000,,390,100005,,,,,,connector with residential,-1,"LINESTRING (103.9776798 30.7755493 ,103.97755579999999 30.77484705)"
,500001,,948,100005,,,,,,connector with poi,-1,"LINESTRING (103.9769468 30.7745279 ,103.97755579999999 30.77484705)"
,500002,,949,100005,,,,,,connector with poi,-1,"LINESTRING (103.9776713 30.774771 ,103.97755579999999 30.77484705)"
,500003,,950,100005,,,,,,connector with poi,-1,"LINESTRING (103.9779253 30.77454 ,103.97755579999999 30.77484705)"
,600000,,380,100006,,,,,,connector with residential,-1,"LINESTRING (103.9800538 30.7744879 ,103.97946052105262 30.775379121052634)"
,600001,,381,100006,,,,,,connector with residential,-1,"LINESTRING (103.9805387 30.7749836 ,103.97946052105262 30.775379121052634)"
,600002,,383,100006,,,,,,connector with residential,-1,"LINESTRING (103.9800152 30.7748757 ,103.97946052105262 30.775379121052634)"
,600003,,384,100006,,,,,,connector with residential,-1,"LINESTRING (103.9797246 30.7757529 ,103.97946052105262 30.775379121052634)"
,600004,,386,100006,,,,,,connector with residential,-1,"LINESTRING (103.9791276 30.7756279 ,103.97946052105262 30.775379121052634)"
,600005,,387,100006,,,,,,connector with residential,-1,"LINESTRING (103.9797313 30.7748172 ,103.97946052105262 30.775379121052634)"
,600006,,389,100006,,,,,,connector with residential,-1,"LINESTRING (103.9789056 30.7755814 ,103.97946052105262 30.775379121052634)"
,600007,,391,100006,,,,,,connector with residential,-1,"LINESTRING (103.9784479 30.7762909 ,103.97946052105262 30.775379121052634)"
,600008,,392,100006,,,,,,connector with residential,-1,"LINESTRING (103.9785523 30.7759684 ,103.97946052105262 30.775379121052634)"
,600009,,393,100006,,,,,,connector with residential,-1,"LINESTRING (103.9792567 30.7753812 ,103.97946052105262 30.775379121052634)"
,600010,,397,100006,,,,,,connector with residential,-1,"LINESTRING (103.9794786 30.775223 ,103.97946052105262 30.775379121052634)"
,600011,,795,100006,,,,,,connector with residential,-1,"LINESTRING (103.9791441 30.7763 ,103.97946052105262 30.775379121052634)"
,600012,,1223,100006,,,,,,connector with poi,-1,"LINESTRING (103.9795341 30.7745363 ,103.97946052105262 30.775379121052634)"
,600013,,1224,100006,,,,,,connector with poi,-1,"LINESTRING (103.9791722 30.7749325 ,103.97946052105262 30.775379121052634)"
,600014,,1226,100006,,,,,,connector with poi,-1,"LINESTRING (103.9804192 30.7747456 ,103.97946052105262 30.775379121052634)"
,600015,,1227,100006,,,,,,connector with poi,-1,"LINESTRING (103.9800208 30.7750896 ,103.97946052105262 30.775379121052634)"
,600016,,1228,100006,,,,,,connector with poi,-1,"LINESTRING (103.9795675 30.775549 ,103.97946052105262 30.775379121052634)"
,600017,,1229,100006,,,,,,connector with poi,-1,"LINESTRING (103.9792138 30.7758598 ,103.97946052105262 30.775379121052634)"
,600018,,1230,100006,,,,,,connector with poi,-1,"LINESTRING (103.9788459 30.7762004 ,103.97946052105262 30.775379121052634)"
,800000,,291,100008,,,,,,connector with residential,-1,"LINESTRING (103.9911104 30.7755379 ,103.9911104 30.7755379)"
,1400000,,888,100014,,,,,,connector with poi,-1,"LINESTRING (103.967455 30.773476 ,103.9675771 30.77335255)"
,1400001,,922,100014,,,,,,connector with poi,-1,"LINESTRING (103.9676992 30.7732291 ,103.9675771 30.77335255)"
,1500000,,289,100015,,,,,,connector with residential,-1,"LINESTRING (103.9710529 30.7719346 ,103.97073457164177 30.772627046268664)"
,1500001,,378,100015,,,,,,connector with residential,-1,"LINESTRING (103.972647 30.7727942 ,103.97073457164177 30.772627046268664)"
,1500002,,637,100015,,,,,,connector with residential,-1,"LINESTRING (103.9727006 30.7720803 ,103.97073457164177 30.772627046268664)"
,1500003,,638,100015,,,,,,connector with residential,-1,"LINESTRING (103.9726647 30.7719521 ,103.97073457164177 30.772627046268664)"
,1500004,,639,100015,,,,,,connector with residential,-1,"LINESTRING (103.9726789 30.7720029 ,103.97073457164177 30.772627046268664)"
,1500005,,640,100015,,,,,,connector with residential,-1,"LINESTRING (103.9711051 30.7718693 ,103.97073457164177 30.772627046268664)"
,1500006,,641,100015,,,,,,connector with residential,-1,"LINESTRING (103.9711284 30.7718402 ,103.97073457164177 30.772627046268664)"
,1500007,,642,100015,,,,,,connector with residential,-1,"LINESTRING (103.9711655 30.7717879 ,103.97073457164177 30.772627046268664)"
,1500008,,865,100015,,,,,,connector with poi,-1,"LINESTRING (103.9710999 30.7728627 ,103.97073457164177 30.772627046268664)"
,1500009,,866,100015,,,,,,connector with poi,-1,"LINESTRING (103.9680791 30.7738446 ,103.97073457164177 30.772627046268664)"
,1500010,,867,100015,,,,,,connector with poi,-1,"LINESTRING (103.9696904 30.7729487 ,103.97073457164177 30.772627046268664)"
,1500011,,868,100015,,,,,,connector with poi,-1,"LINESTRING (103.970283 30.7733987 ,103.97073457164177 30.772627046268664)"
,1500012,,870,100015,,,,,,connector with poi,-1,"LINESTRING (103.9711066 30.774131 ,103.97073457164177 30.772627046268664)"
,1500013,,871,100015,,,,,,connector with poi,-1,"LINESTRING (103.9695625 30.7737817 ,103.97073457164177 30.772627046268664)"
,1500014,,872,100015,,,,,,connector with poi,-1,"LINESTRING (103.9720179 30.7731018 ,103.97073457164177 30.772627046268664)"
,1500015,,873,100015,,,,,,connector with poi,-1,"LINESTRING (103.9717522 30.7742449 ,103.97073457164177 30.772627046268664)"
,1500016,,874,100015,,,,,,connector with poi,-1,"LINESTRING (103.9713134 30.7735681 ,103.97073457164177 30.772627046268664)"
,1500017,,875,100015,,,,,,connector with poi,-1,"LINESTRING (103.9706707 30.7736502 ,103.97073457164177 30.772627046268664)"
,1500018,,876,100015,,,,,,connector with poi,-1,"LINESTRING (103.9703421 30.7718818 ,103.97073457164177 30.772627046268664)"
,1500019,,877,100015,,,,,,connector with poi,-1,"LINESTRING (103.9691736 30.7726868 ,103.97073457164177 30.772627046268664)"
,1500020,,878,100015,,,,,,connector with poi,-1,"LINESTRING (103.9699515 30.773211 ,103.97073457164177 30.772627046268664)"
,1500021,,879,100015,,,,,,connector with poi,-1,"LINESTRING (103.9700323 30.7724189 ,103.97073457164177 30.772627046268664)"
,1500022,,881,100015,,,,,,connector with poi,-1,"LINESTRING (103.9706045 30.7722416 ,103.97073457164177 30.772627046268664)"
,1500023,,882,100015,,,,,,connector with poi,-1,"LINESTRING (103.9722481 30.7738109 ,103.97073457164177 30.772627046268664)"
,1500024,,883,100015,,,,,,connector with poi,-1,"LINESTRING (103.968264 30.7735953 ,103.97073457164177 30.772627046268664)"
,1500025,,884,100015,,,,,,connector with poi,-1,"LINESTRING (103.9718881 30.7736634 ,103.97073457164177 30.772627046268664)"
,1500026,,886,100015,,,,,,connector with poi,-1,"LINESTRING (103.9715799 30.7726213 ,103.97073457164177 30.772627046268664)"
,1500027,,887,100015,,,,,,connector with poi,-1,"LINESTRING (103.9714334 30.7732811 ,103.97073457164177 30.772627046268664)"
,1500028,,889,100015,,,,,,connector with poi,-1,"LINESTRING (103.9699137 30.7739857 ,103.97073457164177 30.772627046268664)"
,1500029,,890,100015,,,,,,connector with poi,-1,"LINESTRING (103.9678799 30.7729654 ,103.97073457164177 30.772627046268664)"
,1500030,,891,100015,,,,,,connector with poi,-1,"LINESTRING (103.9684428 30.7733473 ,103.97073457164177 30.772627046268664)"
,1500031,,892,100015,,,,,,connector with poi,-1,"LINESTRING (103.9689138 30.7739018 ,103.97073457164177 30.772627046268664)"
,1500032,,894,100015,,,,,,connector with poi,-1,"LINESTRING (103.9692525 30.7734206 ,103.97073457164177 30.772627046268664)"
,1500033,,896,100015,,,,,,connector with poi,-1,"LINESTRING (103.969865 30.7726737 ,103.97073457164177 30.772627046268664)"
,1500034,,897,100015,,,,,,connector with poi,-1,"LINESTRING (103.9712411 30.7738543 ,103.97073457164177 30.772627046268664)"
,1500035,,898,100015,,,,,,connector with poi,-1,"LINESTRING (103.9702756 30.7727285 ,103.97073457164177 30.772627046268664)"
,1500036,,899,100015,,,,,,connector with poi,-1,"LINESTRING (103.9694123 30.7731576 ,103.97073457164177 30.772627046268664)"
,1500037,,900,100015,,,,,,connector with poi,-1,"LINESTRING (103.9723562 30.7732977 ,103.97073457164177 30.772627046268664)"
,1500038,,901,100015,,,,,,connector with poi,-1,"LINESTRING (103.9692556 30.7742241 ,103.97073457164177 30.772627046268664)"
,1500039,,902,100015,,,,,,connector with poi,-1,"LINESTRING (103.9706281 30.7729021 ,103.97073457164177 30.772627046268664)"
,1500040,,905,100015,,,,,,connector with poi,-1,"LINESTRING (103.9696019 30.7722106 ,103.97073457164177 30.772627046268664)"
,1500041,,906,100015,,,,,,connector with poi,-1,"LINESTRING (103.9688792 30.7728838 ,103.97073457164177 30.772627046268664)"
,1500042,,908,100015,,,,,,connector with poi,-1,"LINESTRING (103.9718199 30.7739474 ,103.97073457164177 30.772627046268664)"
,1500043,,909,100015,,,,,,connector with poi,-1,"LINESTRING (103.9693989 30.7724588 ,103.97073457164177 30.772627046268664)"
,1500044,,910,100015,,,,,,connector with poi,-1,"LINESTRING (103.9709369 30.7731157 ,103.97073457164177 30.772627046268664)"
,1500045,,911,100015,,,,,,connector with poi,-1,"LINESTRING (103.970748 30.7733684 ,103.97073457164177 30.772627046268664)"
,1500046,,913,100015,,,,,,connector with poi,-1,"LINESTRING (103.9703114 30.7741856 ,103.97073457164177 30.772627046268664)"
,1500047,,914,100015,,,,,,connector with poi,-1,"LINESTRING (103.9698002 30.7719683 ,103.97073457164177 30.772627046268664)"
,1500048,,915,100015,,,,,,connector with poi,-1,"LINESTRING (103.9719667 30.7733779 ,103.97073457164177 30.772627046268664)"
,1500049,,918,100015,,,,,,connector with poi,-1,"LINESTRING (103.9687559 30.7741741 ,103.97073457164177 30.772627046268664)"
,1600000,,129,100016,,,,,,connector with residential,-1,"LINESTRING (103.9768907 30.7722485 ,103.9760717 30.772023285)"
,1600001,,267,100016,,,,,,connector with residential,-1,"LINESTRING (103.9751607 30.7699983 ,103.9760717 30.772023285)"
,1600002,,372,100016,,,,,,connector with residential,-1,"LINESTRING (103.9746909 30.7706064 ,103.9760717 30.772023285)"
,1600003,,373,100016,,,,,,connector with residential,-1,"LINESTRING (103.9740577 30.7713566 ,103.9760717 30.772023285)"
,1600004,,375,100016,,,,,,connector with residential,-1,"LINESTRING (103.9763725 30.7718297 ,103.9760717 30.772023285)"
,1600005,,377,100016,,,,,,connector with residential,-1,"LINESTRING (103.9748886 30.7738943 ,103.9760717 30.772023285)"
,1600006,,454,100016,,,,,,connector with residential,-1,"LINESTRING (103.9770013 30.7721078 ,103.9760717 30.772023285)"
,1600007,,622,100016,,,,,,connector with residential,-1,"LINESTRING (103.9736893 30.7711266 ,103.9760717 30.772023285)"
,1600008,,857,100016,,,,,,connector with poi,-1,"LINESTRING (103.9754726 30.7703848 ,103.9760717 30.772023285)"
,1600009,,858,100016,,,,,,connector with poi,-1,"LINESTRING (103.976059 30.769586 ,103.9760717 30.772023285)"
,1600010,,937,100016,,,,,,connector with poi,-1,"LINESTRING (103.9765509 30.7723949 ,103.9760717 30.772023285)"
,1600011,,938,100016,,,,,,connector with poi,-1,"LINESTRING (103.9762741 30.7726668 ,103.9760717 30.772023285)"
,1600012,,939,100016,,,,,,connector with poi,-1,"LINESTRING (103.9760627 30.7728778 ,103.9760717 30.772023285)"
,1600013,,940,100016,,,,,,connector with poi,-1,"LINESTRING (103.9757929 30.7731732 ,103.9760717 30.772023285)"
,1600014,,941,100016,,,,,,connector with poi,-1,"LINESTRING (103.9756338 30.7734821 ,103.9760717 30.772023285)"
,1600015,,942,100016,,,,,,connector with poi,-1,"LINESTRING (103.9755149 30.773796 ,103.9760717 30.772023285)"
,1600016,,943,100016,,,,,,connector with poi,-1,"LINESTRING (103.975419 30.7740732 ,103.9760717 30.772023285)"
,1600017,,944,100016,,,,,,connector with poi,-1,"LINESTRING (103.9763072 30.7743326 ,103.9760717 30.772023285)"
,1600018,,945,100016,,,,,,connector with poi,-1,"LINESTRING (103.9772651 30.7729789 ,103.9760717 30.772023285)"
,1600019,,946,100016,,,,,,connector with poi,-1,"LINESTRING (103.9779083 30.7734576 ,103.9760717 30.772023285)"
,1600020,,953,100016,,,,,,connector with poi,-1,"LINESTRING (103.9774151 30.7739558 ,103.9760717 30.772023285)"
,1600021,,954,100016,,,,,,connector with poi,-1,"LINESTRING (103.9776097 30.7736899 ,103.9760717 30.772023285)"
,1600022,,955,100016,,,,,,connector with poi,-1,"LINESTRING (103.9771883 30.7741989 ,103.9760717 30.772023285)"
,1600023,,956,100016,,,,,,connector with poi,-1,"LINESTRING (103.9764333 30.7740355 ,103.9760717 30.772023285)"
,1600024,,957,100016,,,,,,connector with poi,-1,"LINESTRING (103.9765661 30.7737641 ,103.9760717 30.772023285)"
,1600025,,958,100016,,,,,,connector with poi,-1,"LINESTRING (103.9767973 30.7734443 ,103.9760717 30.772023285)"
,1600026,,959,100016,,,,,,connector with poi,-1,"LINESTRING (103.9769921 30.7732189 ,103.9760717 30.772023285)"
,1600027,,1110,100016,,,,,,connector with poi,-1,"LINESTRING (103.9732023 30.7701343 ,103.9760717 30.772023285)"
,1600028,,1111,100016,,,,,,connector with poi,-1,"LINESTRING (103.9731879 30.7708431 ,103.9760717 30.772023285)"
,1600029,,1209,100016,,,,,,connector with poi,-1,"LINESTRING (103.9769548 30.769512 ,103.9760717 30.772023285)"
,1600030,,1210,100016,,,,,,connector with poi,-1,"LINESTRING (103.9779084 30.7700776 ,103.9760717 30.772023285)"
,1600031,,1211,100016,,,,,,connector with poi,-1,"LINESTRING (103.9773113 30.7708437 ,103.9760717 30.772023285)"
,1600032,,1212,100016,,,,,,connector with poi,-1,"LINESTRING (103.9763655 30.7702814 ,103.9760717 30.772023285)"
,1600033,,1213,100016,,,,,,connector with poi,-1,"LINESTRING (103.9767946 30.7714056 ,103.9760717 30.772023285)"
,1600034,,1214,100016,,,,,,connector with poi,-1,"LINESTRING (103.9759717 30.7709154 ,103.9760717 30.772023285)"
,1600035,,1241,100016,,,,,,connector with poi,-1,"LINESTRING (103.9747678 30.771308 ,103.9760717 30.772023285)"
,1600036,,1251,100016,,,,,,connector with poi,-1,"LINESTRING (103.9775647 30.7720192 ,103.9760717 30.772023285)"
,1600037,,1252,100016,,,,,,connector with poi,-1,"LINESTRING (103.9778509 30.7715444 ,103.9760717 30.772023285)"
,1600038,,1272,100016,,,,,,connector with poi,-1,"LINESTRING (103.9747939 30.7692099 ,103.9760717 30.772023285)"
,1600039,,1273,100016,,,,,,connector with poi,-1,"LINESTRING (103.9741801 30.7701573 ,103.9760717 30.772023285)"
,1700000,,28,100017,,,,,,connector with residential,-1,"LINESTRING (103.9810869 30.7717496 ,103.9808286511628 30.77181843720929)"
,1700001,,31,100017,,,,,,connector with residential,-1,"LINESTRING (103.9813407 30.7721012 ,103.9808286511628 30.77181843720929)"
,1700002,,52,100017,,,,,,connector with residential,-1,"LINESTRING (103.979735 30.7702562 ,103.9808286511628 30.77181843720929)"
,1700003,,61,100017,,,,,,connector with residential,-1,"LINESTRING (103.979807 30.7706774 ,103.9808286511628 30.77181843720929)"
,1700004,,105,100017,,,,,,connector with residential,-1,"LINESTRING (103.9796458 30.7732895 ,103.9808286511628 30.77181843720929)"
,1700005,,109,100017,,,,,,connector with residential,-1,"LINESTRING (103.9798745 30.7695556 ,103.9808286511628 30.77181843720929)"
,1700006,,130,100017,,,,,,connector with residential,-1,"LINESTRING (103.9792758 30.7692144 ,103.9808286511628 30.77181843720929)"
,1700007,,131,100017,,,,,,connector with residential,-1,"LINESTRING (103.9797593 30.7701344 ,103.9808286511628 30.77181843720929)"
,1700008,,132,100017,,,,,,connector with residential,-1,"LINESTRING (103.9789257 30.7696597 ,103.9808286511628 30.77181843720929)"
,1700009,,133,100017,,,,,,connector with residential,-1,"LINESTRING (103.9811478 30.7718339 ,103.9808286511628 30.77181843720929)"
,1700010,,134,100017,,,,,,connector with residential,-1,"LINESTRING (103.9809929 30.7716812 ,103.9808286511628 30.77181843720929)"
,1700011,,338,100017,,,,,,connector with residential,-1,"LINESTRING (103.9816628 30.7719342 ,103.9808286511628 30.77181843720929)"
,1700012,,340,100017,,,,,,connector with residential,-1,"LINESTRING (103.9832515 30.7699842 ,103.9808286511628 30.77181843720929)"
,1700013,,341,100017,,,,,,connector with residential,-1,"LINESTRING (103.9828926 30.7716138 ,103.9808286511628 30.77181843720929)"
,1700014,,342,100017,,,,,,connector with residential,-1,"LINESTRING (103.9831928 30.7710153 ,103.9808286511628 30.77181843720929)"
,1700015,,345,100017,,,,,,connector with residential,-1,"LINESTRING (103.9823176 30.7717249 ,103.9808286511628 30.77181843720929)"
,1700016,,353,100017,,,,,,connector with residential,-1,"LINESTRING (103.9830421 30.7713158 ,103.9808286511628 30.77181843720929)"
,1700017,,356,100017,,,,,,connector with residential,-1,"LINESTRING (103.9827852 30.7708682 ,103.9808286511628 30.77181843720929)"
,1700018,,364,100017,,,,,,connector with residential,-1,"LINESTRING (103.9802252 30.7731004 ,103.9808286511628 30.77181843720929)"
,1700019,,366,100017,,,,,,connector with residential,-1,"LINESTRING (103.9815606 30.7719872 ,103.9808286511628 30.77181843720929)"
,1700020,,367,100017,,,,,,connector with residential,-1,"LINESTRING (103.981654 30.7722294 ,103.9808286511628 30.77181843720929)"
,1700021,,368,100017,,,,,,connector with residential,-1,"LINESTRING (103.9823917 30.7728133 ,103.9808286511628 30.77181843720929)"
,1700022,,369,100017,,,,,,connector with residential,-1,"LINESTRING (103.9811465 30.7732558 ,103.9808286511628 30.77181843720929)"
,1700023,,370,100017,,,,,,connector with residential,-1,"LINESTRING (103.9816703 30.7728392 ,103.9808286511628 30.77181843720929)"
,1700024,,379,100017,,,,,,connector with residential,-1,"LINESTRING (103.9802376 30.7739038 ,103.9808286511628 30.77181843720929)"
,1700025,,466,100017,,,,,,connector with residential,-1,"LINESTRING (103.9810941 30.7723609 ,103.9808286511628 30.77181843720929)"
,1700026,,468,100017,,,,,,connector with residential,-1,"LINESTRING (103.9801386 30.7710737 ,103.9808286511628 30.77181843720929)"
,1700027,,533,100017,,,,,,connector with residential,-1,"LINESTRING (103.9831057 30.7711889 ,103.9808286511628 30.77181843720929)"
,1700028,,550,100017,,,,,,connector with residential,-1,"LINESTRING (103.9795112 30.7736993 ,103.9808286511628 30.77181843720929)"
,1700029,,851,100017,,,,,,connector with poi,-1,"LINESTRING (103.9811896 30.7705983 ,103.9808286511628 30.77181843720929)"
,1700030,,947,100017,,,,,,connector with poi,-1,"LINESTRING (103.9786664 30.7738217 ,103.9808286511628 30.77181843720929)"
,1700031,,951,100017,,,,,,connector with poi,-1,"LINESTRING (103.9781752 30.7743007 ,103.9808286511628 30.77181843720929)"
,1700032,,952,100017,,,,,,connector with poi,-1,"LINESTRING (103.9784051 30.7740636 ,103.9808286511628 30.77181843720929)"
,1700033,,960,100017,,,,,,connector with poi,-1,"LINESTRING (103.9811762 30.7735034 ,103.9808286511628 30.77181843720929)"
,1700034,,961,100017,,,,,,connector with poi,-1,"LINESTRING (103.9817823 30.7730402 ,103.9808286511628 30.77181843720929)"
,1700035,,1193,100017,,,,,,connector with poi,-1,"LINESTRING (103.9792527 30.7694513 ,103.9808286511628 30.77181843720929)"
,1700036,,1208,100017,,,,,,connector with poi,-1,"LINESTRING (103.9785164 30.7692892 ,103.9808286511628 30.77181843720929)"
,1700037,,1217,100017,,,,,,connector with poi,-1,"LINESTRING (103.9820793 30.7725053 ,103.9808286511628 30.77181843720929)"
,1700038,,1225,100017,,,,,,connector with poi,-1,"LINESTRING (103.9807338 30.7742873 ,103.9808286511628 30.77181843720929)"
,1700039,,1247,100017,,,,,,connector with poi,-1,"LINESTRING (103.9831534 30.7709388 ,103.9808286511628 30.77181843720929)"
,1700040,,1253,100017,,,,,,connector with poi,-1,"LINESTRING (103.9781885 30.7711074 ,103.9808286511628 30.77181843720929)"
,1700041,,1254,100017,,,,,,connector with poi,-1,"LINESTRING (103.9786659 30.7707412 ,103.9808286511628 30.77181843720929)"
,1700042,,1280,100017,,,,,,connector with poi,-1,"LINESTRING (103.9821757 30.773483 ,103.9808286511628 30.77181843720929)"
,1800000,,32,100018,,,,,,connector with residential,-1,"LINESTRING (103.9869792 30.7699287 ,103.98617626491229 30.77109849122807)"
,1800001,,73,100018,,,,,,connector with residential,-1,"LINESTRING (103.9867517 30.7703945 ,103.98617626491229 30.77109849122807)"
,1800002,,135,100018,,,,,,connector with residential,-1,"LINESTRING (103.9850651 30.7697777 ,103.98617626491229 30.77109849122807)"
,1800003,,136,100018,,,,,,connector with residential,-1,"LINESTRING (103.984923 30.7699616 ,103.98617626491229 30.77109849122807)"
,1800004,,334,100018,,,,,,connector with residential,-1,"LINESTRING (103.9853046 30.7693089 ,103.98617626491229 30.77109849122807)"
,1800005,,336,100018,,,,,,connector with residential,-1,"LINESTRING (103.9839345 30.7716958 ,103.98617626491229 30.77109849122807)"
,1800006,,337,100018,,,,,,connector with residential,-1,"LINESTRING (103.9835243 30.7716014 ,103.98617626491229 30.77109849122807)"
,1800007,,339,100018,,,,,,connector with residential,-1,"LINESTRING (103.9847621 30.7700619 ,103.98617626491229 30.77109849122807)"
,1800008,,410,100018,,,,,,connector with residential,-1,"LINESTRING (103.9868839 30.770119 ,103.98617626491229 30.77109849122807)"
,1800009,,413,100018,,,,,,connector with residential,-1,"LINESTRING (103.9868355 30.7702185 ,103.98617626491229 30.77109849122807)"
,1800010,,421,100018,,,,,,connector with residential,-1,"LINESTRING (103.9873524 30.7710183 ,103.98617626491229 30.77109849122807)"
,1800011,,423,100018,,,,,,connector with residential,-1,"LINESTRING (103.9881124 30.771294 ,103.98617626491229 30.77109849122807)"
,1800012,,424,100018,,,,,,connector with residential,-1,"LINESTRING (103.9877242 30.7711532 ,103.98617626491229 30.77109849122807)"
,1800013,,425,100018,,,,,,connector with residential,-1,"LINESTRING (103.9864995 30.7709311 ,103.98617626491229 30.77109849122807)"
,1800014,,426,100018,,,,,,connector with residential,-1,"LINESTRING (103.9868414 30.77105 ,103.98617626491229 30.77109849122807)"
,1800015,,427,100018,,,,,,connector with residential,-1,"LINESTRING (103.9879472 30.7727413 ,103.98617626491229 30.77109849122807)"
,1800016,,428,100018,,,,,,connector with residential,-1,"LINESTRING (103.9858262 30.7719172 ,103.98617626491229 30.77109849122807)"
,1800017,,429,100018,,,,,,connector with residential,-1,"LINESTRING (103.9861888 30.7715683 ,103.98617626491229 30.77109849122807)"
,1800018,,430,100018,,,,,,connector with residential,-1,"LINESTRING (103.9864033 30.7721855 ,103.98617626491229 30.77109849122807)"
,1800019,,431,100018,,,,,,connector with residential,-1,"LINESTRING (103.9868437 30.7723441 ,103.98617626491229 30.77109849122807)"
,1800020,,432,100018,,,,,,connector with residential,-1,"LINESTRING (103.9872148 30.7715087 ,103.98617626491229 30.77109849122807)"
,1800021,,433,100018,,,,,,connector with residential,-1,"LINESTRING (103.9883707 30.771917 ,103.98617626491229 30.77109849122807)"
,1800022,,434,100018,,,,,,connector with residential,-1,"LINESTRING (103.9877276 30.7716899 ,103.98617626491229 30.77109849122807)"
,1800023,,435,100018,,,,,,connector with residential,-1,"LINESTRING (103.9873254 30.7725175 ,103.98617626491229 30.77109849122807)"
,1800024,,436,100018,,,,,,connector with residential,-1,"LINESTRING (103.985585 30.7720073 ,103.98617626491229 30.77109849122807)"
,1800025,,437,100018,,,,,,connector with residential,-1,"LINESTRING (103.9862588 30.7725888 ,103.98617626491229 30.77109849122807)"
,1800026,,438,100018,,,,,,connector with residential,-1,"LINESTRING (103.9870677 30.7724247 ,103.98617626491229 30.77109849122807)"
,1800027,,439,100018,,,,,,connector with residential,-1,"LINESTRING (103.9874823 30.7716032 ,103.98617626491229 30.77109849122807)"
,1800028,,440,100018,,,,,,connector with residential,-1,"LINESTRING (103.9876912 30.7711412 ,103.98617626491229 30.77109849122807)"
,1800029,,441,100018,,,,,,connector with residential,-1,"LINESTRING (103.9884904 30.7714311 ,103.98617626491229 30.77109849122807)"
,1800030,,452,100018,,,,,,connector with residential,-1,"LINESTRING (103.9863182 30.7713167 ,103.98617626491229 30.77109849122807)"
,1800031,,453,100018,,,,,,connector with residential,-1,"LINESTRING (103.9864487 30.7710392 ,103.98617626491229 30.77109849122807)"
,1800032,,486,100018,,,,,,connector with residential,-1,"LINESTRING (103.9843028 30.7710298 ,103.98617626491229 30.77109849122807)"
,1800033,,490,100018,,,,,,connector with residential,-1,"LINESTRING (103.9865627 30.7707966 ,103.98617626491229 30.77109849122807)"
,1800034,,492,100018,,,,,,connector with residential,-1,"LINESTRING (103.9862548 30.7708203 ,103.98617626491229 30.77109849122807)"
,1800035,,493,100018,,,,,,connector with residential,-1,"LINESTRING (103.985693 30.7702643 ,103.98617626491229 30.77109849122807)"
,1800036,,494,100018,,,,,,connector with residential,-1,"LINESTRING (103.985405 30.7702829 ,103.98617626491229 30.77109849122807)"
,1800037,,501,100018,,,,,,connector with residential,-1,"LINESTRING (103.9842535 30.7701666 ,103.98617626491229 30.77109849122807)"
,1800038,,503,100018,,,,,,connector with residential,-1,"LINESTRING (103.9846588 30.7700867 ,103.98617626491229 30.77109849122807)"
,1800039,,532,100018,,,,,,connector with residential,-1,"LINESTRING (103.9836313 30.7711735 ,103.98617626491229 30.77109849122807)"
,1800040,,536,100018,,,,,,connector with residential,-1,"LINESTRING (103.9856157 30.7702509 ,103.98617626491229 30.77109849122807)"
,1800041,,537,100018,,,,,,connector with residential,-1,"LINESTRING (103.9857114 30.7700141 ,103.98617626491229 30.77109849122807)"
,1800042,,538,100018,,,,,,connector with residential,-1,"LINESTRING (103.9855663 30.769961 ,103.98617626491229 30.77109849122807)"
,1800043,,539,100018,,,,,,connector with residential,-1,"LINESTRING (103.9854669 30.7701593 ,103.98617626491229 30.77109849122807)"
,1800044,,541,100018,,,,,,connector with residential,-1,"LINESTRING (103.9837738 30.77016 ,103.98617626491229 30.77109849122807)"
,1800045,,1231,100018,,,,,,connector with poi,-1,"LINESTRING (103.9863564 30.7724128 ,103.98617626491229 30.77109849122807)"
,1800046,,1232,100018,,,,,,connector with poi,-1,"LINESTRING (103.9873636 30.7728547 ,103.98617626491229 30.77109849122807)"
,1800047,,1233,100018,,,,,,connector with poi,-1,"LINESTRING (103.9878201 30.7722078 ,103.98617626491229 30.77109849122807)"
,1800048,,1234,100018,,,,,,connector with poi,-1,"LINESTRING (103.9872732 30.7720136 ,103.98617626491229 30.77109849122807)"
,1800049,,1235,100018,,,,,,connector with poi,-1,"LINESTRING (103.9867762 30.7717721 ,103.98617626491229 30.77109849122807)"
,2300000,,296,100023,,,,,,connector with residential,-1,"LINESTRING (103.9568887 30.767325 ,103.95666035555557 30.765681088888886)"
,2300001,,298,100023,,,,,,connector with residential,-1,"LINESTRING (103.9566376 30.7648431 ,103.95666035555557 30.765681088888886)"
,2300002,,680,100023,,,,,,connector with residential,-1,"LINESTRING (103.9569609 30.7647334 ,103.95666035555557 30.765681088888886)"
,2300003,,833,100023,,,,,,connector with residential,-1,"LINESTRING (103.9565 30.7646577 ,103.95666035555557 30.765681088888886)"
,2300004,,1060,100023,,,,,,connector with poi,-1,"LINESTRING (103.9560612 30.7654395 ,103.95666035555557 30.765681088888886)"
,2300005,,1219,100023,,,,,,connector with poi,-1,"LINESTRING (103.956592 30.7667418 ,103.95666035555557 30.765681088888886)"
,2300006,,1220,100023,,,,,,connector with poi,-1,"LINESTRING (103.9565936 30.7642838 ,103.95666035555557 30.765681088888886)"
,2300007,,1221,100023,,,,,,connector with poi,-1,"LINESTRING (103.9568834 30.7677545 ,103.95666035555557 30.765681088888886)"
,2300008,,1264,100023,,,,,,connector with poi,-1,"LINESTRING (103.9568258 30.765351 ,103.95666035555557 30.765681088888886)"
,2400000,,297,100024,,,,,,connector with residential,-1,"LINESTRING (103.9585822 30.7654701 ,103.95985405000002 30.765662039999995)"
,2400001,,301,100024,,,,,,connector with residential,-1,"LINESTRING (103.9582338 30.7667006 ,103.95985405000002 30.765662039999995)"
,2400002,,302,100024,,,,,,connector with residential,-1,"LINESTRING (103.9579957 30.7660321 ,103.95985405000002 30.765662039999995)"
,2400003,,679,100024,,,,,,connector with residential,-1,"LINESTRING (103.958092 30.7667166 ,103.95985405000002 30.765662039999995)"
,2400004,,681,100024,,,,,,connector with residential,-1,"LINESTRING (103.9578006 30.7657303 ,103.95985405000002 30.765662039999995)"
,2400005,,1086,100024,,,,,,connector with poi,-1,"LINESTRING (103.961727 30.764379 ,103.95985405000002 30.765662039999995)"
,2400006,,1087,100024,,,,,,connector with poi,-1,"LINESTRING (103.9622963 30.7648912 ,103.95985405000002 30.765662039999995)"
,2400007,,1103,100024,,,,,,connector with poi,-1,"LINESTRING (103.962137 30.7641037 ,103.95985405000002 30.765662039999995)"
,2400008,,1249,100024,,,,,,connector with poi,-1,"LINESTRING (103.9616313 30.7680724 ,103.95985405000002 30.765662039999995)"
,2400009,,1261,100024,,,,,,connector with poi,-1,"LINESTRING (103.9600446 30.7645244 ,103.95985405000002 30.765662039999995)"
,2500000,,926,100025,,,,,,connector with poi,-1,"LINESTRING (103.9675496 30.7647738 ,103.96451774166667 30.76516761666667)"
,2500001,,927,100025,,,,,,connector with poi,-1,"LINESTRING (103.9664964 30.7666312 ,103.96451774166667 30.76516761666667)"
,2500002,,936,100025,,,,,,connector with poi,-1,"LINESTRING (103.9677096 30.7658695 ,103.96451774166667 30.76516761666667)"
,2500003,,1006,100025,,,,,,connector with poi,-1,"LINESTRING (103.9639664 30.7642547 ,103.96451774166667 30.76516761666667)"
,2500004,,1088,100025,,,,,,connector with poi,-1,"LINESTRING (103.9630351 30.7641806 ,103.96451774166667 30.76516761666667)"
,2500005,,1090,100025,,,,,,connector with poi,-1,"LINESTRING (103.9631899 30.7645072 ,103.96451774166667 30.76516761666667)"
,2500006,,1091,100025,,,,,,connector with poi,-1,"LINESTRING (103.9633794 30.7644067 ,103.96451774166667 30.76516761666667)"
,2500007,,1092,100025,,,,,,connector with poi,-1,"LINESTRING (103.9634338 30.7647251 ,103.96451774166667 30.76516761666667)"
,2500008,,1093,100025,,,,,,connector with poi,-1,"LINESTRING (103.9629163 30.7649338 ,103.96451774166667 30.76516761666667)"
,2500009,,1104,100025,,,,,,connector with poi,-1,"LINESTRING (103.9626652 30.7646571 ,103.96451774166667 30.76516761666667)"
,2500010,,1105,100025,,,,,,connector with poi,-1,"LINESTRING (103.9626118 30.7651295 ,103.96451774166667 30.76516761666667)"
,2500011,,1265,100025,,,,,,connector with poi,-1,"LINESTRING (103.9672594 30.7679422 ,103.96451774166667 30.76516761666667)"
,2600000,,318,100026,,,,,,connector with residential,-1,"LINESTRING (103.9704669 30.7661496 ,103.96991535833331 30.767173558333337)"
,2600001,,319,100026,,,,,,connector with residential,-1,"LINESTRING (103.972567 30.7642127 ,103.96991535833331 30.767173558333337)"
,2600002,,924,100026,,,,,,connector with poi,-1,"LINESTRING (103.9706283 30.7678945 ,103.96991535833331 30.767173558333337)"
,2600003,,925,100026,,,,,,connector with poi,-1,"LINESTRING (103.9678277 30.7676017 ,103.96991535833331 30.767173558333337)"
,2600004,,928,100026,,,,,,connector with poi,-1,"LINESTRING (103.9690663 30.7664742 ,103.96991535833331 30.767173558333337)"
,2600005,,929,100026,,,,,,connector with poi,-1,"LINESTRING (103.9694439 30.7669574 ,103.96991535833331 30.767173558333337)"
,2600006,,930,100026,,,,,,connector with poi,-1,"LINESTRING (103.9684963 30.7681073 ,103.96991535833331 30.767173558333337)"
,2600007,,931,100026,,,,,,connector with poi,-1,"LINESTRING (103.9712453 30.7686208 ,103.96991535833331 30.767173558333337)"
,2600008,,932,100026,,,,,,connector with poi,-1,"LINESTRING (103.9687539 30.7662928 ,103.96991535833331 30.767173558333337)"
,2600009,,933,100026,,,,,,connector with poi,-1,"LINESTRING (103.9690197 30.7658081 ,103.96991535833331 30.767173558333337)"
,2600010,,934,100026,,,,,,connector with poi,-1,"LINESTRING (103.9707608 30.7688402 ,103.96991535833331 30.767173558333337)"
,2600011,,935,100026,,,,,,connector with poi,-1,"LINESTRING (103.9707082 30.7691234 ,103.96991535833331 30.767173558333337)"
,2700000,,72,100027,,,,,,connector with residential,-1,"LINESTRING (103.9768216 30.7678156 ,103.97573074333334 30.76671955333334)"
,2700001,,315,100027,,,,,,connector with residential,-1,"LINESTRING (103.973845 30.7651477 ,103.97573074333334 30.76671955333334)"
,2700002,,856,100027,,,,,,connector with poi,-1,"LINESTRING (103.9775617 30.7687794 ,103.97573074333334 30.76671955333334)"
,2700003,,859,100027,,,,,,connector with poi,-1,"LINESTRING (103.9769758 30.7682672 ,103.97573074333334 30.76671955333334)"
,2700004,,962,100027,,,,,,connector with poi,-1,"LINESTRING (103.974799 30.767801 ,103.97573074333334 30.76671955333334)"
,2700005,,963,100027,,,,,,connector with poi,-1,"LINESTRING (103.9741645 30.7671848 ,103.97573074333334 30.76671955333334)"
,2700006,,964,100027,,,,,,connector with poi,-1,"LINESTRING (103.9752709 30.7675778 ,103.97573074333334 30.76671955333334)"
,2700007,,965,100027,,,,,,connector with poi,-1,"LINESTRING (103.9757307 30.7669824 ,103.97573074333334 30.76671955333334)"
,2700008,,966,100027,,,,,,connector with poi,-1,"LINESTRING (103.9763925 30.7661214 ,103.97573074333334 30.76671955333334)"
,2700009,,967,100027,,,,,,connector with poi,-1,"LINESTRING (103.9768731 30.7655217 ,103.97573074333334 30.76671955333334)"
,2700010,,968,100027,,,,,,connector with poi,-1,"LINESTRING (103.9770149 30.765027 ,103.97573074333334 30.76671955333334)"
,2700011,,969,100027,,,,,,connector with poi,-1,"LINESTRING (103.9765338 30.7653041 ,103.97573074333334 30.76671955333334)"
,2700012,,970,100027,,,,,,connector with poi,-1,"LINESTRING (103.9761783 30.7651244 ,103.97573074333334 30.76671955333334)"
,2700013,,971,100027,,,,,,connector with poi,-1,"LINESTRING (103.9755433 30.7655527 ,103.97573074333334 30.76671955333334)"
,2700014,,972,100027,,,,,,connector with poi,-1,"LINESTRING (103.9759711 30.7657632 ,103.97573074333334 30.76671955333334)"
,2700015,,973,100027,,,,,,connector with poi,-1,"LINESTRING (103.9774791 30.7653392 ,103.97573074333334 30.76671955333334)"
,2700016,,974,100027,,,,,,connector with poi,-1,"LINESTRING (103.9771668 30.7657596 ,103.97573074333334 30.76671955333334)"
,2700017,,975,100027,,,,,,connector with poi,-1,"LINESTRING (103.9766685 30.7663929 ,103.97573074333334 30.76671955333334)"
,2700018,,976,100027,,,,,,connector with poi,-1,"LINESTRING (103.9760601 30.7671821 ,103.97573074333334 30.76671955333334)"
,2700019,,977,100027,,,,,,connector with poi,-1,"LINESTRING (103.9756687 30.7676795 ,103.97573074333334 30.76671955333334)"
,2700020,,978,100027,,,,,,connector with poi,-1,"LINESTRING (103.9753933 30.7680461 ,103.97573074333334 30.76671955333334)"
,2700021,,979,100027,,,,,,connector with poi,-1,"LINESTRING (103.9740372 30.7666129 ,103.97573074333334 30.76671955333334)"
,2700022,,980,100027,,,,,,connector with poi,-1,"LINESTRING (103.9744586 30.766745 ,103.97573074333334 30.76671955333334)"
,2700023,,981,100027,,,,,,connector with poi,-1,"LINESTRING (103.9747179 30.7670685 ,103.97573074333334 30.76671955333334)"
,2700024,,982,100027,,,,,,connector with poi,-1,"LINESTRING (103.9750082 30.7672277 ,103.97573074333334 30.76671955333334)"
,2700025,,983,100027,,,,,,connector with poi,-1,"LINESTRING (103.9754719 30.7666383 ,103.97573074333334 30.76671955333334)"
,2700026,,984,100027,,,,,,connector with poi,-1,"LINESTRING (103.9751382 30.7664882 ,103.97573074333334 30.76671955333334)"
,2700027,,985,100027,,,,,,connector with poi,-1,"LINESTRING (103.9748635 30.7661111 ,103.97573074333334 30.76671955333334)"
,2700028,,1215,100027,,,,,,connector with poi,-1,"LINESTRING (103.9767612 30.76873 ,103.97573074333334 30.76671955333334)"
,2700029,,1260,100027,,,,,,connector with poi,-1,"LINESTRING (103.9733529 30.7675951 ,103.97573074333334 30.76671955333334)"
,2800000,,29,100028,,,,,,connector with residential,-1,"LINESTRING (103.9794281 30.7646016 ,103.98158731818181 30.7655102590909)"
,2800001,,65,100028,,,,,,connector with residential,-1,"LINESTRING (103.9826875 30.7665054 ,103.98158731818181 30.7655102590909)"
,2800002,,74,100028,,,,,,connector with residential,-1,"LINESTRING (103.9827678 30.7663763 ,103.98158731818181 30.7655102590909)"
,2800003,,361,100028,,,,,,connector with residential,-1,"LINESTRING (103.9795068 30.7645018 ,103.98158731818181 30.7655102590909)"
,2800004,,847,100028,,,,,,connector with poi,-1,"LINESTRING (103.983171 30.768802 ,103.98158731818181 30.7655102590909)"
,2800005,,849,100028,,,,,,connector with poi,-1,"LINESTRING (103.9811428 30.767094 ,103.98158731818181 30.7655102590909)"
,2800006,,852,100028,,,,,,connector with poi,-1,"LINESTRING (103.9806168 30.7660262 ,103.98158731818181 30.7655102590909)"
,2800007,,853,100028,,,,,,connector with poi,-1,"LINESTRING (103.9818394 30.7666622 ,103.98158731818181 30.7655102590909)"
,2800008,,854,100028,,,,,,connector with poi,-1,"LINESTRING (103.9812984 30.7661823 ,103.98158731818181 30.7655102590909)"
,2800009,,855,100028,,,,,,connector with poi,-1,"LINESTRING (103.9816527 30.7664033 ,103.98158731818181 30.7655102590909)"
,2800010,,1200,100028,,,,,,connector with poi,-1,"LINESTRING (103.9827566 30.7641317 ,103.98158731818181 30.7655102590909)"
,2800011,,1201,100028,,,,,,connector with poi,-1,"LINESTRING (103.9821994 30.7640626 ,103.98158731818181 30.7655102590909)"
,2800012,,1203,100028,,,,,,connector with poi,-1,"LINESTRING (103.9820511 30.7650341 ,103.98158731818181 30.7655102590909)"
,2800013,,1204,100028,,,,,,connector with poi,-1,"LINESTRING (103.9817741 30.7646144 ,103.98158731818181 30.7655102590909)"
,2800014,,1205,100028,,,,,,connector with poi,-1,"LINESTRING (103.9811207 30.7642476 ,103.98158731818181 30.7655102590909)"
,2800015,,1206,100028,,,,,,connector with poi,-1,"LINESTRING (103.9807754 30.7646013 ,103.98158731818181 30.7655102590909)"
,2800016,,1207,100028,,,,,,connector with poi,-1,"LINESTRING (103.9814268 30.7650084 ,103.98158731818181 30.7655102590909)"
,2800017,,1242,100028,,,,,,connector with poi,-1,"LINESTRING (103.982524 30.7657392 ,103.98158731818181 30.7655102590909)"
,2800018,,1243,100028,,,,,,connector with poi,-1,"LINESTRING (103.9828738 30.7652982 ,103.98158731818181 30.7655102590909)"
,2800019,,1244,100028,,,,,,connector with poi,-1,"LINESTRING (103.9831957 30.7648326 ,103.98158731818181 30.7655102590909)"
,2800020,,1250,100028,,,,,,connector with poi,-1,"LINESTRING (103.9819429 30.7656379 ,103.98158731818181 30.7655102590909)"
,2800021,,1268,100028,,,,,,connector with poi,-1,"LINESTRING (103.9781692 30.7648626 ,103.98158731818181 30.7655102590909)"
,2900000,,26,100029,,,,,,connector with residential,-1,"LINESTRING (103.9842812 30.7640559 ,103.98599201785714 30.765444232142862)"
,2900001,,34,100029,,,,,,connector with residential,-1,"LINESTRING (103.9834177 30.7652691 ,103.98599201785714 30.765444232142862)"
,2900002,,36,100029,,,,,,connector with residential,-1,"LINESTRING (103.9870888 30.7644486 ,103.98599201785714 30.765444232142862)"
,2900003,,41,100029,,,,,,connector with residential,-1,"LINESTRING (103.9840947 30.7642781 ,103.98599201785714 30.765444232142862)"
,2900004,,45,100029,,,,,,connector with residential,-1,"LINESTRING (103.9873347 30.7641976 ,103.98599201785714 30.765444232142862)"
,2900005,,46,100029,,,,,,connector with residential,-1,"LINESTRING (103.9872008 30.7643343 ,103.98599201785714 30.765444232142862)"
,2900006,,50,100029,,,,,,connector with residential,-1,"LINESTRING (103.9874587 30.7640614 ,103.98599201785714 30.765444232142862)"
,2900007,,51,100029,,,,,,connector with residential,-1,"LINESTRING (103.9869856 30.7645603 ,103.98599201785714 30.765444232142862)"
,2900008,,53,100029,,,,,,connector with residential,-1,"LINESTRING (103.9841902 30.7641643 ,103.98599201785714 30.765444232142862)"
,2900009,,54,100029,,,,,,connector with residential,-1,"LINESTRING (103.9833525 30.7653872 ,103.98599201785714 30.765444232142862)"
,2900010,,57,100029,,,,,,connector with residential,-1,"LINESTRING (103.9840098 30.7643794 ,103.98599201785714 30.765444232142862)"
,2900011,,66,100029,,,,,,connector with residential,-1,"LINESTRING (103.9868107 30.764748 ,103.98599201785714 30.765444232142862)"
,2900012,,67,100029,,,,,,connector with residential,-1,"LINESTRING (103.9883514 30.764263 ,103.98599201785714 30.765444232142862)"
,2900013,,79,100029,,,,,,connector with residential,-1,"LINESTRING (103.9878461 30.7681256 ,103.98599201785714 30.765444232142862)"
,2900014,,86,100029,,,,,,connector with residential,-1,"LINESTRING (103.9879545 30.7640322 ,103.98599201785714 30.765444232142862)"
,2900015,,498,100029,,,,,,connector with residential,-1,"LINESTRING (103.9835619 30.7650376 ,103.98599201785714 30.765444232142862)"
,2900016,,504,100029,,,,,,connector with residential,-1,"LINESTRING (103.988492 30.7643628 ,103.98599201785714 30.765444232142862)"
,2900017,,845,100029,,,,,,connector with poi,-1,"LINESTRING (103.9835685 30.7672663 ,103.98599201785714 30.765444232142862)"
,2900018,,850,100029,,,,,,connector with poi,-1,"LINESTRING (103.9879921 30.7662423 ,103.98599201785714 30.765444232142862)"
,2900019,,860,100029,,,,,,connector with poi,-1,"LINESTRING (103.9877074 30.7643912 ,103.98599201785714 30.765444232142862)"
,2900020,,1222,100029,,,,,,connector with poi,-1,"LINESTRING (103.985515 30.7690568 ,103.98599201785714 30.765444232142862)"
,2900021,,1245,100029,,,,,,connector with poi,-1,"LINESTRING (103.9835122 30.7644017 ,103.98599201785714 30.765444232142862)"
,2900022,,1246,100029,,,,,,connector with poi,-1,"LINESTRING (103.9839063 30.768203 ,103.98599201785714 30.765444232142862)"
,2900023,,1274,100029,,,,,,connector with poi,-1,"LINESTRING (103.9865104 30.7650177 ,103.98599201785714 30.765444232142862)"
,2900024,,1275,100029,,,,,,connector with poi,-1,"LINESTRING (103.9854639 30.7661086 ,103.98599201785714 30.765444232142862)"
,2900025,,1276,100029,,,,,,connector with poi,-1,"LINESTRING (103.9871203 30.7673372 ,103.98599201785714 30.765444232142862)"
,2900026,,1277,100029,,,,,,connector with poi,-1,"LINESTRING (103.9879921 30.7662423 ,103.98599201785714 30.765444232142862)"
,2900027,,1279,100029,,,,,,connector with poi,-1,"LINESTRING (103.986057 30.768466 ,103.98599201785714 30.765444232142862)"
,3000000,,87,100030,,,,,,connector with residential,-1,"LINESTRING (103.9887995 30.7640348 ,103.99197259444445 30.765588533333332)"
,3000001,,1140,100030,,,,,,connector with poi,-1,"LINESTRING (103.9919569 30.7662067 ,103.99197259444445 30.765588533333332)"
,3000002,,1141,100030,,,,,,connector with poi,-1,"LINESTRING (103.9915857 30.7661047 ,103.99197259444445 30.765588533333332)"
,3000003,,1142,100030,,,,,,connector with poi,-1,"LINESTRING (103.9918294 30.765626 ,103.99197259444445 30.765588533333332)"
,3000004,,1143,100030,,,,,,connector with poi,-1,"LINESTRING (103.9922231 30.7648265 ,103.99197259444445 30.765588533333332)"
,3000005,,1144,100030,,,,,,connector with poi,-1,"LINESTRING (103.9928144 30.766249 ,103.99197259444445 30.765588533333332)"
,3000006,,1145,100030,,,,,,connector with poi,-1,"LINESTRING (103.99245 30.7658196 ,103.99197259444445 30.765588533333332)"
,3000007,,1146,100030,,,,,,connector with poi,-1,"LINESTRING (103.9925869 30.7655136 ,103.99197259444445 30.765588533333332)"
,3000008,,1147,100030,,,,,,connector with poi,-1,"LINESTRING (103.9933745 30.7661466 ,103.99197259444445 30.765588533333332)"
,3000009,,1148,100030,,,,,,connector with poi,-1,"LINESTRING (103.9934107 30.7659931 ,103.99197259444445 30.765588533333332)"
,3000010,,1149,100030,,,,,,connector with poi,-1,"LINESTRING (103.9934928 30.7657493 ,103.99197259444445 30.765588533333332)"
,3000011,,1150,100030,,,,,,connector with poi,-1,"LINESTRING (103.9926921 30.7652358 ,103.99197259444445 30.765588533333332)"
,3000012,,1151,100030,,,,,,connector with poi,-1,"LINESTRING (103.992927 30.7651462 ,103.99197259444445 30.765588533333332)"
,3000013,,1152,100030,,,,,,connector with poi,-1,"LINESTRING (103.9931734 30.7650307 ,103.99197259444445 30.765588533333332)"
,3000014,,1153,100030,,,,,,connector with poi,-1,"LINESTRING (103.9931087 30.764635 ,103.99197259444445 30.765588533333332)"
,3000015,,1216,100030,,,,,,connector with poi,-1,"LINESTRING (103.9909827 30.7689205 ,103.99197259444445 30.765588533333332)"
,3000016,,1263,100030,,,,,,connector with poi,-1,"LINESTRING (103.9893987 30.7641887 ,103.99197259444445 30.765588533333332)"
,3000017,,1278,100030,,,,,,connector with poi,-1,"LINESTRING (103.9887002 30.7651668 ,103.99197259444445 30.765588533333332)"
,3400000,,1094,100034,,,,,,connector with poi,-1,"LINESTRING (103.9539484 30.7599487 ,103.9539484 30.7599487)"
,3500000,,1055,100035,,,,,,connector with poi,-1,"LINESTRING (103.9620767 30.7620945 ,103.96179395294116 30.762977229411764)"
,3500001,,1061,100035,,,,,,connector with poi,-1,"LINESTRING (103.9623684 30.7632531 ,103.96179395294116 30.762977229411764)"
,3500002,,1064,100035,,,,,,connector with poi,-1,"LINESTRING (103.9622131 30.7630967 ,103.96179395294116 30.762977229411764)"
,3500003,,1067,100035,,,,,,connector with poi,-1,"LINESTRING (103.9620836 30.7629179 ,103.96179395294116 30.762977229411764)"
,3500004,,1068,100035,,,,,,connector with poi,-1,"LINESTRING (103.962531 30.7625999 ,103.96179395294116 30.762977229411764)"
,3500005,,1070,100035,,,,,,connector with poi,-1,"LINESTRING (103.9619192 30.7627382 ,103.96179395294116 30.762977229411764)"
,3500006,,1071,100035,,,,,,connector with poi,-1,"LINESTRING (103.9623623 30.7624533 ,103.96179395294116 30.762977229411764)"
,3500007,,1073,100035,,,,,,connector with poi,-1,"LINESTRING (103.9617248 30.7625337 ,103.96179395294116 30.762977229411764)"
,3500008,,1074,100035,,,,,,connector with poi,-1,"LINESTRING (103.962176 30.7622342 ,103.96179395294116 30.762977229411764)"
,3500009,,1079,100035,,,,,,connector with poi,-1,"LINESTRING (103.9615976 30.7629769 ,103.96179395294116 30.762977229411764)"
,3500010,,1080,100035,,,,,,connector with poi,-1,"LINESTRING (103.9608674 30.7634877 ,103.96179395294116 30.762977229411764)"
,3500011,,1081,100035,,,,,,connector with poi,-1,"LINESTRING (103.9611142 30.7633381 ,103.96179395294116 30.762977229411764)"
,3500012,,1082,100035,,,,,,connector with poi,-1,"LINESTRING (103.961421 30.7635832 ,103.96179395294116 30.762977229411764)"
,3500013,,1083,100035,,,,,,connector with poi,-1,"LINESTRING (103.961315 30.7630682 ,103.96179395294116 30.762977229411764)"
,3500014,,1084,100035,,,,,,connector with poi,-1,"LINESTRING (103.9616062 30.7639691 ,103.96179395294116 30.762977229411764)"
,3500015,,1085,100035,,,,,,connector with poi,-1,"LINESTRING (103.9619277 30.7635368 ,103.96179395294116 30.762977229411764)"
,3500016,,1106,100035,,,,,,connector with poi,-1,"LINESTRING (103.961193 30.7627314 ,103.96179395294116 30.762977229411764)"
,3600000,,223,100036,,,,,,connector with residential,-1,"LINESTRING (103.9633225 30.7609456 ,103.96500523214284 30.761833304761904)"
,3600001,,224,100036,,,,,,connector with residential,-1,"LINESTRING (103.9644166 30.7623174 ,103.96500523214284 30.761833304761904)"
,3600002,,225,100036,,,,,,connector with residential,-1,"LINESTRING (103.9644919 30.7624113 ,103.96500523214284 30.761833304761904)"
,3600003,,227,100036,,,,,,connector with residential,-1,"LINESTRING (103.9647724 30.7627613 ,103.96500523214284 30.761833304761904)"
,3600004,,229,100036,,,,,,connector with residential,-1,"LINESTRING (103.9648623 30.7628735 ,103.96500523214284 30.761833304761904)"
,3600005,,235,100036,,,,,,connector with residential,-1,"LINESTRING (103.9642395 30.7603397 ,103.96500523214284 30.761833304761904)"
,3600006,,237,100036,,,,,,connector with residential,-1,"LINESTRING (103.9651509 30.7632335 ,103.96500523214284 30.761833304761904)"
,3600007,,239,100036,,,,,,connector with residential,-1,"LINESTRING (103.9652244 30.7633252 ,103.96500523214284 30.761833304761904)"
,3600008,,241,100036,,,,,,connector with residential,-1,"LINESTRING (103.965622 30.7638181 ,103.96500523214284 30.761833304761904)"
,3600009,,256,100036,,,,,,connector with residential,-1,"LINESTRING (103.9649876 30.7630298 ,103.96500523214284 30.761833304761904)"
,3600010,,602,100036,,,,,,connector with residential,-1,"LINESTRING (103.9656747 30.7638764 ,103.96500523214284 30.761833304761904)"
,3600011,,1003,100036,,,,,,connector with poi,-1,"LINESTRING (103.9646646 30.7635853 ,103.96500523214284 30.761833304761904)"
,3600012,,1004,100036,,,,,,connector with poi,-1,"LINESTRING (103.9641208 30.7632315 ,103.96500523214284 30.761833304761904)"
,3600013,,1005,100036,,,,,,connector with poi,-1,"LINESTRING (103.964005 30.7627909 ,103.96500523214284 30.761833304761904)"
,3600014,,1007,100036,,,,,,connector with poi,-1,"LINESTRING (103.9644177 30.7626484 ,103.96500523214284 30.761833304761904)"
,3600015,,1008,100036,,,,,,connector with poi,-1,"LINESTRING (103.9648105 30.7638967 ,103.96500523214284 30.761833304761904)"
,3600016,,1010,100036,,,,,,connector with poi,-1,"LINESTRING (103.9653002 30.7622137 ,103.96500523214284 30.761833304761904)"
,3600017,,1011,100036,,,,,,connector with poi,-1,"LINESTRING (103.9656689 30.7626791 ,103.96500523214284 30.761833304761904)"
,3600018,,1012,100036,,,,,,connector with poi,-1,"LINESTRING (103.9659715 30.7630384 ,103.96500523214284 30.761833304761904)"
,3600019,,1013,100036,,,,,,connector with poi,-1,"LINESTRING (103.9659451 30.7632436 ,103.96500523214284 30.761833304761904)"
,3600020,,1014,100036,,,,,,connector with poi,-1,"LINESTRING (103.9667337 30.7614143 ,103.96500523214284 30.761833304761904)"
,3600021,,1015,100036,,,,,,connector with poi,-1,"LINESTRING (103.967052 30.7620069 ,103.96500523214284 30.761833304761904)"
,3600022,,1016,100036,,,,,,connector with poi,-1,"LINESTRING (103.9648493 30.7621431 ,103.96500523214284 30.761833304761904)"
,3600023,,1017,100036,,,,,,connector with poi,-1,"LINESTRING (103.965443 30.7618107 ,103.96500523214284 30.761833304761904)"
,3600024,,1018,100036,,,,,,connector with poi,-1,"LINESTRING (103.9661363 30.7614175 ,103.96500523214284 30.761833304761904)"
,3600025,,1019,100036,,,,,,connector with poi,-1,"LINESTRING (103.9666239 30.7611444 ,103.96500523214284 30.761833304761904)"
,3600026,,1020,100036,,,,,,connector with poi,-1,"LINESTRING (103.9670798 30.7608909 ,103.96500523214284 30.761833304761904)"
,3600027,,1021,100036,,,,,,connector with poi,-1,"LINESTRING (103.9659642 30.7618443 ,103.96500523214284 30.761833304761904)"
,3600028,,1022,100036,,,,,,connector with poi,-1,"LINESTRING (103.9663192 30.7623085 ,103.96500523214284 30.761833304761904)"
,3600029,,1023,100036,,,,,,connector with poi,-1,"LINESTRING (103.9666097 30.7626876 ,103.96500523214284 30.761833304761904)"
,3600030,,1024,100036,,,,,,connector with poi,-1,"LINESTRING (103.9654941 30.7624353 ,103.96500523214284 30.761833304761904)"
,3600031,,1025,100036,,,,,,connector with poi,-1,"LINESTRING (103.9655902 30.7630527 ,103.96500523214284 30.761833304761904)"
,3600032,,1026,100036,,,,,,connector with poi,-1,"LINESTRING (103.9661419 30.7627406 ,103.96500523214284 30.761833304761904)"
,3600033,,1027,100036,,,,,,connector with poi,-1,"LINESTRING (103.9664988 30.7625412 ,103.96500523214284 30.761833304761904)"
,3600034,,1028,100036,,,,,,connector with poi,-1,"LINESTRING (103.9664244 30.7619055 ,103.96500523214284 30.761833304761904)"
,3600035,,1029,100036,,,,,,connector with poi,-1,"LINESTRING (103.9668858 30.7616477 ,103.96500523214284 30.761833304761904)"
,3600036,,1030,100036,,,,,,connector with poi,-1,"LINESTRING (103.9673576 30.7613824 ,103.96500523214284 30.761833304761904)"
,3600037,,1031,100036,,,,,,connector with poi,-1,"LINESTRING (103.9643151 30.7606179 ,103.96500523214284 30.761833304761904)"
,3600038,,1032,100036,,,,,,connector with poi,-1,"LINESTRING (103.964589 30.7608916 ,103.96500523214284 30.761833304761904)"
,3600039,,1033,100036,,,,,,connector with poi,-1,"LINESTRING (103.9646819 30.7615413 ,103.96500523214284 30.761833304761904)"
,3600040,,1034,100036,,,,,,connector with poi,-1,"LINESTRING (103.9651641 30.7612487 ,103.96500523214284 30.761833304761904)"
,3600041,,1035,100036,,,,,,connector with poi,-1,"LINESTRING (103.9647896 30.7602773 ,103.96500523214284 30.761833304761904)"
,3600042,,1036,100036,,,,,,connector with poi,-1,"LINESTRING (103.9653892 30.7598798 ,103.96500523214284 30.761833304761904)"
,3600043,,1037,100036,,,,,,connector with poi,-1,"LINESTRING (103.9658412 30.759567 ,103.96500523214284 30.761833304761904)"
,3600044,,1038,100036,,,,,,connector with poi,-1,"LINESTRING (103.9649461 30.7605738 ,103.96500523214284 30.761833304761904)"
,3600045,,1039,100036,,,,,,connector with poi,-1,"LINESTRING (103.9656123 30.7610666 ,103.96500523214284 30.761833304761904)"
,3600046,,1040,100036,,,,,,connector with poi,-1,"LINESTRING (103.9655288 30.760737 ,103.96500523214284 30.761833304761904)"
,3600047,,1041,100036,,,,,,connector with poi,-1,"LINESTRING (103.9656839 30.7609068 ,103.96500523214284 30.761833304761904)"
,3600048,,1042,100036,,,,,,connector with poi,-1,"LINESTRING (103.9653868 30.7603989 ,103.96500523214284 30.761833304761904)"
,3600049,,1043,100036,,,,,,connector with poi,-1,"LINESTRING (103.9660336 30.7606952 ,103.96500523214284 30.761833304761904)"
,3700000,,1009,100037,,,,,,connector with poi,-1,"LINESTRING (103.9697361 30.7602711 ,103.9697361 30.7602711)"
,3800000,,117,100038,,,,,,connector with residential,-1,"LINESTRING (103.9748502 30.762048 ,103.97651280999999 30.761607010000006)"
,3800001,,181,100038,,,,,,connector with residential,-1,"LINESTRING (103.9747626 30.7621319 ,103.97651280999999 30.761607010000006)"
,3800002,,270,100038,,,,,,connector with residential,-1,"LINESTRING (103.9764273 30.7628983 ,103.97651280999999 30.761607010000006)"
,3800003,,316,100038,,,,,,connector with residential,-1,"LINESTRING (103.9763539 30.7629799 ,103.97651280999999 30.761607010000006)"
,3800004,,562,100038,,,,,,connector with residential,-1,"LINESTRING (103.978129 30.7589106 ,103.97651280999999 30.761607010000006)"
,3800005,,986,100038,,,,,,connector with poi,-1,"LINESTRING (103.9777459 30.7627751 ,103.97651280999999 30.761607010000006)"
,3800006,,1255,100038,,,,,,connector with poi,-1,"LINESTRING (103.9763312 30.7591742 ,103.97651280999999 30.761607010000006)"
,3800007,,1256,100038,,,,,,connector with poi,-1,"LINESTRING (103.9771247 30.7594275 ,103.97651280999999 30.761607010000006)"
,3800008,,1259,100038,,,,,,connector with poi,-1,"LINESTRING (103.9762482 30.7619824 ,103.97651280999999 30.761607010000006)"
,3800009,,1267,100038,,,,,,connector with poi,-1,"LINESTRING (103.9771551 30.7637422 ,103.97651280999999 30.761607010000006)"
,3900000,,47,100039,,,,,,connector with residential,-1,"LINESTRING (103.9828463 30.7601372 ,103.9804281125 30.761642059375006)"
,3900001,,180,100039,,,,,,connector with residential,-1,"LINESTRING (103.9782119 30.7588512 ,103.9804281125 30.761642059375006)"
,3900002,,269,100039,,,,,,connector with residential,-1,"LINESTRING (103.9795717 30.7599442 ,103.9804281125 30.761642059375006)"
,3900003,,271,100039,,,,,,connector with residential,-1,"LINESTRING (103.9795002 30.7600395 ,103.9804281125 30.761642059375006)"
,3900004,,583,100039,,,,,,connector with residential,-1,"LINESTRING (103.9827583 30.7602587 ,103.9804281125 30.761642059375006)"
,3900005,,584,100039,,,,,,connector with residential,-1,"LINESTRING (103.9825695 30.7605193 ,103.9804281125 30.761642059375006)"
,3900006,,846,100039,,,,,,connector with poi,-1,"LINESTRING (103.9821839 30.7616342 ,103.9804281125 30.761642059375006)"
,3900007,,848,100039,,,,,,connector with poi,-1,"LINESTRING (103.9808554 30.7633545 ,103.9804281125 30.761642059375006)"
,3900008,,987,100039,,,,,,connector with poi,-1,"LINESTRING (103.9781578 30.7622445 ,103.9804281125 30.761642059375006)"
,3900009,,988,100039,,,,,,connector with poi,-1,"LINESTRING (103.9787943 30.7619302 ,103.9804281125 30.761642059375006)"
,3900010,,989,100039,,,,,,connector with poi,-1,"LINESTRING (103.978807 30.7612017 ,103.9804281125 30.761642059375006)"
,3900011,,990,100039,,,,,,connector with poi,-1,"LINESTRING (103.978763 30.7614521 ,103.9804281125 30.761642059375006)"
,3900012,,991,100039,,,,,,connector with poi,-1,"LINESTRING (103.9790447 30.7616871 ,103.9804281125 30.761642059375006)"
,3900013,,992,100039,,,,,,connector with poi,-1,"LINESTRING (103.9793989 30.7619466 ,103.9804281125 30.761642059375006)"
,3900014,,993,100039,,,,,,connector with poi,-1,"LINESTRING (103.9796322 30.7617209 ,103.9804281125 30.761642059375006)"
,3900015,,994,100039,,,,,,connector with poi,-1,"LINESTRING (103.9799062 30.7614897 ,103.9804281125 30.761642059375006)"
,3900016,,995,100039,,,,,,connector with poi,-1,"LINESTRING (103.980136 30.7612671 ,103.9804281125 30.761642059375006)"
,3900017,,996,100039,,,,,,connector with poi,-1,"LINESTRING (103.9796984 30.7610584 ,103.9804281125 30.761642059375006)"
,3900018,,997,100039,,,,,,connector with poi,-1,"LINESTRING (103.9794941 30.7607382 ,103.9804281125 30.761642059375006)"
,3900019,,998,100039,,,,,,connector with poi,-1,"LINESTRING (103.9794416 30.760647 ,103.9804281125 30.761642059375006)"
,3900020,,999,100039,,,,,,connector with poi,-1,"LINESTRING (103.9796166 30.7623747 ,103.9804281125 30.761642059375006)"
,3900021,,1000,100039,,,,,,connector with poi,-1,"LINESTRING (103.9803434 30.7616518 ,103.9804281125 30.761642059375006)"
,3900022,,1001,100039,,,,,,connector with poi,-1,"LINESTRING (103.9804114 30.761042 ,103.9804281125 30.761642059375006)"
,3900023,,1002,100039,,,,,,connector with poi,-1,"LINESTRING (103.9805973 30.7612858 ,103.9804281125 30.761642059375006)"
,3900024,,1194,100039,,,,,,connector with poi,-1,"LINESTRING (103.983227 30.7615339 ,103.9804281125 30.761642059375006)"
,3900025,,1196,100039,,,,,,connector with poi,-1,"LINESTRING (103.9824516 30.7624253 ,103.9804281125 30.761642059375006)"
,3900026,,1197,100039,,,,,,connector with poi,-1,"LINESTRING (103.9832779 30.7629556 ,103.9804281125 30.761642059375006)"
,3900027,,1198,100039,,,,,,connector with poi,-1,"LINESTRING (103.9818893 30.7632829 ,103.9804281125 30.761642059375006)"
,3900028,,1199,100039,,,,,,connector with poi,-1,"LINESTRING (103.9825115 30.7636439 ,103.9804281125 30.761642059375006)"
,3900029,,1202,100039,,,,,,connector with poi,-1,"LINESTRING (103.9815676 30.7636455 ,103.9804281125 30.761642059375006)"
,3900030,,1258,100039,,,,,,connector with poi,-1,"LINESTRING (103.9785695 30.763231 ,103.9804281125 30.761642059375006)"
,3900031,,1266,100039,,,,,,connector with poi,-1,"LINESTRING (103.9794651 30.7633512 ,103.9804281125 30.761642059375006)"
,4000000,,16,100040,,,,,,connector with residential,-1,"LINESTRING (103.984422 30.7612241 ,103.98536174285717 30.762549221428575)"
,4000001,,20,100040,,,,,,connector with residential,-1,"LINESTRING (103.9876456 30.7638697 ,103.98536174285717 30.762549221428575)"
,4000002,,21,100040,,,,,,connector with residential,-1,"LINESTRING (103.9859642 30.7633748 ,103.98536174285717 30.762549221428575)"
,4000003,,27,100040,,,,,,connector with residential,-1,"LINESTRING (103.9848634 30.7620606 ,103.98536174285717 30.762549221428575)"
,4000004,,59,100040,,,,,,connector with residential,-1,"LINESTRING (103.9852765 30.7630655 ,103.98536174285717 30.762549221428575)"
,4000005,,60,100040,,,,,,connector with residential,-1,"LINESTRING (103.9849185 30.7633319 ,103.98536174285717 30.762549221428575)"
,4000006,,76,100040,,,,,,connector with residential,-1,"LINESTRING (103.9841221 30.7609453 ,103.98536174285717 30.762549221428575)"
,4000007,,84,100040,,,,,,connector with residential,-1,"LINESTRING (103.9864549 30.7634711 ,103.98536174285717 30.762549221428575)"
,4000008,,89,100040,,,,,,connector with residential,-1,"LINESTRING (103.9867755 30.7635415 ,103.98536174285717 30.762549221428575)"
,4000009,,90,100040,,,,,,connector with residential,-1,"LINESTRING (103.9872543 30.7636946 ,103.98536174285717 30.762549221428575)"
,4000010,,95,100040,,,,,,connector with residential,-1,"LINESTRING (103.9849755 30.7626559 ,103.98536174285717 30.762549221428575)"
,4000011,,101,100040,,,,,,connector with residential,-1,"LINESTRING (103.9835694 30.7605648 ,103.98536174285717 30.762549221428575)"
,4000012,,335,100040,,,,,,connector with residential,-1,"LINESTRING (103.9847748 30.7618274 ,103.98536174285717 30.762549221428575)"
,4000013,,1195,100040,,,,,,connector with poi,-1,"LINESTRING (103.9840477 30.7620619 ,103.98536174285717 30.762549221428575)"
,4100000,,82,100041,,,,,,connector with residential,-1,"LINESTRING (103.9896423 30.7631274 ,103.99194969268295 30.761578026829273)"
,4100001,,125,100041,,,,,,connector with residential,-1,"LINESTRING (103.9934991 30.7628954 ,103.99194969268295 30.761578026829273)"
,4100002,,127,100041,,,,,,connector with residential,-1,"LINESTRING (103.9907725 30.7606451 ,103.99194969268295 30.761578026829273)"
,4100003,,729,100041,,,,,,connector with residential,-1,"LINESTRING (103.9901282 30.7626146 ,103.99194969268295 30.761578026829273)"
,4100004,,1122,100041,,,,,,connector with poi,-1,"LINESTRING (103.992294 30.7621417 ,103.99194969268295 30.761578026829273)"
,4100005,,1123,100041,,,,,,connector with poi,-1,"LINESTRING (103.9924301 30.7619938 ,103.99194969268295 30.761578026829273)"
,4100006,,1124,100041,,,,,,connector with poi,-1,"LINESTRING (103.9927737 30.7618499 ,103.99194969268295 30.761578026829273)"
,4100007,,1125,100041,,,,,,connector with poi,-1,"LINESTRING (103.9927947 30.7616584 ,103.99194969268295 30.761578026829273)"
,4100008,,1126,100041,,,,,,connector with poi,-1,"LINESTRING (103.9931613 30.7625457 ,103.99194969268295 30.761578026829273)"
,4100009,,1127,100041,,,,,,connector with poi,-1,"LINESTRING (103.9932486 30.7623865 ,103.99194969268295 30.761578026829273)"
,4100010,,1128,100041,,,,,,connector with poi,-1,"LINESTRING (103.9922343 30.7623862 ,103.99194969268295 30.761578026829273)"
,4100011,,1129,100041,,,,,,connector with poi,-1,"LINESTRING (103.9930557 30.7627838 ,103.99194969268295 30.761578026829273)"
,4100012,,1130,100041,,,,,,connector with poi,-1,"LINESTRING (103.9927787 30.7637081 ,103.99194969268295 30.761578026829273)"
,4100013,,1131,100041,,,,,,connector with poi,-1,"LINESTRING (103.9931372 30.7633617 ,103.99194969268295 30.761578026829273)"
,4100014,,1132,100041,,,,,,connector with poi,-1,"LINESTRING (103.9927263 30.7632642 ,103.99194969268295 30.761578026829273)"
,4100015,,1133,100041,,,,,,connector with poi,-1,"LINESTRING (103.9929714 30.7629924 ,103.99194969268295 30.761578026829273)"
,4100016,,1134,100041,,,,,,connector with poi,-1,"LINESTRING (103.9912482 30.7620787 ,103.99194969268295 30.761578026829273)"
,4100017,,1135,100041,,,,,,connector with poi,-1,"LINESTRING (103.991207 30.7626622 ,103.99194969268295 30.761578026829273)"
,4100018,,1136,100041,,,,,,connector with poi,-1,"LINESTRING (103.9916283 30.7621768 ,103.99194969268295 30.761578026829273)"
,4100019,,1137,100041,,,,,,connector with poi,-1,"LINESTRING (103.9910048 30.760286 ,103.99194969268295 30.761578026829273)"
,4100020,,1138,100041,,,,,,connector with poi,-1,"LINESTRING (103.9926378 30.7610498 ,103.99194969268295 30.761578026829273)"
,4100021,,1139,100041,,,,,,connector with poi,-1,"LINESTRING (103.9929446 30.7606856 ,103.99194969268295 30.761578026829273)"
,4100022,,1167,100041,,,,,,connector with poi,-1,"LINESTRING (103.9933911 30.7601429 ,103.99194969268295 30.761578026829273)"
,4100023,,1168,100041,,,,,,connector with poi,-1,"LINESTRING (103.9925845 30.7589822 ,103.99194969268295 30.761578026829273)"
,4100024,,1173,100041,,,,,,connector with poi,-1,"LINESTRING (103.9905282 30.7601553 ,103.99194969268295 30.761578026829273)"
,4100025,,1174,100041,,,,,,connector with poi,-1,"LINESTRING (103.9910789 30.7598563 ,103.99194969268295 30.761578026829273)"
,4100026,,1175,100041,,,,,,connector with poi,-1,"LINESTRING (103.991027 30.7610366 ,103.99194969268295 30.761578026829273)"
,4100027,,1176,100041,,,,,,connector with poi,-1,"LINESTRING (103.991296 30.7609114 ,103.99194969268295 30.761578026829273)"
,4100028,,1177,100041,,,,,,connector with poi,-1,"LINESTRING (103.9914497 30.7608202 ,103.99194969268295 30.761578026829273)"
,4100029,,1178,100041,,,,,,connector with poi,-1,"LINESTRING (103.9919584 30.7613331 ,103.99194969268295 30.761578026829273)"
,4100030,,1179,100041,,,,,,connector with poi,-1,"LINESTRING (103.9918165 30.761222 ,103.99194969268295 30.761578026829273)"
,4100031,,1180,100041,,,,,,connector with poi,-1,"LINESTRING (103.9922565 30.7609981 ,103.99194969268295 30.761578026829273)"
,4100032,,1181,100041,,,,,,connector with poi,-1,"LINESTRING (103.9921202 30.7608929 ,103.99194969268295 30.761578026829273)"
,4100033,,1182,100041,,,,,,connector with poi,-1,"LINESTRING (103.9916766 30.7606469 ,103.99194969268295 30.761578026829273)"
,4100034,,1183,100041,,,,,,connector with poi,-1,"LINESTRING (103.9918524 30.7605627 ,103.99194969268295 30.761578026829273)"
,4100035,,1184,100041,,,,,,connector with poi,-1,"LINESTRING (103.9921637 30.7604181 ,103.99194969268295 30.761578026829273)"
,4100036,,1185,100041,,,,,,connector with poi,-1,"LINESTRING (103.9922611 30.7601377 ,103.99194969268295 30.761578026829273)"
,4100037,,1186,100041,,,,,,connector with poi,-1,"LINESTRING (103.992584 30.7605884 ,103.99194969268295 30.761578026829273)"
,4100038,,1190,100041,,,,,,connector with poi,-1,"LINESTRING (103.9904401 30.7623738 ,103.99194969268295 30.761578026829273)"
,4100039,,1191,100041,,,,,,connector with poi,-1,"LINESTRING (103.9901677 30.7621541 ,103.99194969268295 30.761578026829273)"
,4100040,,1192,100041,,,,,,connector with poi,-1,"LINESTRING (103.990966 30.7621724 ,103.99194969268295 30.761578026829273)"
,4200000,,1154,100042,,,,,,connector with poi,-1,"LINESTRING (103.9943714 30.7634363 ,103.99444019374998 30.762158375000002)"
,4200001,,1155,100042,,,,,,connector with poi,-1,"LINESTRING (103.9937534 30.7640079 ,103.99444019374998 30.762158375000002)"
,4200002,,1156,100042,,,,,,connector with poi,-1,"LINESTRING (103.9948223 30.7625353 ,103.99444019374998 30.762158375000002)"
,4200003,,1157,100042,,,,,,connector with poi,-1,"LINESTRING (103.9941652 30.7630926 ,103.99444019374998 30.762158375000002)"
,4200004,,1158,100042,,,,,,connector with poi,-1,"LINESTRING (103.994613 30.7629957 ,103.99444019374998 30.762158375000002)"
,4200005,,1159,100042,,,,,,connector with poi,-1,"LINESTRING (103.9942175 30.7627437 ,103.99444019374998 30.762158375000002)"
,4200006,,1160,100042,,,,,,connector with poi,-1,"LINESTRING (103.994208 30.7624906 ,103.99444019374998 30.762158375000002)"
,4200007,,1161,100042,,,,,,connector with poi,-1,"LINESTRING (103.9942334 30.7622765 ,103.99444019374998 30.762158375000002)"
,4200008,,1162,100042,,,,,,connector with poi,-1,"LINESTRING (103.9939925 30.7619463 ,103.99444019374998 30.762158375000002)"
,4200009,,1163,100042,,,,,,connector with poi,-1,"LINESTRING (103.9945844 30.762105 ,103.99444019374998 30.762158375000002)"
,4200010,,1164,100042,,,,,,connector with poi,-1,"LINESTRING (103.9949571 30.7620975 ,103.99444019374998 30.762158375000002)"
,4200011,,1165,100042,,,,,,connector with poi,-1,"LINESTRING (103.9951754 30.7614803 ,103.99444019374998 30.762158375000002)"
,4200012,,1166,100042,,,,,,connector with poi,-1,"LINESTRING (103.995413 30.7607751 ,103.99444019374998 30.762158375000002)"
,4200013,,1187,100042,,,,,,connector with poi,-1,"LINESTRING (103.994234 30.761774 ,103.99444019374998 30.762158375000002)"
,4200014,,1188,100042,,,,,,connector with poi,-1,"LINESTRING (103.9943348 30.7605492 ,103.99444019374998 30.762158375000002)"
,4200015,,1189,100042,,,,,,connector with poi,-1,"LINESTRING (103.9939677 30.760228 ,103.99444019374998 30.762158375000002)"
,4500000,,1095,100045,,,,,,connector with poi,-1,"LINESTRING (103.9568341 30.7583567 ,103.9568341 30.7583567)"
,4700000,,1096,100047,,,,,,connector with poi,-1,"LINESTRING (103.9645563 30.7541916 ,103.9645563 30.7541916)"
,4900000,,559,100049,,,,,,connector with residential,-1,"LINESTRING (103.9730915 30.757922 ,103.9730915 30.757922)"
,5000000,,11,100050,,,,,,connector with residential,-1,"LINESTRING (103.9812341 30.7559902 ,103.98244053333333 30.7568831)"
,5000001,,1270,100050,,,,,,connector with poi,-1,"LINESTRING (103.9830779 30.7572994 ,103.98244053333333 30.7568831)"
,5000002,,1271,100050,,,,,,connector with poi,-1,"LINESTRING (103.9830096 30.7573597 ,103.98244053333333 30.7568831)"
,5100000,,120,100051,,,,,,connector with residential,-1,"LINESTRING (103.9872746 30.7551471 ,103.9872283 30.75511515)"
,5100001,,280,100051,,,,,,connector with residential,-1,"LINESTRING (103.987182 30.7550832 ,103.9872283 30.75511515)"
,5200000,,306,100052,,,,,,connector with residential,-1,"LINESTRING (103.9899267 30.7573982 ,103.99110194 30.75790604)"
,5200001,,1169,100052,,,,,,connector with poi,-1,"LINESTRING (103.9929883 30.7586114 ,103.99110194 30.75790604)"
,5200002,,1170,100052,,,,,,connector with poi,-1,"LINESTRING (103.9905832 30.7578312 ,103.99110194 30.75790604)"
,5200003,,1171,100052,,,,,,connector with poi,-1,"LINESTRING (103.9909567 30.7576225 ,103.99110194 30.75790604)"
,5200004,,1172,100052,,,,,,connector with poi,-1,"LINESTRING (103.9910548 30.7580669 ,103.99110194 30.75790604)"
,5900000,,1257,100059,,,,,,connector with poi,-1,"LINESTRING (103.9704396 30.7515554 ,103.9704396 30.7515554)"
,6100000,,118,100061,,,,,,connector with residential,-1,"LINESTRING (103.9824906 30.7518439 ,103.98141333333335 30.75253616666667)"
,6100001,,723,100061,,,,,,connector with residential,-1,"LINESTRING (103.980543 30.7526414 ,103.98141333333335 30.75253616666667)"
,6100002,,724,100061,,,,,,connector with residential,-1,"LINESTRING (103.9812064 30.7531232 ,103.98141333333335 30.75253616666667)"
,6200000,,305,100062,,,,,,connector with residential,-1,"LINESTRING (103.9850553 30.7536148 ,103.9856661 30.7528547)"
,6200001,,722,100062,,,,,,connector with residential,-1,"LINESTRING (103.9862769 30.7520946 ,103.9856661 30.7528547)"
,6300000,,1269,100063,,,,,,connector with poi,-1,"LINESTRING (103.992785 30.7523824 ,103.992785 30.7523824)"
,6400000,,1218,100064,,,,,,connector with poi,-1,"LINESTRING (103.9941296 30.7500006 ,103.9941296 30.7500006)"
,6800000,,769,100068,,,,,,connector with boundary,-1,"LINESTRING (103.9565 30.7548872 ,103.94965 30.75625)"
,6800001,,775,100068,,,,,,connector with boundary,-1,"LINESTRING (103.9565 30.7556728 ,103.94965 30.75625)"
,6800002,,777,100068,,,,,,connector with boundary,-1,"LINESTRING (103.9565 30.7561829 ,103.94965 30.75625)"
,6800003,,778,100068,,,,,,connector with boundary,-1,"LINESTRING (103.9565 30.7566539 ,103.94965 30.75625)"
,6800004,,843,100068,,,,,,connector with boundary,-1,"LINESTRING (103.9565 30.7550892 ,103.94965 30.75625)"
,6900000,,770,100069,,,,,,connector with boundary,-1,"LINESTRING (103.9565 30.7636145 ,103.94965 30.761429999999997)"
,6900001,,771,100069,,,,,,connector with boundary,-1,"LINESTRING (103.9565 30.7605743 ,103.94965 30.761429999999997)"
,7000000,,262,100070,,,,,,connector with boundary,-1,"LINESTRING (103.9644451 30.7641613 ,103.94965 30.76661)"
,7000001,,299,100070,,,,,,connector with boundary,-1,"LINESTRING (103.9581772 30.7665292 ,103.94965 30.76661)"
,7000002,,759,100070,,,,,,connector with boundary,-1,"LINESTRING (103.9565 30.7687523 ,103.94965 30.76661)"
,7000003,,783,100070,,,,,,connector with boundary,-1,"LINESTRING (103.9565 30.7690286 ,103.94965 30.76661)"
,7000004,,791,100070,,,,,,connector with boundary,-1,"LINESTRING (103.9565 30.7674589 ,103.94965 30.76661)"
,7000005,,809,100070,,,,,,connector with boundary,-1,"LINESTRING (103.9565 30.7689359 ,103.94965 30.76661)"
,7100000,,766,100071,,,,,,connector with boundary,-1,"LINESTRING (103.9565 30.7709427 ,103.94965 30.771790000000003)"
,7100001,,767,100071,,,,,,connector with boundary,-1,"LINESTRING (103.9565 30.7711956 ,103.94965 30.771790000000003)"
,7100002,,810,100071,,,,,,connector with boundary,-1,"LINESTRING (103.9565 30.7692963 ,103.94965 30.771790000000003)"
,7100003,,817,100071,,,,,,connector with boundary,-1,"LINESTRING (103.9565 30.769216 ,103.94965 30.771790000000003)"
,7100004,,818,100071,,,,,,connector with boundary,-1,"LINESTRING (103.9565 30.773612 ,103.94965 30.771790000000003)"
,7100005,,819,100071,,,,,,connector with boundary,-1,"LINESTRING (103.9565 30.7699775 ,103.94965 30.771790000000003)"
,7100006,,824,100071,,,,,,connector with boundary,-1,"LINESTRING (103.9565 30.7736716 ,103.94965 30.771790000000003)"
,7100007,,825,100071,,,,,,connector with boundary,-1,"LINESTRING (103.9565 30.7698541 ,103.94965 30.771790000000003)"
,7200000,,829,100072,,,,,,connector with boundary,-1,"LINESTRING (103.9565 30.774861 ,103.94965 30.77697)"
,7400000,,677,100074,,,,,,connector with boundary,-1,"LINESTRING (103.9575712 30.7761438 ,103.96001 30.78215)"
,7400001,,755,100074,,,,,,connector with boundary,-1,"LINESTRING (103.9622343 30.7763 ,103.96001 30.78215)"
,7400002,,756,100074,,,,,,connector with boundary,-1,"LINESTRING (103.9624669 30.7763 ,103.96001 30.78215)"
,7400003,,830,100074,,,,,,connector with boundary,-1,"LINESTRING (103.9578851 30.7763 ,103.96001 30.78215)"
,7400004,,831,100074,,,,,,connector with boundary,-1,"LINESTRING (103.9576576 30.7763 ,103.96001 30.78215)"
,7400005,,832,100074,,,,,,connector with boundary,-1,"LINESTRING (103.9580127 30.7763 ,103.96001 30.78215)"
,7400006,,836,100074,,,,,,connector with boundary,-1,"LINESTRING (103.9579861 30.7763 ,103.96001 30.78215)"
,7400007,,837,100074,,,,,,connector with boundary,-1,"LINESTRING (103.957992 30.7763 ,103.96001 30.78215)"
,7400008,,838,100074,,,,,,connector with boundary,-1,"LINESTRING (103.9579654 30.7763 ,103.96001 30.78215)"
,7500000,,757,100075,,,,,,connector with boundary,-1,"LINESTRING (103.9627669 30.7763 ,103.96519 30.78215)"
,7500001,,774,100075,,,,,,connector with boundary,-1,"LINESTRING (103.9651679 30.7763 ,103.96519 30.78215)"
,7500002,,779,100075,,,,,,connector with boundary,-1,"LINESTRING (103.9630335 30.7763 ,103.96519 30.78215)"
,7500003,,803,100075,,,,,,connector with boundary,-1,"LINESTRING (103.9629284 30.7763 ,103.96519 30.78215)"
,7500004,,821,100075,,,,,,connector with boundary,-1,"LINESTRING (103.9628874 30.7763 ,103.96519 30.78215)"
,7700000,,374,100077,,,,,,connector with boundary,-1,"LINESTRING (103.9735152 30.7720663 ,103.97555 30.78215)"
,7700001,,388,100077,,,,,,connector with boundary,-1,"LINESTRING (103.9776542 30.7761208 ,103.97555 30.78215)"
,7700002,,621,100077,,,,,,connector with boundary,-1,"LINESTRING (103.9730858 30.77186 ,103.97555 30.78215)"
,7700003,,743,100077,,,,,,connector with boundary,-1,"LINESTRING (103.9744348 30.7700166 ,103.97555 30.78215)"
,7700004,,744,100077,,,,,,connector with boundary,-1,"LINESTRING (103.9747887 30.769614 ,103.97555 30.78215)"
,7700005,,763,100077,,,,,,connector with boundary,-1,"LINESTRING (103.976924 30.7763 ,103.97555 30.78215)"
,7700006,,835,100077,,,,,,connector with boundary,-1,"LINESTRING (103.9753963 30.7763 ,103.97555 30.78215)"
,7800000,,365,100078,,,,,,connector with boundary,-1,"LINESTRING (103.9817955 30.7740874 ,103.98073 30.78215)"
,7800001,,371,100078,,,,,,connector with boundary,-1,"LINESTRING (103.9805236 30.773271 ,103.98073 30.78215)"
,7800002,,382,100078,,,,,,connector with boundary,-1,"LINESTRING (103.9800765 30.7744158 ,103.98073 30.78215)"
,7800003,,385,100078,,,,,,connector with boundary,-1,"LINESTRING (103.978316 30.7754579 ,103.98073 30.78215)"
,7800004,,472,100078,,,,,,connector with boundary,-1,"LINESTRING (103.9821778 30.769575 ,103.98073 30.78215)"
,7800005,,698,100078,,,,,,connector with boundary,-1,"LINESTRING (103.9790471 30.7641288 ,103.98073 30.78215)"
,7800006,,707,100078,,,,,,connector with boundary,-1,"LINESTRING (103.9785242 30.7641901 ,103.98073 30.78215)"
,7800007,,708,100078,,,,,,connector with boundary,-1,"LINESTRING (103.9788606 30.7643743 ,103.98073 30.78215)"
,7800008,,796,100078,,,,,,connector with boundary,-1,"LINESTRING (103.9784903 30.7763 ,103.98073 30.78215)"
,7800009,,797,100078,,,,,,connector with boundary,-1,"LINESTRING (103.9793066 30.7763 ,103.98073 30.78215)"
,7800010,,798,100078,,,,,,connector with boundary,-1,"LINESTRING (103.9826422 30.7763 ,103.98073 30.78215)"
,7800011,,800,100078,,,,,,connector with boundary,-1,"LINESTRING (103.9829096 30.7763 ,103.98073 30.78215)"
,7900000,,38,100079,,,,,,connector with boundary,-1,"LINESTRING (103.9847963 30.7655339 ,103.98591 30.78215)"
,7900001,,40,100079,,,,,,connector with boundary,-1,"LINESTRING (103.9838586 30.7657492 ,103.98591 30.78215)"
,7900002,,58,100079,,,,,,connector with boundary,-1,"LINESTRING (103.9857188 30.7645519 ,103.98591 30.78215)"
,7900003,,62,100079,,,,,,connector with boundary,-1,"LINESTRING (103.9859148 30.7640865 ,103.98591 30.78215)"
,7900004,,63,100079,,,,,,connector with boundary,-1,"LINESTRING (103.9843723 30.7659658 ,103.98591 30.78215)"
,7900005,,68,100079,,,,,,connector with boundary,-1,"LINESTRING (103.9882752 30.7672233 ,103.98591 30.78215)"
,7900006,,69,100079,,,,,,connector with boundary,-1,"LINESTRING (103.9842555 30.7660752 ,103.98591 30.78215)"
,7900007,,70,100079,,,,,,connector with boundary,-1,"LINESTRING (103.9869249 30.7664378 ,103.98591 30.78215)"
,7900008,,81,100079,,,,,,connector with boundary,-1,"LINESTRING (103.9862845 30.7643499 ,103.98591 30.78215)"
,7900009,,100,100079,,,,,,connector with boundary,-1,"LINESTRING (103.9879815 30.7654044 ,103.98591 30.78215)"
,7900010,,138,100079,,,,,,connector with boundary,-1,"LINESTRING (103.9845872 30.769647 ,103.98591 30.78215)"
,7900011,,141,100079,,,,,,connector with boundary,-1,"LINESTRING (103.9848514 30.7690972 ,103.98591 30.78215)"
,7900012,,404,100079,,,,,,connector with boundary,-1,"LINESTRING (103.9857496 30.7747176 ,103.98591 30.78215)"
,7900013,,405,100079,,,,,,connector with boundary,-1,"LINESTRING (103.9869795 30.7749144 ,103.98591 30.78215)"
,7900014,,409,100079,,,,,,connector with boundary,-1,"LINESTRING (103.9836944 30.7719973 ,103.98591 30.78215)"
,7900015,,415,100079,,,,,,connector with boundary,-1,"LINESTRING (103.9873057 30.7705594 ,103.98591 30.78215)"
,7900016,,420,100079,,,,,,connector with boundary,-1,"LINESTRING (103.9877566 30.7707213 ,103.98591 30.78215)"
,7900017,,422,100079,,,,,,connector with boundary,-1,"LINESTRING (103.9880736 30.770835 ,103.98591 30.78215)"
,7900018,,446,100079,,,,,,connector with boundary,-1,"LINESTRING (103.9874914 30.7701741 ,103.98591 30.78215)"
,7900019,,447,100079,,,,,,connector with boundary,-1,"LINESTRING (103.9879392 30.7703378 ,103.98591 30.78215)"
,7900020,,448,100079,,,,,,connector with boundary,-1,"LINESTRING (103.9879132 30.7699444 ,103.98591 30.78215)"
,7900021,,449,100079,,,,,,connector with boundary,-1,"LINESTRING (103.9882613 30.7700716 ,103.98591 30.78215)"
,7900022,,450,100079,,,,,,connector with boundary,-1,"LINESTRING (103.9882602 30.7704551 ,103.98591 30.78215)"
,7900023,,488,100079,,,,,,connector with boundary,-1,"LINESTRING (103.985514 30.7714246 ,103.98591 30.78215)"
,7900024,,489,100079,,,,,,connector with boundary,-1,"LINESTRING (103.9845466 30.7714415 ,103.98591 30.78215)"
,7900025,,491,100079,,,,,,connector with boundary,-1,"LINESTRING (103.9859207 30.7708459 ,103.98591 30.78215)"
,7900026,,510,100079,,,,,,connector with boundary,-1,"LINESTRING (103.9880484 30.7653371 ,103.98591 30.78215)"
,7900027,,512,100079,,,,,,connector with boundary,-1,"LINESTRING (103.9836577 30.769401 ,103.98591 30.78215)"
,7900028,,513,100079,,,,,,connector with boundary,-1,"LINESTRING (103.9840481 30.768734 ,103.98591 30.78215)"
,7900029,,514,100079,,,,,,connector with boundary,-1,"LINESTRING (103.9839647 30.7688124 ,103.98591 30.78215)"
,7900030,,515,100079,,,,,,connector with boundary,-1,"LINESTRING (103.9842517 30.7688143 ,103.98591 30.78215)"
,7900031,,516,100079,,,,,,connector with boundary,-1,"LINESTRING (103.9879932 30.7651452 ,103.98591 30.78215)"
,7900032,,517,100079,,,,,,connector with boundary,-1,"LINESTRING (103.9878483 30.7650385 ,103.98591 30.78215)"
,7900033,,519,100079,,,,,,connector with boundary,-1,"LINESTRING (103.9857841 30.7675332 ,103.98591 30.78215)"
,7900034,,543,100079,,,,,,connector with boundary,-1,"LINESTRING (103.983759 30.7694388 ,103.98591 30.78215)"
,7900035,,544,100079,,,,,,connector with boundary,-1,"LINESTRING (103.984258 30.7696249 ,103.98591 30.78215)"
,7900036,,546,100079,,,,,,connector with boundary,-1,"LINESTRING (103.9839062 30.7694937 ,103.98591 30.78215)"
,7900037,,548,100079,,,,,,connector with boundary,-1,"LINESTRING (103.9841432 30.7695821 ,103.98591 30.78215)"
,7900038,,568,100079,,,,,,connector with boundary,-1,"LINESTRING (103.9837735 30.7686037 ,103.98591 30.78215)"
,7900039,,694,100079,,,,,,connector with boundary,-1,"LINESTRING (103.9837655 30.7658254 ,103.98591 30.78215)"
,7900040,,799,100079,,,,,,connector with boundary,-1,"LINESTRING (103.9847811 30.7763 ,103.98591 30.78215)"
,7900041,,808,100079,,,,,,connector with boundary,-1,"LINESTRING (103.9874457 30.7763 ,103.98591 30.78215)"
,7900042,,813,100079,,,,,,connector with boundary,-1,"LINESTRING (103.9872074 30.7763 ,103.98591 30.78215)"
,8000000,,94,100080,,,,,,connector with boundary,-1,"LINESTRING (103.9885278 30.7654881 ,103.99109 30.78215)"
,8000001,,414,100080,,,,,,connector with boundary,-1,"LINESTRING (103.988669 30.7710488 ,103.99109 30.78215)"
,8000002,,419,100080,,,,,,connector with boundary,-1,"LINESTRING (103.9886356 30.7710368 ,103.99109 30.78215)"
,8000003,,442,100080,,,,,,connector with boundary,-1,"LINESTRING (103.9888431 30.7706681 ,103.99109 30.78215)"
,8000004,,451,100080,,,,,,connector with boundary,-1,"LINESTRING (103.9886114 30.7701996 ,103.99109 30.78215)"
,8000005,,476,100080,,,,,,connector with boundary,-1,"LINESTRING (103.9890543 30.7644272 ,103.99109 30.78215)"
,8000006,,480,100080,,,,,,connector with boundary,-1,"LINESTRING (103.9889635 30.7643755 ,103.99109 30.78215)"
,8000007,,508,100080,,,,,,connector with boundary,-1,"LINESTRING (103.9887794 30.7659431 ,103.99109 30.78215)"
,8000008,,725,100080,,,,,,connector with boundary,-1,"LINESTRING (103.9929184 30.7737465 ,103.99109 30.78215)"
,8000009,,762,100080,,,,,,connector with boundary,-1,"LINESTRING (103.9912063 30.7763 ,103.99109 30.78215)"
,8000010,,789,100080,,,,,,connector with boundary,-1,"LINESTRING (103.9896946 30.7763 ,103.99109 30.78215)"
,8000011,,811,100080,,,,,,connector with boundary,-1,"LINESTRING (103.9886225 30.7763 ,103.99109 30.78215)"
,8000012,,812,100080,,,,,,connector with boundary,-1,"LINESTRING (103.9887784 30.7763 ,103.99109 30.78215)"
,8100000,,292,100081,,,,,,connector with boundary,-1,"LINESTRING (103.9956379 30.7737957 ,103.99627 30.78215)"
,8100001,,788,100081,,,,,,connector with boundary,-1,"LINESTRING (103.9966209 30.7763 ,103.99627 30.78215)"
,8200000,,761,100082,,,,,,connector with boundary,-1,"LINESTRING (104.0014922 30.7763 ,104.00145 30.78215)"
,8400000,,790,100084,,,,,,connector with boundary,-1,"LINESTRING (104.006404 30.7763 ,104.01181 30.77697)"
,8400001,,806,100084,,,,,,connector with boundary,-1,"LINESTRING (104.0074 30.7756583 ,104.01181 30.77697)"
,8500000,,290,100085,,,,,,connector with boundary,-1,"LINESTRING (104.0072937 30.7716541 ,104.01181 30.771790000000003)"
,8500001,,760,100085,,,,,,connector with boundary,-1,"LINESTRING (104.0074 30.7738129 ,104.01181 30.771790000000003)"
,8500002,,787,100085,,,,,,connector with boundary,-1,"LINESTRING (104.0074 30.771668 ,104.01181 30.771790000000003)"
,8600000,,758,100086,,,,,,connector with boundary,-1,"LINESTRING (104.0074 30.7680419 ,104.01181 30.76661)"
,8600001,,844,100086,,,,,,connector with boundary,-1,"LINESTRING (104.0074 30.7681373 ,104.01181 30.76661)"
,9100000,,807,100091,,,,,,connector with boundary,-1,"LINESTRING (103.999994 30.7517 ,104.00145 30.74589)"
,9100001,,840,100091,,,,,,connector with boundary,-1,"LINESTRING (104.0003346 30.7517 ,104.00145 30.74589)"
,9300000,,477,100093,,,,,,connector with boundary,-1,"LINESTRING (103.9899111 30.7634381 ,103.99109 30.74589)"
,9300001,,478,100093,,,,,,connector with boundary,-1,"LINESTRING (103.9899669 30.7634596 ,103.99109 30.74589)"
,9300002,,481,100093,,,,,,connector with boundary,-1,"LINESTRING (103.9898385 30.7633734 ,103.99109 30.74589)"
,9300003,,482,100093,,,,,,connector with boundary,-1,"LINESTRING (103.9898793 30.7633986 ,103.99109 30.74589)"
,9300004,,786,100093,,,,,,connector with boundary,-1,"LINESTRING (103.9898553 30.7517 ,103.99109 30.74589)"
,9400000,,91,100094,,,,,,connector with boundary,-1,"LINESTRING (103.9846152 30.7619264 ,103.98591 30.74589)"
,9400001,,93,100094,,,,,,connector with boundary,-1,"LINESTRING (103.9835482 30.759485 ,103.98591 30.74589)"
,9400002,,662,100094,,,,,,connector with boundary,-1,"LINESTRING (103.9834145 30.757969 ,103.98591 30.74589)"
,9400003,,665,100094,,,,,,connector with boundary,-1,"LINESTRING (103.9837589 30.7576524 ,103.98591 30.74589)"
,9400004,,666,100094,,,,,,connector with boundary,-1,"LINESTRING (103.9834373 30.7580595 ,103.98591 30.74589)"
,9400005,,669,100094,,,,,,connector with boundary,-1,"LINESTRING (103.9837827 30.7581476 ,103.98591 30.74589)"
,9400006,,792,100094,,,,,,connector with boundary,-1,"LINESTRING (103.985722 30.7517 ,103.98591 30.74589)"
,9400007,,793,100094,,,,,,connector with boundary,-1,"LINESTRING (103.986594 30.7517 ,103.98591 30.74589)"
,9500000,,738,100095,,,,,,connector with boundary,-1,"LINESTRING (103.9828977 30.7569172 ,103.98073000000001 30.74589)"
,9500001,,739,100095,,,,,,connector with boundary,-1,"LINESTRING (103.9825883 30.7572021 ,103.98073000000001 30.74589)"
,9500002,,764,100095,,,,,,connector with boundary,-1,"LINESTRING (103.9822822 30.7517 ,103.98073000000001 30.74589)"
,9500003,,839,100095,,,,,,connector with boundary,-1,"LINESTRING (103.9826636 30.7517 ,103.98073000000001 30.74589)"
,9500004,,841,100095,,,,,,connector with boundary,-1,"LINESTRING (103.9816458 30.7517 ,103.98073000000001 30.74589)"
,9600000,,672,100096,,,,,,connector with boundary,-1,"LINESTRING (103.9756474 30.7546479 ,103.97555 30.74589)"
,9600001,,780,100096,,,,,,connector with boundary,-1,"LINESTRING (103.9748985 30.7517 ,103.97555 30.74589)"
,9600002,,784,100096,,,,,,connector with boundary,-1,"LINESTRING (103.9746934 30.7517 ,103.97555 30.74589)"
,9600003,,785,100096,,,,,,connector with boundary,-1,"LINESTRING (103.9766212 30.7517 ,103.97555 30.74589)"
,9600004,,801,100096,,,,,,connector with boundary,-1,"LINESTRING (103.9780204 30.7517 ,103.97555 30.74589)"
,9600005,,802,100096,,,,,,connector with boundary,-1,"LINESTRING (103.9779012 30.7517 ,103.97555 30.74589)"
,9600006,,804,100096,,,,,,connector with boundary,-1,"LINESTRING (103.9762489 30.7517 ,103.97555 30.74589)"
,9600007,,814,100096,,,,,,connector with boundary,-1,"LINESTRING (103.9767648 30.7517 ,103.97555 30.74589)"
,9600008,,815,100096,,,,,,connector with boundary,-1,"LINESTRING (103.9777722 30.7517 ,103.97555 30.74589)"
,9600009,,816,100096,,,,,,connector with boundary,-1,"LINESTRING (103.9776343 30.7517 ,103.97555 30.74589)"
,9600010,,820,100096,,,,,,connector with boundary,-1,"LINESTRING (103.9767237 30.7517 ,103.97555 30.74589)"
,9600011,,822,100096,,,,,,connector with boundary,-1,"LINESTRING (103.9768846 30.7517 ,103.97555 30.74589)"
,9600012,,826,100096,,,,,,connector with boundary,-1,"LINESTRING (103.9762147 30.7517 ,103.97555 30.74589)"
,9600013,,827,100096,,,,,,connector with boundary,-1,"LINESTRING (103.9774275 30.7517 ,103.97555 30.74589)"
,9600014,,828,100096,,,,,,connector with boundary,-1,"LINESTRING (103.9774795 30.7517 ,103.97555 30.74589)"
,9700000,,264,100097,,,,,,connector with boundary,-1,"LINESTRING (103.970053 30.7595126 ,103.97037 30.74589)"
,9700001,,600,100097,,,,,,connector with boundary,-1,"LINESTRING (103.9691718 30.7617158 ,103.97037 30.74589)"
,9700002,,773,100097,,,,,,connector with boundary,-1,"LINESTRING (103.9690947 30.7517 ,103.97037 30.74589)"
,9800000,,160,100098,,,,,,connector with boundary,-1,"LINESTRING (103.9667277 30.7517676 ,103.96519 30.74589)"
,9800001,,228,100098,,,,,,connector with boundary,-1,"LINESTRING (103.9676156 30.761174 ,103.96519 30.74589)"
,9800002,,230,100098,,,,,,connector with boundary,-1,"LINESTRING (103.9676631 30.7612724 ,103.96519 30.74589)"
,9800003,,772,100098,,,,,,connector with boundary,-1,"LINESTRING (103.9649313 30.7517 ,103.96519 30.74589)"
,9800004,,776,100098,,,,,,connector with boundary,-1,"LINESTRING (103.9647648 30.7517 ,103.96519 30.74589)"
,9800005,,794,100098,,,,,,connector with boundary,-1,"LINESTRING (103.9632014 30.7517 ,103.96519 30.74589)"
,9800006,,842,100098,,,,,,connector with boundary,-1,"LINESTRING (103.9636137 30.7517 ,103.96519 30.74589)"
,9900000,,781,100099,,,,,,connector with boundary,-1,"LINESTRING (103.9611216 30.7517 ,103.96001 30.74589)"
,9900001,,782,100099,,,,,,connector with boundary,-1,"LINESTRING (103.9609159 30.7517 ,103.96001 30.74589)"
,10000000,,768,100100,,,,,,connector with boundary,-1,"LINESTRING (103.9565 30.7525928 ,103.95483 30.74589)"
