name,poi_id,osm_way_id,osm_relation_id,building,amenity,way,geometry,centroid,area,area_ft2
北京西站,0,30680817,,train_station,,,"POLYGON ((116.3141455 39.8944776, 116.3101326 39.8944561, 116.310128 39.8951768, 116.310795 39.8951734, 116.3107861 39.8946958, 116.311053 39.8946958, 116.3110681 39.8954458, 116.3114887 39.895443, 116.311471 39.8947197, 116.3131252 39.8947129, 116.3131296 39.8949449, 116.3137162 39.8949436, 116.3147705 39.8949414, 116.314767 39.8951855, 116.3154553 39.8951871, 116.3154597 39.8949312, 116.3171495 39.8949312, 116.3171673 39.8946753, 116.3192884 39.8946856, 116.3193107 39.895443, 116.3196886 39.8954361, 116.3196842 39.8946753, 116.3201867 39.8946787, 116.3201777 39.8944869, 116.3160883 39.8944819, 116.3160826 39.8925307, 116.3170581 39.8925323, 116.317057 39.8923165, 116.3133655 39.8923046, 116.3131549 39.8923973, 116.3130722 39.8924442, 116.3130104 39.8925168, 116.3141448 39.8925218, 116.3141455 39.8944776))",POINT (116.31491 39.8939987),84365.5,908101.9
,1,39321981,,yes,,,"POLYGON ((116.2932782 39.8916922, 116.2942009 39.8916974, 116.2941948 39.8923296, 116.2932721 39.8923244, 116.2932782 39.8916922))",POINT (116.2937365 39.8920109),5539.1,59622.1
,2,39321989,,yes,,,"POLYGON ((116.2748612 39.8903761, 116.2802686 39.8904551, 116.2802637 39.8905401, 116.2802597 39.8906081, 116.2802553 39.8906846, 116.2802514 39.8907515, 116.2748612 39.890679, 116.2748612 39.8906277, 116.2748612 39.8905511, 116.2748612 39.8904744, 116.2748612 39.8903761))",POINT (116.2775512 39.8905652),15354.0,165269.4
,3,102965468,,parking,,,"POLYGON ((116.328532 39.8968588, 116.3294681 39.8968394, 116.3294874 39.8963279, 116.3293551 39.8963239, 116.3285529 39.8962909, 116.3285486 39.8964081, 116.328532 39.8968588))",POINT (116.3290018 39.8965795),4781.4,51466.6
,4,102968914,,,,platform,"POLYGON ((116.3189028 39.8937662, 116.3189036 39.8936962, 116.3186985 39.8936851, 116.3126707 39.8936934, 116.312334 39.8937042, 116.3123392 39.893765, 116.3189028 39.8937662))",POINT (116.3156972 39.8937276),4738.6,51005.7
,5,102968919,,,,platform,"POLYGON ((116.3189129 39.8939972, 116.3189121 39.8939302, 116.3187154 39.8939193, 116.3125674 39.8939225, 116.3123375 39.893929, 116.3123417 39.8939918, 116.3189129 39.8939972))",POINT (116.3156895 39.8939578),4590.5,49411.6
,6,102968923,,,,platform,"POLYGON ((116.3189129 39.8942875, 116.3123362 39.8942871, 116.312332 39.8944366, 116.3189132 39.8944362, 116.3189129 39.8942875))",POINT (116.3156206 39.8943619),9309.4,100205.3
,7,102968926,,,,platform,"POLYGON ((116.3189005 39.8931701, 116.318904 39.8931254, 116.3187013 39.8931052, 116.3185268 39.8930899, 116.313307 39.8930724, 116.3130478 39.8930751, 116.3126844 39.8930888, 116.3123532 39.8931227, 116.3123675 39.8931961, 116.3126832 39.8931622, 116.313051 39.8931499, 116.3133052 39.893152, 116.3187022 39.8931641, 116.3189005 39.8931701))",POINT (116.3155715 39.8931209),4665.1,50214.8
,8,102968928,,,,platform,"POLYGON ((116.3189188 39.8941874, 116.3189176 39.8941241, 116.3123445 39.8940977, 116.3123445 39.8941852, 116.3189188 39.8941874))",POINT (116.3154555 39.8941482),4721.1,50817.9
,9,102968933,,,,platform,"POLYGON ((116.3189025 39.8930184, 116.3189215 39.8929702, 116.3187557 39.8929434, 116.3185752 39.8929261, 116.3180103 39.8929173, 116.3133205 39.892896, 116.3130385 39.8929025, 116.3127606 39.8929188, 116.3123417 39.8929815, 116.312346 39.8930252, 116.3126783 39.8929847, 116.3130415 39.8929725, 116.3133208 39.8929665, 116.3185902 39.8929821, 116.3187489 39.8929969, 116.3189025 39.8930184))",POINT (116.3155807 39.8929437),4043.0,43518.0
,10,102968935,,,,platform,"POLYGON ((116.3189018 39.8935946, 116.3189048 39.8935333, 116.3187283 39.8935221, 116.3184268 39.8935118, 116.3126929 39.8935098, 116.3123457 39.8935371, 116.3123475 39.893598, 116.3126862 39.8935826, 116.3189018 39.8935946))",POINT (116.3156849 39.8935504),4739.7,51017.1
,11,102968939,,,,platform,"POLYGON ((116.3123445 39.8933188, 116.3123597 39.8933772, 116.3126901 39.8933534, 116.3186882 39.8933464, 116.3189053 39.8933572, 116.3189082 39.8932825, 116.3186825 39.8932695, 116.3130554 39.8932542, 116.3126915 39.8932791, 116.3123445 39.8933188))",POINT (116.3155541 39.8933072),5352.0,57608.1
,12,102968941,,,,platform,"POLYGON ((116.3189199 39.892864, 116.3189351 39.8928179, 116.3187913 39.8927822, 116.3185741 39.8927476, 116.3182215 39.8927216, 116.3180114 39.8927097, 116.3133254 39.8927083, 116.3130349 39.892717, 116.3127725 39.8927386, 116.3123269 39.8928219, 116.3123325 39.8928695, 116.3127838 39.8927992, 116.3130349 39.8927862, 116.313331 39.892783, 116.3180112 39.8927977, 116.3184027 39.892809, 116.3186453 39.8928237, 116.3189199 39.892864))",POINT (116.3157315 39.8927567),4825.2,51938.1
,13,103094928,,,,platform,"POLYGON ((116.3120208 39.8927978, 116.3120028 39.8927619, 116.3123322 39.8926804, 116.3124222 39.8926556, 116.3126076 39.8926114, 116.3127912 39.8925838, 116.312982 39.8925617, 116.3130612 39.8925534, 116.3180228 39.8925531, 116.318238 39.8925506, 116.318445 39.8925713, 116.318697 39.8926003, 116.3189598 39.8926528, 116.3191038 39.8926956, 116.3190732 39.8927467, 116.318886 39.892697, 116.3186808 39.8926542, 116.3184792 39.8926362, 116.318202 39.8926128, 116.3180094 39.8926086, 116.3131044 39.8926045, 116.3128902 39.892628, 116.3126364 39.8926611, 116.3120208 39.8927978))",POINT (116.3156493 39.8925987),3629.0,39062.4
北京西站南广场,14,113968806,,bus_station,,,"POLYGON ((116.3162191 39.8920398, 116.3176659 39.8920396, 116.3176659 39.8919932, 116.3176657 39.8910687, 116.3174972 39.8910687, 116.3172719 39.8910687, 116.3163948 39.8910688, 116.316368 39.8910688, 116.3162189 39.8910688, 116.3162191 39.8920398))",POINT (116.3169424 39.8915542),13335.1,143537.9
北京西站,15,113969009,,bus_station,,,"POLYGON ((116.3172338 39.8953476, 116.3191878 39.8953607, 116.3191936 39.8949371, 116.3191969 39.8947017, 116.3172232 39.8946933, 116.3172338 39.8953476))",POINT (116.3182116 39.8950253),12229.6,131637.8
,16,159796664,,parking,,,"POLYGON ((116.3112278 39.89588, 116.3113455 39.8958793, 116.3115227 39.8958783, 116.3115201 39.8956084, 116.3113443 39.8956094, 116.3112251 39.8956101, 116.3112278 39.89588))",POINT (116.3113739 39.8957442),753.5,8110.8
,17,172800371,,,,platform,"POLYGON ((116.3291531 39.8962375, 116.3290436 39.8962295, 116.3289892 39.8962255, 116.3291531 39.8962375))",POINT (116.329062 39.8962308),0.2,2.0
,18,225589614,,yes,,,"POLYGON ((116.321201 39.8949337, 116.3223732 39.8949457, 116.3223704 39.8948905, 116.3226168 39.8948885, 116.3226102 39.8951212, 116.3224416 39.8952409, 116.321386 39.8952404, 116.3211956 39.8951539, 116.321201 39.8949337))",POINT (116.3219159 39.89508),3980.0,42840.8
,19,225589615,,yes,,,"POLYGON ((116.3200294 39.8950961, 116.3200278 39.8952224, 116.3208452 39.8952288, 116.3208469 39.8951025, 116.3200294 39.8950961))",POINT (116.3204373 39.8951624),981.5,10564.8
1路公交总站,20,264439434,,garage,,,"POLYGON ((116.2972503 39.8887303, 116.2987057 39.8887917, 116.2987348 39.8896963, 116.2969155 39.8896963, 116.2969446 39.8888643, 116.2972503 39.8887303))",POINT (116.2978247 39.8892341),15770.1,169747.6
北京世纪坛医院,21,266293714,,hospital,,,"POLYGON ((116.3148105 39.8990794, 116.3109037 39.8990794, 116.3108421 39.8960916, 116.3130235 39.8961153, 116.3130604 39.8968669, 116.3148536 39.8969237, 116.3148105 39.8990794))",POINT (116.312702 39.8977349),98322.4,1058332.7
后勤学院门诊部,22,278337146,,hospital,,,"POLYGON ((116.2893497 39.8977057, 116.290265 39.89772, 116.2902463 39.8975481, 116.2901436 39.8973976, 116.2893871 39.8974621, 116.2893497 39.8977057))",POINT (116.2898199 39.8975743),2326.5,25041.9
莲馨园1号楼,23,281509275,,residential,,,"POLYGON ((116.3007012 39.8887992, 116.3008085 39.8890256, 116.3008085 39.889322, 116.300433 39.8892973, 116.3003847 39.8891121, 116.3004384 39.8888157, 116.3007012 39.8887992))",POINT (116.3006019 39.8890709),1783.2,19193.8
莲馨园2号楼,24,281983319,,residential,,,"POLYGON ((116.2998339 39.8888799, 116.2998938 39.8890234, 116.2999462 39.8893277, 116.299617 39.8893277, 116.2994898 39.8891382, 116.2995197 39.888943, 116.2995796 39.8888225, 116.2998339 39.8888799))",POINT (116.2997128 39.8890962),1660.4,17871.9
莲馨园3号楼,25,282019034,,residential,,,"POLYGON ((116.3000167 39.8892616, 116.2999631 39.8894221, 116.2999953 39.8896814, 116.3001133 39.889739, 116.3004083 39.889702, 116.3003279 39.8893933, 116.3002367 39.8892451, 116.3000167 39.8892616))",POINT (116.3001676 39.8895032),1582.7,17036.2
,26,297848050,,yes,,,"POLYGON ((116.3335439 39.8912416, 116.333914 39.8912394, 116.3339172 39.8915577, 116.3335471 39.8915599, 116.3335439 39.8912416))",POINT (116.3337305 39.8913997),1120.7,12062.8
,27,297848051,,yes,,,"POLYGON ((116.333962 39.8938536, 116.3341817 39.8938558, 116.3341827 39.8938, 116.3343022 39.8938012, 116.3343077 39.8934828, 116.3339684 39.8934794, 116.333962 39.8938536))",POINT (116.3341289 39.8936593),1141.3,12284.4
,28,297848052,,yes,,,"POLYGON ((116.3339249 39.8922537, 116.3339244 39.891937, 116.3342855 39.8919367, 116.3342859 39.8922534, 116.3339249 39.8922537))",POINT (116.3341052 39.8920952),1084.4,11672.2
,29,297848053,,yes,,,"POLYGON ((116.3345588 39.8914598, 116.3345512 39.8911373, 116.3349167 39.8911322, 116.3349243 39.8914547, 116.3345588 39.8914598))",POINT (116.3347378 39.891296),1119.1,12045.6
,30,297848054,,yes,,,"POLYGON ((116.3350056 39.8919437, 116.3350121 39.8916355, 116.3353852 39.8916402, 116.3353787 39.8919484, 116.3350056 39.8919437))",POINT (116.3351954 39.8917919),1091.3,11747.1
,31,297848055,,yes,,,"POLYGON ((116.3355189 39.8914495, 116.3355233 39.8911343, 116.3358872 39.8911373, 116.3358828 39.8914525, 116.3355189 39.8914495))",POINT (116.3357031 39.8912934),1087.1,11701.3
,32,297848056,,yes,,,"POLYGON ((116.3349167 39.8911322, 116.3355233 39.8911343, 116.3355189 39.8914495, 116.3349243 39.8914547, 116.3349167 39.8911322))",POINT (116.3352196 39.8912921),1817.8,19566.8
,33,297848057,,yes,,,"POLYGON ((116.3345184 39.8934354, 116.334516 39.8930806, 116.3348552 39.8930792, 116.334857 39.893338, 116.3348101 39.8933382, 116.3348105 39.8933966, 116.3346815 39.8933971, 116.3346817 39.8934347, 116.3345184 39.8934354))",POINT (116.3346783 39.8932452),1053.6,11341.0
,34,297848058,,yes,,,"POLYGON ((116.3350867 39.8931023, 116.3350848 39.8927404, 116.3354221 39.8927394, 116.3354236 39.8930282, 116.3352553 39.8930287, 116.3352557 39.8931018, 116.3350867 39.8931023))",POINT (116.3352448 39.8929047),1041.8,11213.7
,35,456088234,,yes,,,"POLYGON ((116.2924463 39.8945049, 116.2924443 39.8945887, 116.29299 39.8945962, 116.2929872 39.8947183, 116.2930845 39.8947196, 116.2930893 39.8945137, 116.2924463 39.8945049))",POINT (116.2928157 39.8945705),626.7,6745.8
,36,456088235,,yes,,,"POLYGON ((116.2916738 39.8949411, 116.2924248 39.8949514, 116.2924269 39.8948635, 116.2916759 39.8948532, 116.2916738 39.8949411))",POINT (116.2920504 39.8949023),629.8,6779.3
,37,478581596,,yes,,,"POLYGON ((116.3386585 39.8977238, 116.3387497 39.8977279, 116.3387872 39.8973452, 116.3386746 39.8973411, 116.3386585 39.8977238))",POINT (116.338718 39.8975278),370.4,3986.4
,38,478581600,,yes,,,"POLYGON ((116.3380241 39.8972001, 116.3387376 39.8972289, 116.3387537 39.8971137, 116.3380349 39.8970766, 116.3380349 39.8971589, 116.3380241 39.8972001))",POINT (116.3383854 39.8971546),811.7,8736.7
,39,478581601,,yes,,,"POLYGON ((116.3380724 39.8969244, 116.3387912 39.8969491, 116.3388073 39.8968667, 116.3380778 39.8968379, 116.3380724 39.8969244))",POINT (116.3384346 39.8968943),585.2,6298.8
,40,478581602,,yes,,,"POLYGON ((116.3390917 39.8971631, 116.3393223 39.8971631, 116.3393062 39.8972371, 116.3397622 39.897266, 116.3397729 39.8969449, 116.3391131 39.8969079, 116.3390917 39.8971631))",POINT (116.339452 39.8970777),1878.7,20221.8
,41,478581603,,yes,,,"POLYGON ((116.340076 39.8975088, 116.34168 39.8974903, 116.34168 39.8973709, 116.341342 39.897124, 116.3401082 39.8971116, 116.340076 39.8975088))",POINT (116.3408234 39.8973177),5338.5,57463.5
,42,478883208,,residential,,,"POLYGON ((116.3408571 39.8921874, 116.3415924 39.8922177, 116.3415996 39.892115, 116.3408642 39.8920847, 116.3408571 39.8921874))",POINT (116.3412283 39.8921512),718.0,7728.0
,43,478883209,,residential,,,"POLYGON ((116.34176 39.8926389, 116.3418754 39.8926369, 116.3418942 39.8920648, 116.3417735 39.8920709, 116.34176 39.8926389))",POINT (116.3418259 39.8923508),638.2,6869.5
,44,478883210,,residential,,,"POLYGON ((116.3409259 39.8926369, 116.3415991 39.8926327, 116.3415937 39.8924763, 116.3409232 39.8924949, 116.3409259 39.8926369))",POINT (116.3412659 39.8925602),954.1,10269.7
,45,478883219,,residential,,,"POLYGON ((116.3415884 39.8936699, 116.3417842 39.893674, 116.3417842 39.8935856, 116.3418432 39.8935856, 116.3418593 39.8928488, 116.3417171 39.892855, 116.341693 39.8935691, 116.3415991 39.893567, 116.3415884 39.8936699))",POINT (116.3417646 39.8932806),1188.7,12794.7
,46,478883221,,residential,,,"POLYGON ((116.3408038 39.892961, 116.3414851 39.8929713, 116.3414985 39.8928745, 116.3408226 39.8928622, 116.3408038 39.892961))",POINT (116.3411513 39.8929173),631.1,6792.6
,47,478883223,,residential,,,"POLYGON ((116.3407851 39.8932964, 116.3415119 39.8933129, 116.3415093 39.8931976, 116.3407931 39.8931812, 116.3407851 39.8932964))",POINT (116.3411498 39.8932472),786.5,8465.8
,48,478883225,,residential,,,"POLYGON ((116.340946 39.8934775, 116.3414368 39.893496, 116.3414637 39.8933952, 116.3409567 39.8933829, 116.340946 39.8934775))",POINT (116.3412037 39.8934377),466.1,5017.0
,49,478883227,,residential,,,"POLYGON ((116.3407636 39.8936483, 116.3414985 39.8936689, 116.3415066 39.8935578, 116.340777 39.8935351, 116.3407636 39.8936483))",POINT (116.3411352 39.8936026),784.2,8440.6
,50,478883229,,yes,,,"POLYGON ((116.3407529 39.8940475, 116.3414958 39.894064, 116.3415012 39.8939755, 116.3407529 39.8939652, 116.3407529 39.8940475))",POINT (116.3411303 39.8940131),606.0,6522.9
,51,478883231,,yes,,,"POLYGON ((116.3415589 39.894738, 116.3417305 39.8947421, 116.3417332 39.8946577, 116.3417896 39.8946556, 116.3417922 39.8940939, 116.341744 39.8940877, 116.3417547 39.8939827, 116.3415455 39.8939827, 116.3415455 39.8940897, 116.3416796 39.8940918, 116.3416608 39.8946433, 116.3415616 39.8946351, 116.3415589 39.894738))",POINT (116.3416999 39.8943563),1009.2,10863.1
,52,478883234,,yes,,,"POLYGON ((116.3407489 39.894384, 116.3414543 39.8943922, 116.3414489 39.894312, 116.3407569 39.8943079, 116.3407489 39.894384))",POINT (116.3411052 39.8943492),516.9,5564.2
,53,478883236,,yes,,,"POLYGON ((116.3407167 39.8947236, 116.3414489 39.8947297, 116.3414516 39.8946454, 116.3407301 39.8946392, 116.3407167 39.8947236))",POINT (116.3410867 39.8946846),584.7,6293.3
,54,478883238,,yes,,,"POLYGON ((116.3395673 39.8946875, 116.340203 39.8947225, 116.3402138 39.8946135, 116.3395861 39.8945785, 116.3395673 39.8946875))",POINT (116.3398923 39.8946506),658.9,7092.1
,55,478883240,,yes,,,"POLYGON ((116.3393313 39.8950497, 116.3394574 39.8950538, 116.3395056 39.894562, 116.3393554 39.8945538, 116.3393313 39.8950497))",POINT (116.3394129 39.8947976),649.2,6988.4
,56,478883242,,yes,,,"POLYGON ((116.3395499 39.8951475, 116.3401373 39.8951598, 116.340148 39.8950549, 116.3395553 39.8950405, 116.3395499 39.8951475))",POINT (116.3398467 39.8951006),593.3,6386.1
,57,478883245,,yes,,,"POLYGON ((116.3392441 39.8956023, 116.3394238 39.8956043, 116.3394319 39.8954459, 116.3392441 39.8954315, 116.3392441 39.8956023))",POINT (116.3393349 39.8955203),286.7,3086.1
,58,478883248,,yes,,,"POLYGON ((116.3401065 39.8955601, 116.3404444 39.8955662, 116.3404552 39.8954716, 116.3400931 39.8954675, 116.3401065 39.8955601))",POINT (116.3402755 39.8955158),311.4,3351.8
,59,478883250,,yes,,,"POLYGON ((116.3401682 39.8959758, 116.340651 39.8959881, 116.3406617 39.895879, 116.3401735 39.8958708, 116.3401682 39.8959758))",POINT (116.3404152 39.8959284),494.6,5324.0
,60,478883253,,yes,,,"POLYGON ((116.34038 39.8961424, 116.3409192 39.896161, 116.3409379 39.896093, 116.3403908 39.8960725, 116.34038 39.8961424))",POINT (116.3406559 39.8961171),357.8,3850.8
,61,478883255,,yes,,,"POLYGON ((116.3407328 39.8950322, 116.3414355 39.8950425, 116.3414489 39.8949376, 116.3407408 39.8949293, 116.3407328 39.8950322))",POINT (116.3410907 39.8949854),695.1,7481.7
,62,478883257,,yes,,,"POLYGON ((116.3406845 39.8954644, 116.3414382 39.8954747, 116.3414543 39.8953862, 116.3406872 39.895378, 116.3406845 39.8954644))",POINT (116.3410677 39.8954257),631.4,6796.1
,63,478883259,,yes,,,"POLYGON ((116.3415696 39.8955693, 116.3417279 39.8955673, 116.3417627 39.8948964, 116.341583 39.8948985, 116.3415696 39.8955693))",POINT (116.3416611 39.8952258),1076.1,11583.2
,64,478883261,,yes,,,"POLYGON ((116.3413195 39.8960112, 116.341117 39.8960102, 116.3411183 39.8959742, 116.3406945 39.8959577, 116.3407053 39.8955585, 116.3412363 39.8955853, 116.3412323 39.8957396, 116.3411451 39.8957458, 116.3411451 39.8956861, 116.3409252 39.8956882, 116.3409225 39.8958507, 116.3411968 39.8958657, 116.3411941 39.895914, 116.3413242 39.8959192, 116.3413195 39.8960112))",POINT (116.340954 39.8957811),1649.5,17754.7
,65,478883264,,yes,,,"POLYGON ((116.3412028 39.8959001, 116.3414509 39.8959022, 116.341459 39.8958322, 116.3416682 39.8958384, 116.3417406 39.8958137, 116.3417513 39.8956429, 116.3412457 39.895647, 116.3412444 39.8958055, 116.3412095 39.8958055, 116.3412028 39.8959001))",POINT (116.3414681 39.8957589),1062.7,11439.2
,66,478883266,,yes,,,"POLYGON ((116.3420879 39.8970165, 116.3418626 39.8970124, 116.3418921 39.8968292, 116.3421496 39.8968457, 116.3421228 39.8970165, 116.3420879 39.8970165))",POINT (116.3420053 39.8969261),437.6,4710.6
,67,484591431,,residential,,,"POLYGON ((116.3405141 39.8919679, 116.3406497 39.8919718, 116.3406589 39.8917827, 116.3406269 39.8917818, 116.3406337 39.8916419, 116.3400597 39.8916255, 116.3400528 39.8917683, 116.3405232 39.8917818, 116.3405141 39.8919679))",POINT (116.3404007 39.8917456),1020.5,10984.9
,68,484591432,,residential,,,"POLYGON ((116.3399719 39.8925475, 116.340157 39.8925487, 116.3401574 39.8925145, 116.3406241 39.8925174, 116.3406257 39.8923619, 116.339974 39.8923578, 116.3399719 39.8925475))",POINT (116.3402852 39.8924431),1020.2,10981.3
,69,484591433,,residential,,,"POLYGON ((116.340844 39.8918342, 116.3416192 39.8918547, 116.3416239 39.8917499, 116.3408487 39.8917293, 116.340844 39.8918342))",POINT (116.3412339 39.891792),768.8,8275.7
,70,484591434,,residential,,,"POLYGON ((116.3408091 39.8908649, 116.3415831 39.8908856, 116.341587 39.890799, 116.3408131 39.8907783, 116.3408091 39.8908649))",POINT (116.3411981 39.890832),636.2,6848.1
,71,484591435,,residential,,,"POLYGON ((116.3409407 39.891144, 116.3416327 39.8911625, 116.3416378 39.8910509, 116.3409458 39.8910324, 116.3409407 39.891144))",POINT (116.3412893 39.8910975),734.4,7905.1
,72,484591436,,residential,,,"POLYGON ((116.3409298 39.8915111, 116.3416219 39.8915296, 116.3416269 39.891418, 116.3409349 39.8913995, 116.3409298 39.8915111))",POINT (116.3412784 39.8914646),734.9,7910.2
,73,484591437,,residential,,,"POLYGON ((116.3403786 39.889027, 116.3408154 39.8890349, 116.3407972 39.8896258, 116.341202 39.8896332, 116.3412308 39.8888245, 116.3403758 39.888799, 116.3403786 39.889027))",POINT (116.3409166 39.8891526),4073.4,43845.3
,74,484591438,,residential,,,"POLYGON ((116.3399706 39.8898612, 116.3401557 39.8898612, 116.3401557 39.8893858, 116.3399706 39.8893858, 116.3399706 39.8898612))",POINT (116.3400631 39.8896235),836.1,8999.6
,75,484591439,,residential,,,"POLYGON ((116.3399599 39.8903016, 116.3399599 39.8909334, 116.3401101 39.8909334, 116.3401101 39.8903016, 116.3399599 39.8903016))",POINT (116.340035 39.8906175),900.8,9696.0
,76,484591440,,residential,,,"POLYGON ((116.3400828 39.8912693, 116.340858 39.8912837, 116.3408624 39.8911426, 116.3400873 39.8911282, 116.3400828 39.8912693))",POINT (116.3404726 39.891206),1037.4,11166.4
,77,484591441,,residential,,,"POLYGON ((116.3395248 39.8919776, 116.3395248 39.8919706, 116.3390935 39.8919681, 116.3390927 39.8920484, 116.3390556 39.8920482, 116.3390537 39.8922461, 116.3391581 39.8922467, 116.33916 39.8920519, 116.339513 39.8920539, 116.3395127 39.8920904, 116.3396576 39.8920912, 116.3396607 39.8917691, 116.3395621 39.8917686, 116.3395601 39.8919778, 116.3395248 39.8919776))",POINT (116.3393783 39.8920148),879.3,9464.7
北京小学（天宁寺小区）,78,484591442,,school,,,"POLYGON ((116.3397295 39.8925014, 116.339734 39.8917305, 116.338901 39.8917276, 116.3388956 39.8926475, 116.3394106 39.8926493, 116.3397295 39.8925014))",POINT (116.339305 39.8921759),7048.3,75867.5
,79,484591443,,residential,,,"POLYGON ((116.3379622 39.8920415, 116.3388135 39.8920263, 116.3388098 39.8919036, 116.3379585 39.8919187, 116.3379622 39.8920415))",POINT (116.3383859 39.8919725),992.8,10686.9
,80,484591444,,residential,,,"POLYGON ((116.3379703 39.8923594, 116.3388215 39.8923443, 116.3388178 39.8922215, 116.3379666 39.8922366, 116.3379703 39.8923594))",POINT (116.3383941 39.8922904),993.6,10695.2
,81,484591445,,residential,,,"POLYGON ((116.3379745 39.8926977, 116.3388594 39.892682, 116.3388524 39.8924492, 116.3387326 39.8924513, 116.3387362 39.8925726, 116.338098 39.892584, 116.3380944 39.8924653, 116.3379675 39.8924676, 116.3379745 39.8926977))",POINT (116.3384133 39.8926074),1221.3,13146.3
,82,484591446,,residential,,,"POLYGON ((116.3388393 39.8912954, 116.3396934 39.8912915, 116.3396922 39.891139, 116.3388381 39.891143, 116.3388393 39.8912954))",POINT (116.3392658 39.8912172),1241.0,13358.4
,83,484591447,,residential,,,"POLYGON ((116.3378013 39.8913078, 116.3386554 39.8913038, 116.3386542 39.8911514, 116.3378001 39.8911554, 116.3378013 39.8913078))",POINT (116.3382277 39.8912296),1235.4,13298.0
,84,484591448,,residential,,,"POLYGON ((116.3388214 39.8916609, 116.3397066 39.8916568, 116.3397047 39.8914239, 116.3395849 39.8914245, 116.3395859 39.8915458, 116.3389475 39.8915488, 116.3389465 39.8914301, 116.3388196 39.8914307, 116.3388214 39.8916609))",POINT (116.3392622 39.8915764),1216.4,13093.4
,85,484591449,,residential,,,"POLYGON ((116.337812 39.8916638, 116.3386971 39.8916597, 116.3386953 39.8914269, 116.3385755 39.8914274, 116.3385765 39.8915488, 116.337938 39.8915517, 116.3379371 39.891433, 116.3378102 39.8914336, 116.337812 39.8916638))",POINT (116.3382527 39.8915793),1215.9,13087.8
,86,484591450,,residential,,,"POLYGON ((116.3368652 39.8917153, 116.3369922 39.8917232, 116.3370539 39.8911387, 116.3369269 39.8911308, 116.3368652 39.8917153))",POINT (116.3369596 39.891427),704.9,7587.3
,87,484591451,,residential,,,"POLYGON ((116.3368089 39.8925179, 116.3369493 39.8925271, 116.3370217 39.8918809, 116.3368813 39.8918717, 116.3368089 39.8925179))",POINT (116.3369153 39.8921994),866.6,9328.0
,88,484591452,,residential,,,"POLYGON ((116.3371575 39.8913284, 116.3376679 39.8913268, 116.3376672 39.8911843, 116.3371568 39.8911859, 116.3371575 39.8913284))",POINT (116.3374123 39.8912563),689.7,7423.6
,89,484591453,,residential,,,"POLYGON ((116.337171 39.8917256, 116.3376893 39.891724, 116.3376886 39.8915877, 116.3371702 39.8915893, 116.337171 39.8917256))",POINT (116.3374298 39.8916566),671.1,7224.1
,90,484591454,,residential,,,"POLYGON ((116.3371146 39.8920898, 116.337802 39.8920877, 116.3378013 39.8919581, 116.337114 39.8919602, 116.3371146 39.8920898))",POINT (116.337458 39.892024),846.0,9106.4
,91,484591455,,residential,,,"POLYGON ((116.33712 39.8924561, 116.3378047 39.892454, 116.337804 39.8923141, 116.3371193 39.8923162, 116.33712 39.8924561))",POINT (116.337462 39.8923851),906.8,9760.4
,92,484591456,,residential,,,"POLYGON ((116.3374041 39.892694, 116.337404 39.8926804, 116.3367975 39.8926823, 116.3367981 39.8927957, 116.3374015 39.8927938, 116.3374016 39.8928245, 116.33781 39.8928232, 116.3378093 39.8926928, 116.3374041 39.892694))",POINT (116.337321 39.892747),1154.7,12429.6
,93,484591457,,residential,,,"POLYGON ((116.3368142 39.8936065, 116.3375599 39.893625, 116.3375664 39.8934699, 116.3368208 39.8934514, 116.3368142 39.8936065))",POINT (116.3371903 39.8935382),1097.7,11815.0
,94,484591458,,residential,,,"POLYGON ((116.3368105 39.8932148, 116.3373909 39.8932142, 116.3373909 39.8932381, 116.3378686 39.8932376, 116.3378683 39.8930694, 116.3374058 39.8930699, 116.3374057 39.8930404, 116.3368102 39.893041, 116.3368105 39.8932148))",POINT (116.3373353 39.893139),1719.9,18512.6
,95,484591459,,residential,,,"POLYGON ((116.3387213 39.8929768, 116.3387108 39.8931148, 116.3393516 39.8931433, 116.3393436 39.8932496, 116.3394431 39.893254, 116.3394616 39.8930097, 116.3387213 39.8929768))",POINT (116.3391154 39.8930751),1075.4,11575.6
,96,484591460,,residential,,,"POLYGON ((116.3379354 39.8930941, 116.3386623 39.8930797, 116.3386576 39.8929407, 116.3379307 39.8929551, 116.3379354 39.8930941))",POINT (116.3382965 39.8930174),961.6,10350.7
,97,529815972,,yes,,,"POLYGON ((116.3164668 39.8897108, 116.3167418 39.8895047, 116.317068 39.8897607, 116.316793 39.8899669, 116.3164668 39.8897108))",POINT (116.3167674 39.8897358),1306.4,14061.6
,98,529815973,,yes,,,"POLYGON ((116.3158867 39.8901661, 116.3161467 39.8899651, 116.3164423 39.8901904, 116.3161823 39.8903913, 116.3158867 39.8901661))",POINT (116.3161645 39.8901782),1119.3,12048.3
,99,529815974,,yes,,,"POLYGON ((116.3164465 39.8905819, 116.3167065 39.8903879, 116.3170171 39.8906329, 116.3167571 39.8908269, 116.3164465 39.8905819))",POINT (116.3167318 39.8906074),1175.7,12655.5
,100,529815975,,yes,,,"POLYGON ((116.3173665 39.8905589, 116.3178242 39.8905568, 116.3178264 39.8908435, 116.3173687 39.8908456, 116.3173665 39.8905589))",POINT (116.3175964 39.8907012),1245.4,13405.2
,101,529815976,,yes,,,"POLYGON ((116.3173828 39.8892275, 116.3173793 39.8895179, 116.3178434 39.8895212, 116.3178469 39.8892308, 116.3173828 39.8892275))",POINT (116.3176131 39.8893743),1277.2,13747.7
三空门,102,532863291,,yes,,,"POLYGON ((116.3397526 39.8928841, 116.3399055 39.8928876, 116.3399077 39.8928309, 116.3397548 39.8928274, 116.3397526 39.8928841))",POINT (116.3398301 39.8928575),82.6,889.2
鼓楼,103,532863294,,yes,,,"POLYGON ((116.3395487 39.8929802, 116.3396305 39.8929831, 116.3396345 39.8929175, 116.3395526 39.8929145, 116.3395487 39.8929802))",POINT (116.3395916 39.8929488),51.2,551.0
药师殿,104,532863298,,yes,,,"POLYGON ((116.3399171 39.8935318, 116.3400308 39.8935341, 116.3400345 39.8934267, 116.3399208 39.8934244, 116.3399171 39.8935318))",POINT (116.3399758 39.8934792),116.0,1248.5
弥陀殿,105,532863304,,yes,,,"POLYGON ((116.3395353 39.8935179, 116.3396371 39.8935226, 116.3396452 39.8934201, 116.3395434 39.8934153, 116.3395353 39.8935179))",POINT (116.3395902 39.893469),99.5,1071.3
接引殿,106,532863309,,yes,,,"POLYGON ((116.3396613 39.8933501, 116.3399427 39.8933633, 116.3399537 39.8932256, 116.3396723 39.8932124, 116.3396613 39.8933501))",POINT (116.3398075 39.8932878),369.4,3976.1
钟楼,107,532863313,,yes,,,"POLYGON ((116.3399966 39.8929931, 116.3400785 39.892996, 116.3400824 39.8929303, 116.3400006 39.8929274, 116.3399966 39.8929931))",POINT (116.3400395 39.8929617),51.2,551.0
伽蓝殿,108,532863314,,yes,,,"POLYGON ((116.3399939 39.8931083, 116.3400776 39.8931113, 116.3400838 39.8930085, 116.3400001 39.8930055, 116.3399939 39.8931083))",POINT (116.3400388 39.8930584),81.7,879.1
祖师殿,109,532863315,,yes,,,"POLYGON ((116.3395366 39.8930857, 116.3396259 39.8930899, 116.3396332 39.8929993, 116.3395438 39.8929951, 116.3395366 39.8930857))",POINT (116.3395849 39.8930425),77.6,835.2
五观堂,110,532863317,,yes,,,"POLYGON ((116.3399886 39.8934103, 116.3400595 39.8934128, 116.340077 39.8931232, 116.3400061 39.8931207, 116.3399886 39.8934103))",POINT (116.3400328 39.8932668),193.1,2078.0
僧舍,111,532863318,,yes,,,"POLYGON ((116.3395181 39.8934017, 116.3395931 39.8934052, 116.3396177 39.893097, 116.3395427 39.8930935, 116.3395181 39.8934017))",POINT (116.3395679 39.8932493),221.7,2386.0
天宁寺塔,112,532863319,,yes,,,"POLYGON ((116.3396156 39.8937826, 116.3397056 39.8938605, 116.339841 39.8938666, 116.3399425 39.8937975, 116.3399505 39.8936936, 116.3398605 39.8936158, 116.3397251 39.8936096, 116.3396236 39.8936787, 116.3396156 39.8937826))",POINT (116.339783 39.8937381),646.7,6960.7
,113,532865690,,toilets,,,"POLYGON ((116.3397071 39.89291, 116.3395903 39.8929074, 116.3395927 39.8928438, 116.3397095 39.8928464, 116.3397071 39.89291))",POINT (116.3396499 39.8928769),71.1,764.9
,114,532865691,,yes,,,"POLYGON ((116.3399459 39.8928546, 116.3399437 39.8929101, 116.3400487 39.8929124, 116.3400508 39.892857, 116.3399459 39.8928546))",POINT (116.3399973 39.8928835),55.9,601.3
莲花小区2号楼,115,558720680,,apartments,,,"POLYGON ((116.2964156 39.895328, 116.2968963 39.89512, 116.297494 39.89512, 116.2980609 39.8953327, 116.2982704 39.895068, 116.2980794 39.8947938, 116.2979561 39.8947134, 116.2978452 39.894789, 116.2977836 39.8947938, 116.2976542 39.8946094, 116.2975063 39.894581, 116.2973769 39.8947181, 116.2972721 39.8947323, 116.2971612 39.8945621, 116.2970133 39.8945621, 116.2969702 39.894737, 116.2968346 39.8947607, 116.2966806 39.8945621, 116.2964834 39.894633, 116.296508 39.8947985, 116.2964341 39.8948316, 116.2962123 39.8946945, 116.2960767 39.8947749, 116.2961568 39.8950538, 116.2964156 39.895328))",POINT (116.297161 39.894941),9760.0,105055.8
莲花小区1号楼,116,558777518,,apartments,,,"POLYGON ((116.2985196 39.8948542, 116.2985625 39.8951258, 116.2987878 39.8952987, 116.2992169 39.8951834, 116.299689 39.8951258, 116.3000216 39.8951587, 116.30044 39.8952904, 116.3005259 39.8953728, 116.3007619 39.8950847, 116.300601 39.8949036, 116.3003649 39.8947389, 116.3002684 39.894813, 116.3001825 39.8947883, 116.3001718 39.8946649, 116.3000538 39.8946155, 116.2998499 39.8945908, 116.2998607 39.8947142, 116.2997534 39.8947554, 116.2996461 39.8948048, 116.299571 39.8946072, 116.2993779 39.8946072, 116.299292 39.8947966, 116.2991847 39.8948295, 116.2990775 39.894599, 116.2989165 39.8946237, 116.2989594 39.8948459, 116.2988629 39.8948789, 116.2986483 39.8947225, 116.2985196 39.8948542))",POINT (116.2996164 39.8949644),9607.8,103416.9
白云时代大厦,117,586805916,,residential,,,"POLYGON ((116.333264 39.8971686, 116.333264 39.8967745, 116.3341186 39.896796, 116.3341046 39.8971829, 116.333264 39.8971686))",POINT (116.3336866 39.8969799),3136.1,33756.9
中国煤炭地质总局,118,603203443,,yes,,,"POLYGON ((116.3167156 39.8970954, 116.3171163 39.8970908, 116.3171224 39.8973955, 116.3167216 39.8974001, 116.3167156 39.8970954))",POINT (116.316919 39.8972455),1159.6,12481.7
,119,621690847,,yes,,,"POLYGON ((116.325565 39.8919682, 116.3255677 39.8924663, 116.32597 39.892465, 116.3259694 39.892349, 116.3257082 39.8923498, 116.3257067 39.8920823, 116.325968 39.8920815, 116.3259673 39.891967, 116.325565 39.8919682))",POINT (116.3257297 39.8922171),1238.5,13331.6
建设大厦,120,621690851,,yes,,,"POLYGON ((116.3203228 39.8927523, 116.3203239 39.8926221, 116.3204393 39.8926227, 116.3204397 39.8925794, 116.3205251 39.8925798, 116.3205934 39.8925665, 116.3206541 39.8925392, 116.3207024 39.8924999, 116.3207346 39.8924518, 116.3207351 39.8923921, 116.3202735 39.8923897, 116.3202362 39.8923991, 116.3202046 39.8924169, 116.3201818 39.8924413, 116.3198787 39.8924398, 116.3198546 39.8924169, 116.3198115 39.8923909, 116.3197619 39.892373, 116.3197084 39.8923639, 116.3196536 39.8923643, 116.3196003 39.8923739, 116.3195511 39.8923925, 116.3195085 39.8924189, 116.3194747 39.892452, 116.3194513 39.89249, 116.3194396 39.8925311, 116.31944 39.8925731, 116.3194526 39.892614, 116.3194767 39.8926517, 116.3195112 39.8926844, 116.3195543 39.8927104, 116.3196039 39.8927283, 116.3196574 39.8927373, 116.3197122 39.892737, 116.3197655 39.8927273, 116.3198017 39.8927137, 116.3198005 39.8928574, 116.3202247 39.8928595, 116.3202823 39.8928105, 116.3203228 39.8927523))",POINT (116.3200232 39.8925861),3888.9,41860.1
,121,621690853,,yes,,,"POLYGON ((116.3204071 39.8929622, 116.3208067 39.8929643, 116.3208084 39.8927775, 116.3206492 39.8927767, 116.3206485 39.8928632, 116.320408 39.892862, 116.3204071 39.8929622))",POINT (116.3206383 39.8928894),510.5,5495.5
,122,621690854,,yes,,,"POLYGON ((116.3203712 39.8930226, 116.3203213 39.8930816, 116.3207263 39.8932833, 116.3207607 39.8932426, 116.3207547 39.8931661, 116.3204595 39.8930191, 116.3203712 39.8930226))",POINT (116.3205595 39.8931375),472.2,5082.7
北京消防协会,123,621690856,,fire_station,,,"POLYGON ((116.3211536 39.8928384, 116.3216365 39.8928376, 116.321636 39.8926891, 116.3211554 39.89269, 116.3211552 39.8926205, 116.3210181 39.8926207, 116.3210187 39.8928143, 116.3211536 39.8928141, 116.3211536 39.8928384))",POINT (116.3213121 39.8927512),931.3,10024.5
北京建工大厦,124,621690857,,yes,,,"POLYGON ((116.3226769 39.8925354, 116.3226606 39.8924846, 116.3226237 39.8924406, 116.3225702 39.8924082, 116.3225058 39.8923908, 116.3224376 39.8923905, 116.3217936 39.8923875, 116.3217938 39.8923634, 116.3210764 39.89236, 116.3210781 39.8923903, 116.3210924 39.8924186, 116.3211178 39.8924419, 116.3211517 39.8924576, 116.3211903 39.8924642, 116.3216898 39.8924665, 116.3216877 39.8927344, 116.3221988 39.8927368, 116.3221984 39.8927911, 116.3226749 39.8927933, 116.3226769 39.8925354))",POINT (116.3220751 39.8925547),4038.3,43468.2
,125,621690858,,yes,,,"POLYGON ((116.3256884 39.8912953, 116.3274896 39.8913037, 116.3274908 39.8911533, 116.3256896 39.8911449, 116.3256884 39.8912953))",POINT (116.3265896 39.8912243),2571.9,27683.7
,126,621690859,,yes,,,"POLYGON ((116.326339 39.8899352, 116.3275019 39.8899406, 116.3275031 39.8897829, 116.3263403 39.8897775, 116.326339 39.8899352))",POINT (116.3269211 39.8898591),1739.6,18724.4
,127,621690861,,kindergarten,,,"POLYGON ((116.3259964 39.8910493, 116.3263565 39.891051, 116.3263585 39.8908003, 116.3259984 39.8907986, 116.3259964 39.8910493))",POINT (116.3261774 39.8909248),854.9,9201.8
,128,621690863,,yes,,,"POLYGON ((116.3256723 39.8898115, 116.3256642 39.890824, 116.3258571 39.8908249, 116.3258652 39.8898124, 116.3256723 39.8898115))",POINT (116.3257647 39.8903182),1854.7,19963.5
,129,621690864,,yes,,,"POLYGON ((116.3252002 39.8910031, 116.3252994 39.8909228, 116.325208 39.8908562, 116.3251088 39.8909365, 116.3252002 39.8910031))",POINT (116.3252041 39.8909297),132.3,1424.3
,130,621690866,,yes,,,"POLYGON ((116.3238938 39.8914209, 116.3238961 39.8912043, 116.3236727 39.891203, 116.3236709 39.891386, 116.3236226 39.8914241, 116.3234161 39.8914228, 116.3234144 39.8915838, 116.3236955 39.8915855, 116.3238938 39.8914209))",POINT (116.3236862 39.8914153),1051.6,11319.3
,131,621690867,,yes,,,"POLYGON ((116.3218259 39.8915343, 116.3218238 39.8916905, 116.3231888 39.8917012, 116.3231908 39.891545, 116.3231376 39.8915446, 116.3231391 39.8914297, 116.3229675 39.8914284, 116.322966 39.8915432, 116.3220272 39.8915359, 116.3220289 39.8914052, 116.3218626 39.8914039, 116.3218608 39.8915346, 116.3218259 39.8915343))",POINT (116.3225015 39.891595),2422.2,26072.0
,132,621690868,,yes,,,"POLYGON ((116.3238752 39.8905915, 116.3238841 39.8910736, 116.3241219 39.891071, 116.324113 39.8905889, 116.3238752 39.8905915))",POINT (116.3239986 39.8908313),1089.0,11721.3
,133,621690869,,yes,,,"POLYGON ((116.324358 39.8894884, 116.3243604 39.8896194, 116.3244894 39.889618, 116.324487 39.889487, 116.324358 39.8894884))",POINT (116.3244237 39.8895532),160.8,1731.0
,134,621690870,,yes,,,"POLYGON ((116.3236821 39.8895337, 116.324149 39.8895286, 116.3241461 39.8893731, 116.3236792 39.8893782, 116.3236821 39.8895337))",POINT (116.3239141 39.8894534),689.3,7419.3
,135,621690871,,yes,,,"POLYGON ((116.3241093 39.8893024, 116.3243426 39.8892998, 116.3243411 39.8892175, 116.3241078 39.8892201, 116.3241093 39.8893024))",POINT (116.3242252 39.88926),181.6,1954.6
,136,621690872,,yes,,,"POLYGON ((116.323674 39.889262, 116.3238859 39.889262, 116.3238859 39.8891344, 116.323674 39.8891344, 116.323674 39.889262))",POINT (116.3237799 39.8891982),256.6,2762.2
,137,621690873,,yes,,,"POLYGON ((116.3218796 39.8895193, 116.3224924 39.8895059, 116.3224885 39.8894002, 116.3220808 39.8894091, 116.3220781 39.8893367, 116.321873 39.8893412, 116.3218796 39.8895193))",POINT (116.3221454 39.889444),755.3,8130.1
,138,621690875,,yes,,,"POLYGON ((116.3219009 39.8891526, 116.3219043 39.8892444, 116.3226251 39.8892287, 116.3226217 39.8891369, 116.3219009 39.8891526))",POINT (116.322263 39.8891906),629.9,6780.0
,139,621690876,,yes,,,"POLYGON ((116.3227489 39.8891089, 116.3227542 39.8892536, 116.3235106 39.8892372, 116.3235053 39.8890925, 116.3227489 39.8891089))",POINT (116.3231297 39.889173),1041.7,11212.5
,140,621690883,,yes,,,"POLYGON ((116.3219896 39.8902581, 116.3224402 39.8902557, 116.3224348 39.8896468, 116.3219842 39.8896492, 116.3219855 39.8897991, 116.3222705 39.8897976, 116.3222731 39.8901002, 116.3219882 39.8901017, 116.3219896 39.8902581))",POINT (116.3222502 39.8899537),1784.4,19207.3
,141,621690884,,yes,,,"POLYGON ((116.3236928 39.8900214, 116.3236954 39.8903117, 116.3241166 39.8903095, 116.324114 39.8900192, 116.3236928 39.8900214))",POINT (116.3239047 39.8901655),1160.9,12495.4
,142,621690885,,yes,,,"POLYGON ((116.3229123 39.8905585, 116.3233066 39.8905565, 116.323304 39.8902679, 116.3229097 39.89027, 116.3229123 39.8905585))",POINT (116.3231082 39.8904132),1078.4,11608.2
,143,621690886,,yes,,,"POLYGON ((116.3225497 39.8894622, 116.3225564 39.8895906, 116.3235378 39.8895606, 116.3235311 39.8894322, 116.3225497 39.8894622))",POINT (116.3230438 39.8895114),1197.6,12890.7
玺源台立体车库,144,647214567,,parking,,,"POLYGON ((116.3234948 39.8944815, 116.3244711 39.8946565, 116.3245275 39.8945001, 116.3235431 39.8943313, 116.3234948 39.8944815))",POINT (116.324013 39.8944929),1510.5,16259.4
品莲亭,145,649880589,,shelter,,,"POLYGON ((116.3101751 39.8894808, 116.310456 39.8894409, 116.3104453 39.8894126, 116.3106309 39.8893896, 116.3106394 39.8894149, 116.3109573 39.8893697, 116.310969 39.8894145, 116.3101891 39.8895256, 116.3101751 39.8894808))",POINT (116.3105683 39.8894436),393.6,4236.4
长亭,146,650460352,,shelter,,,"POLYGON ((116.3125458 39.8915676, 116.3127209 39.8915641, 116.3127279 39.8912971, 116.3126672 39.8912971, 116.3126625 39.8915354, 116.3125458 39.891539, 116.3125458 39.8915676))",POINT (116.3126787 39.8914516),184.6,1987.0
长亭,147,650460452,,shelter,,,"POLYGON ((116.3126579 39.8910051, 116.3126602 39.8907794, 116.3125318 39.8907794, 116.3125294 39.8907381, 116.3127233 39.8907399, 116.3127233 39.8910051, 116.3126579 39.8910051))",POINT (116.3126685 39.8908462),212.3,2285.1
露天舞台,148,650461473,,yes,,,"POLYGON ((116.3116748 39.8914709, 116.3117706 39.8913437, 116.3118406 39.891195, 116.3118126 39.8910535, 116.3117472 39.8909101, 116.3117075 39.8908528, 116.3116538 39.8907865, 116.3115371 39.8907758, 116.311404 39.8908134, 116.3113409 39.89086, 116.3113106 39.890946, 116.3112802 39.8910194, 116.3111938 39.8910266, 116.3111378 39.891057, 116.3110841 39.8911144, 116.3110817 39.8911896, 116.3111425 39.8912452, 116.3112499 39.8912577, 116.3113152 39.8912613, 116.3113456 39.8913491, 116.3113946 39.8913992, 116.3114764 39.8914351, 116.3115721 39.8914691, 116.3116748 39.8914709))",POINT (116.3115095 39.8911254),3204.4,34491.4
公园东门,149,650462351,,shelter,,,"POLYGON ((116.3135265 39.8912559, 116.3135303 39.8911425, 116.3135358 39.89098, 116.3136549 39.8909782, 116.3136456 39.8912577, 116.3135265 39.8912559))",POINT (116.3135908 39.891118),311.5,3353.3
机场巴士,150,650471542,,bus_station,,,"POLYGON ((116.3161923 39.8909618, 116.3161011 39.890933, 116.3160528 39.8908445, 116.3159911 39.890754, 116.3159375 39.8906902, 116.3158382 39.8906058, 116.3158409 39.8905091, 116.3159911 39.8905852, 116.3161145 39.8907108, 116.3161762 39.8908342, 116.3162191 39.8909022, 116.3162352 39.8909557, 116.3161923 39.8909618))",POINT (116.3160386 39.8907389),562.7,6056.5
藤萝,151,651891533,,shelter,,,"POLYGON ((116.3112088 39.8924044, 116.3112057 39.8923784, 116.3113813 39.8923571, 116.3113844 39.8923855, 116.3112088 39.8924044))",POINT (116.3112963 39.8923812),46.5,500.1
海淀区七一小学,152,652105474,,school,,,"POLYGON ((116.2999869 39.8978388, 116.3014894 39.8978122, 116.3014448 39.8960856, 116.2998915 39.8960865, 116.2999214 39.8965374, 116.2999911 39.8965756, 116.2999869 39.8978388))",POINT (116.3007148 39.8969508),24768.7,266607.9
,153,652150661,,yes,,,"POLYGON ((116.3118788 39.8899109, 116.3118332 39.8898636, 116.3119888 39.8897915, 116.3120263 39.8898471, 116.3118788 39.8899109))",POINT (116.3119324 39.8898526),100.0,1076.1
普法茶亭,154,652150662,,shelter,,,"POLYGON ((116.3117066 39.8898454, 116.3116411 39.8897572, 116.3116907 39.8897368, 116.3117544 39.8898237, 116.3117066 39.8898454))",POINT (116.3116981 39.8897907),53.6,576.7
享廉亭,155,652150668,,shelter,,,"POLYGON ((116.3117243 39.8896947, 116.3116924 39.8896499, 116.3117473 39.8896268, 116.3117791 39.8896716, 116.3117243 39.8896947))",POINT (116.3117358 39.8896607),30.4,327.3
长亭,156,652151077,,shelter,,,"POLYGON ((116.3120987 39.8890193, 116.312174 39.8889643, 116.3125681 39.8893094, 116.312493 39.8893547, 116.3120987 39.8890193))",POINT (116.3123307 39.8891594),428.6,4613.8
卫生间,157,652168702,,toilets,,,"POLYGON ((116.3130301 39.8915126, 116.3130486 39.8914417, 116.3131164 39.8914559, 116.3130917 39.8915244, 116.3130301 39.8915126))",POINT (116.3130718 39.891483),45.7,491.9
公园西门,158,652169322,,shelter,,,"POLYGON ((116.3048257 39.8914319, 116.3048281 39.8913387, 116.3049191 39.8913423, 116.3049145 39.8914319, 116.3048257 39.8914319))",POINT (116.3048716 39.891386),78.6,846.0
卫生间,159,652169502,,toilets,,,"POLYGON ((116.3048047 39.8915913, 116.3048094 39.8914928, 116.3049004 39.8914981, 116.3048958 39.8915931, 116.3048047 39.8915913))",POINT (116.3048523 39.8915438),84.4,908.5
卫生间,160,652169699,,toilets,,,"POLYGON ((116.3084738 39.893042, 116.3084809 39.8929605, 116.3087393 39.8929741, 116.3087322 39.8930528, 116.3084738 39.893042))",POINT (116.3086058 39.8930073),198.6,2137.8
风荷亭,161,652170777,,shelter,,,"POLYGON ((116.3096951 39.8933208, 116.3096941 39.8933, 116.3096925 39.8932673, 116.3097578 39.8932488, 116.3098114 39.8932702, 116.3098059 39.8933227, 116.3097482 39.8933406, 116.3096951 39.8933208))",POINT (116.3097513 39.8932944),79.3,853.3
花卉超市,162,652172072,,yes,,,"POLYGON ((116.304853 39.8925474, 116.3048375 39.8922448, 116.3050255 39.8922283, 116.3050378 39.8925451, 116.304853 39.8925474))",POINT (116.3049391 39.8923908),549.1,5910.3
,163,652173564,,parking,,,"POLYGON ((116.3047794 39.8913258, 116.3050074 39.891332, 116.3050342 39.8907845, 116.3047821 39.8907825, 116.3047794 39.8913258))",POINT (116.3049011 39.8910517),1241.9,13367.3
,164,652174500,,parking,,,"POLYGON ((116.3138697 39.8909784, 116.3136715 39.8909621, 116.3137352 39.8907856, 116.3139546 39.8908209, 116.3138697 39.8909784))",POINT (116.313807 39.8908847),349.2,3758.9
,165,652175769,,yes,,,"POLYGON ((116.3117917 39.8915522, 116.311789 39.8916078, 116.3119392 39.8916078, 116.3119392 39.8915502, 116.3117917 39.8915522))",POINT (116.3118652 39.8915796),80.6,867.9
监控室,166,652175782,,yes,,,"POLYGON ((116.3117729 39.8906488, 116.3119312 39.8906467, 116.3119419 39.8907229, 116.3117729 39.8907249, 116.3117729 39.8906488))",POINT (116.3118548 39.8906862),118.8,1279.1
违建,167,652178004,,yes,,,"POLYGON ((116.3071905 39.893483, 116.3071998 39.8932931, 116.3077695 39.8932824, 116.3077509 39.8934759, 116.3071905 39.893483))",POINT (116.3074785 39.8933833),1027.6,11060.9
全民健身,168,652989237,,yes,,,"POLYGON ((116.3126009 39.890373, 116.3129645 39.8904227, 116.3132356 39.88986, 116.3129922 39.8894392, 116.3128412 39.8894747, 116.312832 39.8899522, 116.3126009 39.890373))",POINT (116.3129444 39.889971),2990.7,32191.2
光耀东方广场,169,653300373,,commercial,,,"POLYGON ((116.315622 39.8988189, 116.315608 39.8983997, 116.3157621 39.8979518, 116.3158041 39.8977369, 116.3157855 39.8971708, 116.3158135 39.8970956, 116.3165887 39.8971063, 116.3166167 39.8988869, 116.315678 39.8988869, 116.315622 39.8988189))",POINT (116.3161567 39.8980402),14990.9,161361.0
西新隆商场,170,653300374,,commercial,,,"POLYGON ((116.3156313 39.8967624, 116.3159909 39.8966155, 116.3161637 39.8964435, 116.3163272 39.8961174, 116.3171958 39.8960959, 116.3171678 39.8968125, 116.3157014 39.8968268, 116.3156313 39.8967624))",POINT (116.3166034 39.8964996),7519.9,80943.9
大方饭店,171,653300376,,yes,,,"POLYGON ((116.318708 39.8919388, 116.3187099 39.8911765, 116.3194888 39.8911872, 116.3194888 39.8919469, 116.318708 39.8919388))",POINT (116.3190987 39.8915625),5632.9,60632.2
北京市第十四中学（高中部）,172,653300383,,school,,,"POLYGON ((116.3312992 39.891542, 116.3313132 39.8898185, 116.331458 39.8897576, 116.3315374 39.8896107, 116.3316027 39.8895641, 116.3316167 39.8888797, 116.3327983 39.8888295, 116.3330037 39.8889872, 116.3330691 39.891026, 116.3323733 39.8912983, 116.331981 39.8914022, 116.3312992 39.891542))",POINT (116.332186 39.8901593),37993.5,408958.4
宣武外国语实验学校,173,653301816,,school,,,"POLYGON ((116.3222442 39.890904, 116.3222444 39.890393, 116.3219222 39.8904019, 116.3219012 39.8895903, 116.3225363 39.8895742, 116.3225456 39.8901547, 116.3228467 39.8901546, 116.3228542 39.8911635, 116.3222585 39.8911547, 116.3222442 39.890904))",POINT (116.322402 39.8903555),9941.5,107009.6
北京市第四幼儿园,174,653301817,,kindergarten,,,"POLYGON ((116.3213677 39.890464, 116.3213606 39.8899128, 116.3217712 39.8899155, 116.321757 39.890464, 116.3213677 39.890464))",POINT (116.321564 39.8901866),2084.5,22437.7
,175,655583225,,yes,,,"POLYGON ((116.3019327 39.8923763, 116.3019057 39.892307, 116.3019733 39.892269, 116.3019418 39.8921755, 116.3019824 39.8921271, 116.3019914 39.8920475, 116.3021222 39.8920509, 116.3021673 39.8920198, 116.3022305 39.8920371, 116.3022305 39.8921132, 116.3023252 39.8921617, 116.302271 39.8922067, 116.3023026 39.8922517, 116.3022395 39.8922967, 116.3023026 39.8923555, 116.302253 39.8924109, 116.3019327 39.8923763))",POINT (116.3021169 39.8922288),1058.6,11394.6
,176,655583226,,yes,,,"POLYGON ((116.3025575 39.8923815, 116.3025304 39.8923122, 116.3025981 39.8922742, 116.3025665 39.8921807, 116.3026071 39.8921323, 116.3026161 39.8920527, 116.302747 39.8920561, 116.3027921 39.892025, 116.3028552 39.8920423, 116.3028552 39.8921184, 116.3029499 39.8921669, 116.3028958 39.8922119, 116.3029274 39.8922569, 116.3028642 39.8923019, 116.3029274 39.8923607, 116.3028778 39.8924161, 116.3025575 39.8923815))",POINT (116.3027416 39.892234),1056.4,11371.4
,177,655583227,,yes,,,"POLYGON ((116.3032206 39.8923988, 116.3031935 39.8923295, 116.3032612 39.8922915, 116.3032296 39.892198, 116.3032702 39.8921496, 116.3032792 39.89207, 116.3034101 39.8920734, 116.3034552 39.8920423, 116.3035183 39.8920596, 116.3035183 39.8921357, 116.303613 39.8921842, 116.3035589 39.8922292, 116.3035905 39.8922742, 116.3035273 39.8923192, 116.3035905 39.892378, 116.3035409 39.8924334, 116.3032206 39.8923988))",POINT (116.3034047 39.8922513),1057.5,11382.5
,178,655583228,,yes,,,"POLYGON ((116.3032341 39.8910178, 116.3032071 39.8909486, 116.3032747 39.8909105, 116.3032432 39.8908171, 116.3032838 39.8907686, 116.3032928 39.890689, 116.3034236 39.8906925, 116.3034687 39.8906613, 116.3035319 39.8906786, 116.3035319 39.8907548, 116.3036266 39.8908032, 116.3035725 39.8908482, 116.303604 39.8908932, 116.3035409 39.8909382, 116.303604 39.890997, 116.3035544 39.8910524, 116.3032341 39.8910178))",POINT (116.3034183 39.8908703),1057.8,11386.1
,179,655583229,,yes,,,"POLYGON ((116.3027447 39.8914833, 116.3028484 39.8913933, 116.302862 39.8913103, 116.3030605 39.8912999, 116.3030875 39.8913899, 116.3031958 39.8914764, 116.3031507 39.8915249, 116.3030785 39.8914902, 116.3029477 39.8914833, 116.3028169 39.8915352, 116.3027447 39.8914833))",POINT (116.3029661 39.8914205),563.7,6067.3
,180,655583230,,yes,,,"POLYGON ((116.3014997 39.8905765, 116.3014954 39.8904664, 116.3016189 39.8904636, 116.3016165 39.8904031, 116.3023242 39.890387, 116.3023289 39.8905102, 116.3016761 39.8905251, 116.3016806 39.8906426, 116.3015448 39.8906457, 116.3014997 39.8905765))",POINT (116.3018804 39.8904808),1089.8,11730.7
,181,655583231,,yes,,,"POLYGON ((116.3015128 39.8909431, 116.3016404 39.8909392, 116.3016466 39.8910587, 116.3023376 39.8910375, 116.3023458 39.8911947, 116.3016444 39.8912162, 116.3016413 39.8911565, 116.3015241 39.8911601, 116.3015128 39.8909431))",POINT (116.3019109 39.8911114),1305.9,14056.1
,182,655583232,,yes,,,"POLYGON ((116.3015217 39.8920341, 116.3014952 39.8915214, 116.3015087 39.8914902, 116.3016374 39.8914883, 116.3016351 39.8914003, 116.3023117 39.8913903, 116.3023136 39.8914678, 116.3017297 39.8914764, 116.3016395 39.8915179, 116.301666 39.8920297, 116.3015217 39.8920341))",POINT (116.3017374 39.891628),1259.7,13559.7
,183,655583233,,yes,,,"POLYGON ((116.3016207 39.8908643, 116.3016177 39.8907328, 116.3023237 39.8907231, 116.3023267 39.8908546, 116.3016207 39.8908643))",POINT (116.3019722 39.8907937),881.4,9487.1
,184,655583234,,yes,,,"POLYGON ((116.3023462 39.890488, 116.3023497 39.8906099, 116.3026985 39.8906039, 116.3026955 39.8905023, 116.3027902 39.8905007, 116.302792 39.8905642, 116.3028885 39.8905626, 116.3028834 39.8903891, 116.302604 39.8903939, 116.3026066 39.8904836, 116.3023462 39.890488))",POINT (116.3026327 39.8905067),736.2,7924.8
,185,655583235,,yes,,,"POLYGON ((116.3030346 39.8904839, 116.3034737 39.890476, 116.3035219 39.8905995, 116.3036268 39.8905976, 116.3036197 39.8903646, 116.3030313 39.8903752, 116.3030346 39.8904839))",POINT (116.3033734 39.8904458),759.6,8176.1
玺源台,186,660403923,,residential,,,"POLYGON ((116.3234802 39.8934968, 116.3243862 39.8935093, 116.3243881 39.8933346, 116.3237139 39.8933285, 116.3237222 39.892824, 116.3243937 39.8928258, 116.3243932 39.8926583, 116.3234826 39.8926655, 116.3234802 39.8934968))",POINT (116.3238436 39.893085),4022.3,43296.0
玺源台,187,660403962,,residential,,,"POLYGON ((116.3234854 39.8936928, 116.32347 39.8942719, 116.324459 39.8942861, 116.3244559 39.8941112, 116.3237196 39.8941112, 116.3237196 39.8936952, 116.3234854 39.8936928))",POINT (116.3238314 39.8940855),2520.9,27134.6
中土大厦,188,665484539,,yes,,,"POLYGON ((116.327529 39.89664, 116.3275413 39.8963138, 116.3280404 39.8963279, 116.3280404 39.8966447, 116.327529 39.89664))",POINT (116.3277865 39.8964822),1543.2,16610.7
农贸市场,189,679622851,,yes,,,"POLYGON ((116.3332462 39.8948863, 116.3339682 39.8948185, 116.3338337 39.8945469, 116.3331719 39.894756, 116.3332462 39.8948863))",POINT (116.3335947 39.8947437),1457.5,15688.4
瑞海国际,190,679644107,,yes,,,"POLYGON ((116.3131123 39.8968099, 116.3131047 39.8961057, 116.3140113 39.8961173, 116.314091 39.8963559, 116.3142882 39.8965742, 116.3145917 39.8967401, 116.3147093 39.896775, 116.3147282 39.8968478, 116.3131123 39.8968099))",POINT (116.3137159 39.8965082),7839.4,84382.7
,191,683333650,,yes,,,"POLYGON ((116.3356241 39.8975153, 116.3357974 39.897524, 116.33583 39.8971431, 116.3356567 39.8971344, 116.3356241 39.8975153))",POINT (116.335727 39.8973292),628.0,6759.3
,192,693218236,,residential,,,"POLYGON ((116.3373863 39.8902882, 116.3372789 39.8907444, 116.3373232 39.8907969, 116.337447 39.8907965, 116.3374476 39.890924, 116.3372977 39.8909245, 116.3371193 39.8907763, 116.3372331 39.8902827, 116.3372457 39.8902844, 116.3372562 39.8902395, 116.3373678 39.8902548, 116.3373609 39.8902847, 116.3373863 39.8902882))",POINT (116.3372735 39.8906123),1073.3,11553.1
,193,693218237,,residential,,,"POLYGON ((116.3377076 39.8909125, 116.3384216 39.8909133, 116.3384219 39.8907688, 116.3377095 39.8907679, 116.3377076 39.8908935, 116.3377076 39.8909125))",POINT (116.338065 39.8908407),976.2,10507.9
,194,693218238,,residential,,,"POLYGON ((116.3377136 39.8905427, 116.3384288 39.8905443, 116.3384294 39.8903998, 116.3377141 39.8903981, 116.3377139 39.8904428, 116.3377136 39.8905427))",POINT (116.3380714 39.8904712),981.5,10564.4
,195,693218239,,residential,,,"POLYGON ((116.3377076 39.8908935, 116.337569 39.8908922, 116.3375761 39.8904415, 116.3377139 39.8904428, 116.3377136 39.8905427, 116.3377095 39.8907679, 116.3377076 39.8908935))",POINT (116.3376419 39.8906675),593.1,6384.2
,196,693218240,,residential,,,"POLYGON ((116.3392455 39.8907974, 116.3385297 39.8907906, 116.3385273 39.8909351, 116.3392419 39.890942, 116.3392426 39.8908977, 116.3392455 39.8907974))",POINT (116.338886 39.8908663),981.7,10567.0
,197,693218241,,residential,,,"POLYGON ((116.3392556 39.8904471, 116.3393941 39.8904494, 116.339381 39.8909001, 116.3392426 39.8908977, 116.3392455 39.8907974, 116.339252 39.8905726, 116.3392556 39.8904471))",POINT (116.3393183 39.8906736),591.0,6361.1
,198,693218242,,residential,,,"POLYGON ((116.3392558 39.8904281, 116.3385419 39.8904217, 116.3385397 39.8905662, 116.339252 39.8905726, 116.3392556 39.8904471, 116.3392558 39.8904281))",POINT (116.3388974 39.8904971),978.7,10535.2
,199,693218243,,residential,,,"POLYGON ((116.3376491 39.8898455, 116.3383644 39.8898471, 116.3383649 39.8897026, 116.3376497 39.889701, 116.3376495 39.8897456, 116.3376491 39.8898455))",POINT (116.338007 39.8897741),978.4,10531.5
,200,693218244,,residential,,,"POLYGON ((116.337644 39.8901963, 116.3375046 39.8901951, 116.3375117 39.8897443, 116.3376495 39.8897456, 116.3376491 39.8898455, 116.3376444 39.8900702, 116.337644 39.8901963))",POINT (116.3375774 39.8899704),593.8,6391.6
,201,693218245,,residential,,,"POLYGON ((116.3376439 39.8902148, 116.3383571 39.8902161, 116.3383575 39.8900716, 116.3376444 39.8900702, 116.337644 39.8901963, 116.3376439 39.8902148))",POINT (116.3380007 39.8901432),978.4,10531.0
,202,693218246,,residential,,,"POLYGON ((116.3392262 39.8901216, 116.3385116 39.8901148, 116.3385092 39.8902593, 116.3392238 39.8902662, 116.3392262 39.8901216))",POINT (116.3388677 39.8901905),980.8,10557.3
,203,693218247,,residential,,,"POLYGON ((116.3385242 39.8899304, 116.3390927 39.8899356, 116.3390952 39.8897764, 116.3385267 39.8897711, 116.3385242 39.8899304))",POINT (116.3388097 39.8898534),857.9,9234.3
,204,693232519,,residential,,,"POLYGON ((116.3375046 39.8892892, 116.337509 39.8896169, 116.3376104 39.8896161, 116.3376727 39.8896156, 116.3376683 39.8892879, 116.3375046 39.8892892))",POINT (116.3375887 39.8894524),509.4,5483.1
,205,693232520,,parking,,,"POLYGON ((116.3375046 39.8892892, 116.3374966 39.8891006, 116.3375397 39.8890998, 116.3377325 39.8890934, 116.3377311 39.8890689, 116.337749 39.8890553, 116.3382589 39.8890314, 116.3382729 39.8890473, 116.3382542 39.8890884, 116.3384489 39.8890819, 116.3384567 39.8891852, 116.3383776 39.8891841, 116.3383829 39.8892562, 116.3380087 39.8892572, 116.3379618 39.8892839, 116.3379524 39.8896441, 116.3376118 39.8896461, 116.3376104 39.8896161, 116.3376727 39.8896156, 116.3376683 39.8892879, 116.3375046 39.8892892))",POINT (116.3379059 39.8892722),2815.1,30301.9
,206,693232522,,parking,,,"POLYGON ((116.3386897 39.889168, 116.3386925 39.8893363, 116.3386929 39.889358, 116.3390563 39.8893542, 116.3390531 39.8891655, 116.3386897 39.889168))",POINT (116.3388728 39.8892614),652.8,7027.0
,207,693232523,,residential,,,"POLYGON ((116.3385302 39.8891691, 116.3386897 39.889168, 116.3390531 39.8891655, 116.3392053 39.8891645, 116.3392081 39.8894062, 116.3393957 39.8894049, 116.3393931 39.8891809, 116.3392605 39.8891818, 116.3392588 39.8890299, 116.3385286 39.8890348, 116.3385302 39.8891691))",POINT (116.3390178 39.8891578),1338.5,14407.2
,208,693232526,,residential,,,"POLYGON ((116.3381921 39.8893067, 116.3381945 39.8893889, 116.3382697 39.8893877, 116.3382705 39.8894151, 116.3381892 39.8894165, 116.3381914 39.8894898, 116.3382475 39.8894888, 116.3382482 39.8895109, 116.3383563 39.889509, 116.3383498 39.8892872, 116.3382417 39.8892891, 116.3382422 39.8893058, 116.3381921 39.8893067))",POINT (116.3382788 39.8893992),298.6,3213.6
,209,693232530,,parking,,,"POLYGON ((116.3375752 39.8903731, 116.3383742 39.8903604, 116.3383705 39.8902242, 116.3375715 39.8902368, 116.3375752 39.8903731))",POINT (116.3379728 39.8902986),1035.1,11142.3
,210,693232531,,parking,,,"POLYGON ((116.3376777 39.8900288, 116.3383411 39.8900277, 116.3383406 39.8898849, 116.3376773 39.8898861, 116.3376777 39.8900288))",POINT (116.3380092 39.8899569),901.5,9704.0
,211,695924630,,yes,,,"POLYGON ((116.3401321 39.8935446, 116.3406119 39.8935613, 116.3406495 39.8929275, 116.3401696 39.8929108, 116.3401321 39.8935446))",POINT (116.3403908 39.893236),2892.0,31129.1
,212,695924631,,yes,,,"POLYGON ((116.3401616 39.8943245, 116.3405773 39.8943307, 116.3405816 39.8941602, 116.3401659 39.894154, 116.3401616 39.8943245))",POINT (116.3403716 39.8942423),672.1,7234.8
,213,695924632,,residential,,,"POLYGON ((116.3400945 39.8914476, 116.3404137 39.8914682, 116.3404269 39.8913478, 116.3401077 39.8913272, 116.3400945 39.8914476))",POINT (116.3402607 39.8913977),368.4,3964.9
,214,695924633,,residential,,,"POLYGON ((116.3405102 39.8910669, 116.3407141 39.891073, 116.3407192 39.8909741, 116.3405153 39.8909679, 116.3405102 39.8910669))",POINT (116.3406147 39.8910205),191.4,2059.9
,215,695924634,,residential,,,"POLYGON ((116.3405773 39.890929, 116.3407677 39.8909372, 116.3407775 39.8908043, 116.3405871 39.8907961, 116.3405773 39.890929))",POINT (116.3406774 39.8908666),241.2,2596.1
,216,695924635,,residential,,,"POLYGON ((116.3418058 39.8904309, 116.3419464 39.8904348, 116.3419544 39.8902619, 116.3418138 39.8902581, 116.3418058 39.8904309))",POINT (116.3418801 39.8903464),230.7,2483.0
,217,695924636,,residential,,,"POLYGON ((116.3416985 39.8905976, 116.3419399 39.8906038, 116.3419448 39.8904912, 116.3417034 39.890485, 116.3416985 39.8905976))",POINT (116.3418216 39.8905444),258.4,2781.8
,218,695924637,,residential,,,"POLYGON ((116.341795 39.8919456, 116.3418972 39.8919491, 116.3419294 39.8913893, 116.3418272 39.8913858, 116.341795 39.8919456))",POINT (116.3418622 39.8916674),544.5,5860.7
,219,695924638,,residential,,,"POLYGON ((116.3418272 39.8913056, 116.3419335 39.8913086, 116.3419576 39.8908023, 116.3418514 39.8907993, 116.3418272 39.8913056))",POINT (116.3418924 39.891054),512.0,5511.7
,220,695924640,,residential,,,"POLYGON ((116.3394964 39.8896859, 116.3398772 39.8896859, 116.3398772 39.8895645, 116.3394964 39.8895645, 116.3394964 39.8896859))",POINT (116.3396868 39.8896252),438.5,4719.6
,221,695924641,,residential,,,"POLYGON ((116.3393596 39.8903795, 116.3393649 39.890186, 116.3392442 39.8901841, 116.3392389 39.8903775, 116.3393596 39.8903795))",POINT (116.3393019 39.8902818),221.5,2384.5
,222,695924642,,residential,,,"POLYGON ((116.3396198 39.8902149, 116.3398612 39.8902128, 116.3398601 39.8901409, 116.3396187 39.8901429, 116.3396198 39.8902149))",POINT (116.3397399 39.8901779),164.6,1771.6
,223,695924643,,residential,,,"POLYGON ((116.3396358 39.8900317, 116.339888 39.8900255, 116.3398854 39.8899639, 116.3396333 39.8899701, 116.3396358 39.8900317))",POINT (116.3397606 39.8899978),147.0,1582.5
,224,695924644,,residential,,,"POLYGON ((116.3392898 39.8901202, 116.3393794 39.8901188, 116.3393687 39.889699, 116.3392791 39.8897004, 116.3392898 39.8901202))",POINT (116.3393292 39.8899096),358.9,3863.3
,225,695924645,,residential,,,"POLYGON ((116.3395232 39.8906511, 116.3398316 39.8906553, 116.3398338 39.8905607, 116.3395253 39.8905566, 116.3395232 39.8906511))",POINT (116.3396785 39.8906059),276.7,2978.7
,226,695924646,,residential,,,"POLYGON ((116.3395151 39.8909146, 116.3398451 39.8909207, 116.339848 39.890828, 116.3395181 39.8908218, 116.3395151 39.8909146))",POINT (116.3396815 39.8908713),290.6,3128.0
,227,695924647,,residential,,,"POLYGON ((116.3405223 39.8904135, 116.3407651 39.8904145, 116.3407659 39.8902992, 116.3405231 39.8902982, 116.3405223 39.8904135))",POINT (116.3406441 39.8903563),265.6,2858.9
,228,695924648,,residential,,,"POLYGON ((116.3406417 39.8905472, 116.3414718 39.8905441, 116.3414712 39.8904423, 116.340641 39.8904453, 116.3406417 39.8905472))",POINT (116.3410564 39.8904947),802.3,8636.3
,229,695924649,,residential,,,"POLYGON ((116.3415831 39.8899977, 116.3415797 39.8901424, 116.3418707 39.8901465, 116.3418742 39.8900019, 116.3415831 39.8899977))",POINT (116.3417269 39.8900721),399.8,4303.2
,230,695924650,,residential,,,"POLYGON ((116.3412733 39.8902642, 116.3414665 39.8902684, 116.3414692 39.8901917, 116.3412761 39.8901876, 116.3412733 39.8902642))",POINT (116.3413713 39.890228),140.8,1515.3
,231,695924651,,residential,,,"POLYGON ((116.3407999 39.8902231, 116.3412626 39.8902231, 116.3412626 39.890148, 116.3407999 39.890148, 116.3407999 39.8902231))",POINT (116.3410312 39.8901855),328.7,3537.9
,232,695924652,,residential,,,"POLYGON ((116.3405746 39.8900615, 116.3407664 39.8900595, 116.3407656 39.8900142, 116.3405738 39.8900163, 116.3405746 39.8900615))",POINT (116.3406701 39.8900379),82.8,891.7
,233,695924653,,residential,,,"POLYGON ((116.340517 39.8902416, 116.3405592 39.8902382, 116.3405351 39.8900612, 116.3404928 39.8900646, 116.340517 39.8902416))",POINT (116.340526 39.8901514),72.4,779.7
,234,695924654,,residential,,,"POLYGON ((116.3404003 39.889936, 116.3405285 39.8899337, 116.3405245 39.8897989, 116.3403963 39.8898012, 116.3404003 39.889936))",POINT (116.3404624 39.8898675),163.8,1763.0
,235,695924655,,residential,,,"POLYGON ((116.3401186 39.8899525, 116.3402715 39.8899525, 116.3402715 39.8898671, 116.3401186 39.8898671, 116.3401186 39.8899525))",POINT (116.3401951 39.8899098),123.8,1332.5
,236,695924656,,residential,,,"POLYGON ((116.3400744 39.890079, 116.3401256 39.8900784, 116.3401243 39.8900177, 116.340073 39.8900183, 116.3400744 39.890079))",POINT (116.3400993 39.8900483),29.7,319.7
,237,695924657,,residential,,,"POLYGON ((116.3401991 39.8901922, 116.3402642 39.8901912, 116.3402615 39.8900904, 116.3401964 39.8900914, 116.3401991 39.8901922))",POINT (116.3402303 39.8901413),61.9,666.5
,238,695924658,,residential,,,"POLYGON ((116.3405639 39.889937, 116.3413793 39.8899206, 116.3413753 39.8898055, 116.3405599 39.889822, 116.3405639 39.889937))",POINT (116.3409697 39.8898713),885.9,9535.8
,239,695924659,,residential,,,"POLYGON ((116.3404137 39.889618, 116.3406538 39.8896131, 116.340643 39.8893085, 116.340403 39.8893134, 116.3404137 39.889618))",POINT (116.3405284 39.8894633),695.1,7481.6
,240,695924660,,residential,,,"POLYGON ((116.3395017 39.8892764, 116.3395063 39.8893407, 116.3400428 39.8893181, 116.3400382 39.8892538, 116.3395017 39.8892764))",POINT (116.3397722 39.8892972),326.2,3511.0
,241,723617047,,yes,,,"POLYGON ((116.3178518 39.8902085, 116.3174093 39.8902113, 116.3174062 39.8899202, 116.3178487 39.8899174, 116.3178518 39.8902085))",POINT (116.317629 39.8900644),1224.5,13180.8
,242,723617051,,yes,,,"POLYGON ((116.3183337 39.8893857, 116.3183498 39.8894587, 116.3185429 39.8895544, 116.3186877 39.8897016, 116.318795 39.8899166, 116.318854 39.8899619, 116.318972 39.8899567, 116.319074 39.8899197, 116.3190847 39.8898333, 116.3190096 39.8896234, 116.3188111 39.8894052, 116.3186877 39.8893445, 116.3185643 39.8893445, 116.3183337 39.8893857))",POINT (116.3187693 39.8896254),2148.8,23129.5
,243,736366679,,yes,,,"POLYGON ((116.3202113 39.8902419, 116.3208286 39.8902394, 116.3208295 39.8903789, 116.3203643 39.8903807, 116.3203648 39.8904546, 116.3201879 39.8904553, 116.320187 39.8903134, 116.3202117 39.8903039, 116.3202113 39.8902419))",POINT (116.3204831 39.8903249),958.5,10317.0
,244,736366680,,parking,,,"POLYGON ((116.3202334 39.8902065, 116.3206298 39.8902089, 116.3206328 39.8898454, 116.320286 39.8898454, 116.3202334 39.8902065))",POINT (116.3204454 39.8900306),1275.1,13725.2
,245,736366681,,yes,,,"POLYGON ((116.3210638 39.889171, 116.3217507 39.8891527, 116.3217557 39.889263, 116.3210687 39.8892813, 116.3210638 39.889171))",POINT (116.3214097 39.889217),719.9,7748.9
,246,736570654,,parking,,,"POLYGON ((116.3257656 39.8934767, 116.3263638 39.8934808, 116.3263665 39.8925525, 116.325036 39.8925566, 116.3250306 39.8928201, 116.3258112 39.892816, 116.3258193 39.8930115, 116.3257629 39.8930115, 116.3257656 39.8934767))",POINT (116.3258953 39.8929315),7005.7,75408.5
中铁设计大赛,247,810765525,,yes,,,"POLYGON ((116.3158378 39.8898118, 116.3159402 39.8898142, 116.3164038 39.8894192, 116.3165009 39.8894201, 116.3166045 39.8893422, 116.3166037 39.8892747, 116.3160013 39.8892786, 116.3159162 39.8893121, 116.315878 39.8893514, 116.3158551 39.8893916, 116.3158378 39.8898118))",POINT (116.3161228 39.8894756),2146.6,23105.7
,248,852041382,,residential,,,"POLYGON ((116.3265883 39.8925492, 116.3268052 39.8925492, 116.3268052 39.8923709, 116.3265883 39.8923352, 116.3265883 39.8925492))",POINT (116.3266935 39.8924509),402.4,4331.1
,249,852041383,,residential,,,"POLYGON ((116.3269137 39.8939877, 116.3269137 39.8936073, 116.3272081 39.8936429, 116.3271926 39.8939758, 116.3269137 39.8939877))",POINT (116.3270539 39.8938016),970.3,10444.4
中国人民解放军国防大学联合勤务学院,250,,9110276,,college,,"MULTIPOLYGON (((116.2892934 39.8996219, 116.2924004 39.899649, 116.2923992 39.8995842, 116.2923972 39.8994779, 116.2923963 39.8994321, 116.2924058 39.8990737, 116.2924095 39.8989344, 116.2924101 39.8989106, 116.2924156 39.8987003, 116.2924269 39.8982797, 116.2925686 39.8982816, 116.2925996 39.8982807, 116.2926425 39.8982809, 116.2934579 39.8982855, 116.2935116 39.8982858, 116.2941352 39.8982893, 116.2942181 39.8982898, 116.2942248 39.8973014, 116.2946477 39.897289, 116.2946761 39.8966215, 116.2959283 39.8965903, 116.2959445 39.8960788, 116.2892853 39.8961069, 116.2892934 39.8996219)), ((116.2822828 39.8986134, 116.2822403 39.8961154, 116.2887241 39.89611, 116.2887454 39.8986188, 116.2822828 39.8986134)))",POINT (116.2886297 39.8974811),307501.7,3309918.1
