o_zone_id,o_zone_name,d_zone_id,d_zone_name,accessibility,geometry
1,A1,1,A1,0.0,"LINESTRING (132.7088033 34.4062304,132.7088033 34.4062304)"
1,A1,2,A2,0.5259761799038034,"LINESTRING (132.7088033 34.4062304,132.714254 34.4061674)"
1,A1,3,A3,0.7937957294138142,"LINESTRING (132.7088033 34.4062304,132.7170292 34.4063404)"
1,A1,4,B1,0.3478382565165507,"LINESTRING (132.7088033 34.4062304,132.7102556 34.402931)"
1,A1,5,B2,0.6548360332993303,"LINESTRING (132.7088033 34.4062304,132.7148118 34.4030752)"
1,A1,6,B3,0.9502708344618814,"LINESTRING (132.7088033 34.4062304,132.7175319 34.4016695)"
1,A1,7,C1,0.7165707315743545,"LINESTRING (132.7088033 34.4062304,132.7107105 34.3990531)"
1,A1,8,C2,0.935279901225064,"LINESTRING (132.7088033 34.4062304,132.7148674 34.3986685)"
1,A1,9,C3,1.280400946656066,"LINESTRING (132.7088033 34.4062304,132.7179452 34.3966121)"
1,A1,10,D1,1.3993619662991121,"LINESTRING (132.7088033 34.4062304,132.7073985 34.3917959)"
1,A1,11,D2,1.3859401532202906,"LINESTRING (132.7088033 34.4062304,132.7135851 34.3926861)"
1,A1,12,D3,1.5807843497995484,"LINESTRING (132.7088033 34.4062304,132.7184847 34.3930142)"
1,A1,13,Gate1,1.3990976213661035,"LINESTRING (132.7088033 34.4062304,132.70383 34.39261)"
1,A1,14,Gate2,0.9452729193241174,"LINESTRING (132.7088033 34.4062304,132.70383 34.39779)"
1,A1,15,Gate3,0.5737979574767137,"LINESTRING (132.7088033 34.4062304,132.70383 34.40297)"
1,A1,16,Gate4,0.5143770660746109,"LINESTRING (132.7088033 34.4062304,132.70383 34.40815)"
1,A1,17,Gate5,0.6853338267180149,"LINESTRING (132.7088033 34.4062304,132.70901 34.41333)"
1,A1,18,Gate6,0.8599078275521116,"LINESTRING (132.7088033 34.4062304,132.71419 34.41333)"
1,A1,19,Gate7,1.2283472456225417,"LINESTRING (132.7088033 34.4062304,132.71937 34.41333)"
1,A1,20,Gate8,1.5306510933821824,"LINESTRING (132.7088033 34.4062304,132.72455 34.40815)"
1,A1,21,Gate9,1.5516291759223602,"LINESTRING (132.7088033 34.4062304,132.72455 34.40297)"
1,A1,22,Gate10,1.723905419556593,"LINESTRING (132.7088033 34.4062304,132.72455 34.39779)"
1,A1,23,Gate11,2.0089258716251694,"LINESTRING (132.7088033 34.4062304,132.72455 34.39261)"
1,A1,24,Gate12,2.080942319201925,"LINESTRING (132.7088033 34.4062304,132.71937 34.38743)"
1,A1,25,Gate13,1.8870414547387118,"LINESTRING (132.7088033 34.4062304,132.71419 34.38743)"
1,A1,26,Gate14,1.8141572241845412,"LINESTRING (132.7088033 34.4062304,132.70901 34.38743)"
2,A2,1,A1,0.5259761799038034,"LINESTRING (132.714254 34.4061674,132.7088033 34.4062304)"
2,A2,2,A2,0.0,"LINESTRING (132.714254 34.4061674,132.714254 34.4061674)"
2,A2,3,A3,0.2683035072369192,"LINESTRING (132.714254 34.4061674,132.7170292 34.4063404)"
2,A2,4,B1,0.4963499050855668,"LINESTRING (132.714254 34.4061674,132.7102556 34.402931)"
2,A2,5,B2,0.30317648453821994,"LINESTRING (132.714254 34.4061674,132.7148118 34.4030752)"
2,A2,6,B3,0.5370222154696316,"LINESTRING (132.714254 34.4061674,132.7175319 34.4016695)"
2,A2,7,C1,0.7668970079691338,"LINESTRING (132.714254 34.4061674,132.7107105 34.3990531)"
2,A2,8,C2,0.7259769082497025,"LINESTRING (132.714254 34.4061674,132.7148674 34.3986685)"
2,A2,9,C3,0.9883918235554793,"LINESTRING (132.714254 34.4061674,132.7179452 34.3966121)"
2,A2,10,D1,1.5363942830558337,"LINESTRING (132.714254 34.4061674,132.7073985 34.3917959)"
2,A2,11,D2,1.3024036182394154,"LINESTRING (132.714254 34.4061674,132.7135851 34.3926861)"
2,A2,12,D3,1.333189531029181,"LINESTRING (132.714254 34.4061674,132.7184847 34.3930142)"
2,A2,13,Gate1,1.650124731444743,"LINESTRING (132.714254 34.4061674,132.70383 34.39261)"
2,A2,14,Gate2,1.2903704414992812,"LINESTRING (132.714254 34.4061674,132.70383 34.39779)"
2,A2,15,Gate3,1.0520630158722308,"LINESTRING (132.714254 34.4061674,132.70383 34.40297)"
2,A2,16,Gate4,1.0238426483300456,"LINESTRING (132.714254 34.4061674,132.70383 34.40815)"
2,A2,17,Gate5,0.8565513157432209,"LINESTRING (132.714254 34.4061674,132.70901 34.41333)"
2,A2,18,Gate6,0.6911507543873469,"LINESTRING (132.714254 34.4061674,132.71419 34.41333)"
2,A2,19,Gate7,0.8493144530623586,"LINESTRING (132.714254 34.4061674,132.71937 34.41333)"
2,A2,20,Gate8,1.0117131687871312,"LINESTRING (132.714254 34.4061674,132.72455 34.40815)"
2,A2,21,Gate9,1.0402626383392395,"LINESTRING (132.714254 34.4061674,132.72455 34.40297)"
2,A2,22,Gate10,1.280767599392408,"LINESTRING (132.714254 34.4061674,132.72455 34.39779)"
2,A2,23,Gate11,1.6426263716035714,"LINESTRING (132.714254 34.4061674,132.72455 34.39261)"
2,A2,24,Gate12,1.8741481998034537,"LINESTRING (132.714254 34.4061674,132.71937 34.38743)"
2,A2,25,Gate13,1.8079783737467965,"LINESTRING (132.714254 34.4061674,132.71419 34.38743)"
2,A2,26,Gate14,1.8774388381908358,"LINESTRING (132.714254 34.4061674,132.70901 34.38743)"
3,A3,1,A1,0.7937957294138142,"LINESTRING (132.7170292 34.4063404,132.7088033 34.4062304)"
3,A3,2,A2,0.2683035072369192,"LINESTRING (132.7170292 34.4063404,132.714254 34.4061674)"
3,A3,3,A3,0.0,"LINESTRING (132.7170292 34.4063404,132.7170292 34.4063404)"
3,A3,4,B1,0.7317098726421603,"LINESTRING (132.7170292 34.4063404,132.7102556 34.402931)"
3,A3,5,B2,0.38083817167622475,"LINESTRING (132.7170292 34.4063404,132.7148118 34.4030752)"
3,A3,6,B3,0.45329602125287166,"LINESTRING (132.7170292 34.4063404,132.7175319 34.4016695)"
3,A3,7,C1,0.9306741177478468,"LINESTRING (132.7170292 34.4063404,132.7107105 34.3990531)"
3,A3,8,C2,0.7690819841479967,"LINESTRING (132.7170292 34.4063404,132.7148674 34.3986685)"
3,A3,9,C3,0.9428329649877097,"LINESTRING (132.7170292 34.4063404,132.7179452 34.3966121)"
3,A3,10,D1,1.6831696393827686,"LINESTRING (132.7170292 34.4063404,132.7073985 34.3917959)"
3,A3,11,D2,1.3587631204132584,"LINESTRING (132.7170292 34.4063404,132.7135851 34.3926861)"
3,A3,12,D3,1.2934918880659627,"LINESTRING (132.7170292 34.4063404,132.7184847 34.3930142)"
3,A3,13,Gate1,1.8377298034162697,"LINESTRING (132.7170292 34.4063404,132.70383 34.39261)"
3,A3,14,Gate2,1.5174678300747964,"LINESTRING (132.7170292 34.4063404,132.70383 34.39779)"
3,A3,15,Gate3,1.314459153553688,"LINESTRING (132.7170292 34.4063404,132.70383 34.40297)"
3,A3,16,Gate4,1.2855090756242773,"LINESTRING (132.7170292 34.4063404,132.70383 34.40815)"
3,A3,17,Gate5,1.0264439271847363,"LINESTRING (132.7170292 34.4063404,132.70901 34.41333)"
3,A3,18,Gate6,0.7279491538872699,"LINESTRING (132.7170292 34.4063404,132.71419 34.41333)"
3,A3,19,Gate7,0.7112448746652722,"LINESTRING (132.7170292 34.4063404,132.71937 34.41333)"
3,A3,20,Gate8,0.7463898818166643,"LINESTRING (132.7170292 34.4063404,132.72455 34.40815)"
3,A3,21,Gate9,0.7952151523502727,"LINESTRING (132.7170292 34.4063404,132.72455 34.40297)"
3,A3,22,Gate10,1.0987597041566002,"LINESTRING (132.7170292 34.4063404,132.72455 34.39779)"
3,A3,23,Gate11,1.5105678079895732,"LINESTRING (132.7170292 34.4063404,132.72455 34.39261)"
3,A3,24,Gate12,1.8385858741144938,"LINESTRING (132.7170292 34.4063404,132.71937 34.38743)"
3,A3,25,Gate13,1.8451121145884144,"LINESTRING (132.7170292 34.4063404,132.71419 34.38743)"
3,A3,26,Gate14,1.9819474968853648,"LINESTRING (132.7170292 34.4063404,132.70901 34.38743)"
4,B1,1,A1,0.3478382565165507,"LINESTRING (132.7102556 34.402931,132.7088033 34.4062304)"
4,B1,2,A2,0.4963499050855668,"LINESTRING (132.7102556 34.402931,132.714254 34.4061674)"
4,B1,3,A3,0.7317098726421603,"LINESTRING (132.7102556 34.402931,132.7170292 34.4063404)"
4,B1,4,B1,0.0,"LINESTRING (132.7102556 34.402931,132.7102556 34.402931)"
4,B1,5,B2,0.43984683971434535,"LINESTRING (132.7102556 34.402931,132.7148118 34.4030752)"
4,B1,6,B3,0.7125610645621766,"LINESTRING (132.7102556 34.402931,132.7175319 34.4016695)"
4,B1,7,C1,0.3767428874737968,"LINESTRING (132.7102556 34.402931,132.7107105 34.3990531)"
4,B1,8,C2,0.6059433881016829,"LINESTRING (132.7102556 34.402931,132.7148674 34.3986685)"
4,B1,9,C3,0.9603467293513286,"LINESTRING (132.7102556 34.402931,132.7179452 34.3966121)"
4,B1,10,D1,1.109226746129721,"LINESTRING (132.7102556 34.402931,132.7073985 34.3917959)"
4,B1,11,D2,1.0394160311715135,"LINESTRING (132.7102556 34.402931,132.7135851 34.3926861)"
4,B1,12,D3,1.2434156870604418,"LINESTRING (132.7102556 34.402931,132.7184847 34.3930142)"
4,B1,13,Gate1,1.1731008811763886,"LINESTRING (132.7102556 34.402931,132.70383 34.39261)"
4,B1,14,Gate2,0.7940254591648052,"LINESTRING (132.7102556 34.402931,132.70383 34.39779)"
4,B1,15,Gate3,0.6200190709071771,"LINESTRING (132.7102556 34.402931,132.70383 34.40297)"
4,B1,16,Gate4,0.7987536121222604,"LINESTRING (132.7102556 34.402931,132.70383 34.40815)"
4,B1,17,Gate5,1.010575837300064,"LINESTRING (132.7102556 34.402931,132.70901 34.41333)"
4,B1,18,Gate6,1.0728168661997814,"LINESTRING (132.7102556 34.402931,132.71419 34.41333)"
4,B1,19,Gate7,1.3342582208749447,"LINESTRING (132.7102556 34.402931,132.71937 34.41333)"
4,B1,20,Gate8,1.4683222694464155,"LINESTRING (132.7102556 34.402931,132.72455 34.40815)"
4,B1,21,Gate9,1.3792703151898449,"LINESTRING (132.7102556 34.402931,132.72455 34.40297)"
4,B1,22,Gate10,1.4657555675750218,"LINESTRING (132.7102556 34.402931,132.72455 34.39779)"
4,B1,23,Gate11,1.7012138700042523,"LINESTRING (132.7102556 34.402931,132.72455 34.39261)"
4,B1,24,Gate12,1.7350818158056558,"LINESTRING (132.7102556 34.402931,132.71937 34.38743)"
4,B1,25,Gate13,1.5431137145297484,"LINESTRING (132.7102556 34.402931,132.71419 34.38743)"
4,B1,26,Gate14,1.500509057120884,"LINESTRING (132.7102556 34.402931,132.70901 34.38743)"
5,B2,1,A1,0.6548360332993303,"LINESTRING (132.7148118 34.4030752,132.7088033 34.4062304)"
5,B2,2,A2,0.30317648453821994,"LINESTRING (132.7148118 34.4030752,132.714254 34.4061674)"
5,B2,3,A3,0.38083817167622475,"LINESTRING (132.7148118 34.4030752,132.7170292 34.4063404)"
5,B2,4,B1,0.43984683971434535,"LINESTRING (132.7148118 34.4030752,132.7102556 34.402931)"
5,B2,5,B2,0.0,"LINESTRING (132.7148118 34.4030752,132.7148118 34.4030752)"
5,B2,6,B3,0.2954391476129094,"LINESTRING (132.7148118 34.4030752,132.7175319 34.4016695)"
5,B2,7,C1,0.5542822531027504,"LINESTRING (132.7148118 34.4030752,132.7107105 34.3990531)"
5,B2,8,C2,0.42523345108640276,"LINESTRING (132.7148118 34.4030752,132.7148674 34.3986685)"
5,B2,9,C3,0.6930542287464304,"LINESTRING (132.7148118 34.4030752,132.7179452 34.3966121)"
5,B2,10,D1,1.3023651750653782,"LINESTRING (132.7148118 34.4030752,132.7073985 34.3917959)"
5,B2,11,D2,1.0094068085091454,"LINESTRING (132.7148118 34.4030752,132.7135851 34.3926861)"
5,B2,12,D3,1.033458442112787,"LINESTRING (132.7148118 34.4030752,132.7184847 34.3930142)"
5,B2,13,Gate1,1.4637275617443717,"LINESTRING (132.7148118 34.4030752,132.70383 34.39261)"
5,B2,14,Gate2,1.1759654649170692,"LINESTRING (132.7148118 34.4030752,132.70383 34.39779)"
5,B2,15,Gate3,1.0596828018075846,"LINESTRING (132.7148118 34.4030752,132.70383 34.40297)"
5,B2,16,Gate4,1.1673032906314142,"LINESTRING (132.7148118 34.4030752,132.70383 34.40815)"
5,B2,17,Gate5,1.1368694386498466,"LINESTRING (132.7148118 34.4030752,132.70901 34.41333)"
5,B2,18,Gate6,0.9913011333002096,"LINESTRING (132.7148118 34.4030752,132.71419 34.41333)"
5,B2,19,Gate7,1.082829727764343,"LINESTRING (132.7148118 34.4030752,132.71937 34.41333)"
5,B2,20,Gate8,1.0595721636141413,"LINESTRING (132.7148118 34.4030752,132.72455 34.40815)"
5,B2,21,Gate9,0.9396934808942433,"LINESTRING (132.7148118 34.4030752,132.72455 34.40297)"
5,B2,22,Gate10,1.0691075587919046,"LINESTRING (132.7148118 34.4030752,132.72455 34.39779)"
5,B2,23,Gate11,1.379345704528513,"LINESTRING (132.7148118 34.4030752,132.72455 34.39261)"
5,B2,24,Gate12,1.5723726945241527,"LINESTRING (132.7148118 34.4030752,132.71937 34.38743)"
5,B2,25,Gate13,1.5107989965701007,"LINESTRING (132.7148118 34.4030752,132.71419 34.38743)"
5,B2,26,Gate14,1.610064530287827,"LINESTRING (132.7148118 34.4030752,132.70901 34.38743)"
6,B3,1,A1,0.9502708344618814,"LINESTRING (132.7175319 34.4016695,132.7088033 34.4062304)"
6,B3,2,A2,0.5370222154696316,"LINESTRING (132.7175319 34.4016695,132.714254 34.4061674)"
6,B3,3,A3,0.45329602125287166,"LINESTRING (132.7175319 34.4016695,132.7170292 34.4063404)"
6,B3,4,B1,0.7125610645621766,"LINESTRING (132.7175319 34.4016695,132.7102556 34.402931)"
6,B3,5,B2,0.2954391476129094,"LINESTRING (132.7175319 34.4016695,132.7148118 34.4030752)"
6,B3,6,B3,0.0,"LINESTRING (132.7175319 34.4016695,132.7175319 34.4016695)"
6,B3,7,C1,0.7049551337555904,"LINESTRING (132.7175319 34.4016695,132.7107105 34.3990531)"
6,B3,8,C2,0.3872256084266804,"LINESTRING (132.7175319 34.4016695,132.7148674 34.3986685)"
6,B3,9,C3,0.48961437817274867,"LINESTRING (132.7175319 34.4016695,132.7179452 34.3966121)"
6,B3,10,D1,1.3651646403648463,"LINESTRING (132.7175319 34.4016695,132.7073985 34.3917959)"
6,B3,11,D2,0.9467713252089597,"LINESTRING (132.7175319 34.4016695,132.7135851 34.3926861)"
6,B3,12,D3,0.8401967460616478,"LINESTRING (132.7175319 34.4016695,132.7184847 34.3930142)"
6,B3,13,Gate1,1.584951525454025,"LINESTRING (132.7175319 34.4016695,132.70383 34.39261)"
6,B3,14,Gate2,1.3740666472549057,"LINESTRING (132.7175319 34.4016695,132.70383 34.39779)"
6,B3,15,Gate3,1.3280374355639575,"LINESTRING (132.7175319 34.4016695,132.70383 34.40297)"
6,B3,16,Gate4,1.4625129659335063,"LINESTRING (132.7175319 34.4016695,132.70383 34.40815)"
6,B3,17,Gate5,1.3935727349938247,"LINESTRING (132.7175319 34.4016695,132.70901 34.41333)"
6,B3,18,Gate6,1.17042087073423,"LINESTRING (132.7175319 34.4016695,132.71419 34.41333)"
6,B3,19,Gate7,1.1390177907671317,"LINESTRING (132.7175319 34.4016695,132.71937 34.41333)"
6,B3,20,Gate8,0.9217251734945964,"LINESTRING (132.7175319 34.4016695,132.72455 34.40815)"
6,B3,21,Gate9,0.6887064325175347,"LINESTRING (132.7175319 34.4016695,132.72455 34.40297)"
6,B3,22,Gate10,0.7737520733607597,"LINESTRING (132.7175319 34.4016695,132.72455 34.39779)"
6,B3,23,Gate11,1.1057596746007585,"LINESTRING (132.7175319 34.4016695,132.72455 34.39261)"
6,B3,24,Gate12,1.3853664251307671,"LINESTRING (132.7175319 34.4016695,132.71937 34.38743)"
6,B3,25,Gate13,1.4112985576573929,"LINESTRING (132.7175319 34.4016695,132.71419 34.38743)"
6,B3,26,Gate14,1.6012256467824055,"LINESTRING (132.7175319 34.4016695,132.70901 34.38743)"
7,C1,1,A1,0.7165707315743545,"LINESTRING (132.7107105 34.3990531,132.7088033 34.4062304)"
7,C1,2,A2,0.7668970079691338,"LINESTRING (132.7107105 34.3990531,132.714254 34.4061674)"
7,C1,3,A3,0.9306741177478468,"LINESTRING (132.7107105 34.3990531,132.7170292 34.4063404)"
7,C1,4,B1,0.3767428874737968,"LINESTRING (132.7107105 34.3990531,132.7102556 34.402931)"
7,C1,5,B2,0.5542822531027504,"LINESTRING (132.7107105 34.3990531,132.7148118 34.4030752)"
7,C1,6,B3,0.7049551337555904,"LINESTRING (132.7107105 34.3990531,132.7175319 34.4016695)"
7,C1,7,C1,0.0,"LINESTRING (132.7107105 34.3990531,132.7107105 34.3990531)"
7,C1,8,C2,0.4028146109236366,"LINESTRING (132.7107105 34.3990531,132.7148674 34.3986685)"
7,C1,9,C3,0.736746545342774,"LINESTRING (132.7107105 34.3990531,132.7179452 34.3966121)"
7,C1,10,D1,0.7697190157562306,"LINESTRING (132.7107105 34.3990531,132.7073985 34.3917959)"
7,C1,11,D2,0.67405878581282,"LINESTRING (132.7107105 34.3990531,132.7135851 34.3926861)"
7,C1,12,D3,0.9498635482894182,"LINESTRING (132.7107105 34.3990531,132.7184847 34.3930142)"
7,C1,13,Gate1,0.909536938393722,"LINESTRING (132.7107105 34.3990531,132.70383 34.39261)"
7,C1,14,Gate2,0.6749889027016723,"LINESTRING (132.7107105 34.3990531,132.70383 34.39779)"
7,C1,15,Gate3,0.7639365558342192,"LINESTRING (132.7107105 34.3990531,132.70383 34.40297)"
7,C1,16,Gate4,1.1005564819732592,"LINESTRING (132.7107105 34.3990531,132.70383 34.40815)"
7,C1,17,Gate5,1.3873178967264737,"LINESTRING (132.7107105 34.3990531,132.70901 34.41333)"
7,C1,18,Gate6,1.417904021600614,"LINESTRING (132.7107105 34.3990531,132.71419 34.41333)"
7,C1,19,Gate7,1.6111763244494632,"LINESTRING (132.7107105 34.3990531,132.71937 34.41333)"
7,C1,20,Gate8,1.5980303419487316,"LINESTRING (132.7107105 34.3990531,132.72455 34.40815)"
7,C1,21,Gate9,1.3878312091597016,"LINESTRING (132.7107105 34.3990531,132.72455 34.40297)"
7,C1,22,Gate10,1.3409274486519538,"LINESTRING (132.7107105 34.3990531,132.72455 34.39779)"
7,C1,23,Gate11,1.4730016449692651,"LINESTRING (132.7107105 34.3990531,132.72455 34.39261)"
7,C1,24,Gate12,1.3985506553639464,"LINESTRING (132.7107105 34.3990531,132.71937 34.38743)"
7,C1,25,Gate13,1.1706863805578491,"LINESTRING (132.7107105 34.3990531,132.71419 34.38743)"
7,C1,26,Gate14,1.1334486021562729,"LINESTRING (132.7107105 34.3990531,132.70901 34.38743)"
8,C2,1,A1,0.935279901225064,"LINESTRING (132.7148674 34.3986685,132.7088033 34.4062304)"
8,C2,2,A2,0.7259769082497025,"LINESTRING (132.7148674 34.3986685,132.714254 34.4061674)"
8,C2,3,A3,0.7690819841479967,"LINESTRING (132.7148674 34.3986685,132.7170292 34.4063404)"
8,C2,4,B1,0.6059433881016829,"LINESTRING (132.7148674 34.3986685,132.7102556 34.402931)"
8,C2,5,B2,0.42523345108640276,"LINESTRING (132.7148674 34.3986685,132.7148118 34.4030752)"
8,C2,6,B3,0.3872256084266804,"LINESTRING (132.7148674 34.3986685,132.7175319 34.4016695)"
8,C2,7,C1,0.4028146109236366,"LINESTRING (132.7148674 34.3986685,132.7107105 34.3990531)"
8,C2,8,C2,0.0,"LINESTRING (132.7148674 34.3986685,132.7148674 34.3986685)"
8,C2,9,C3,0.3571718709662004,"LINESTRING (132.7148674 34.3986685,132.7179452 34.3966121)"
8,C2,10,D1,0.9793500954297428,"LINESTRING (132.7148674 34.3986685,132.7073985 34.3917959)"
8,C2,11,D2,0.590354799657148,"LINESTRING (132.7148674 34.3986685,132.7135851 34.3926861)"
8,C2,12,D3,0.6476861671163698,"LINESTRING (132.7148674 34.3986685,132.7184847 34.3930142)"
8,C2,13,Gate1,1.2148927434405625,"LINESTRING (132.7148674 34.3986685,132.70383 34.39261)"
8,C2,14,Gate2,1.0683659494826814,"LINESTRING (132.7148674 34.3986685,132.70383 34.39779)"
8,C2,15,Gate3,1.1430151757807878,"LINESTRING (132.7148674 34.3986685,132.70383 34.40297)"
8,C2,16,Gate4,1.4039936069015793,"LINESTRING (132.7148674 34.3986685,132.70383 34.40815)"
8,C2,17,Gate5,1.5234030483315864,"LINESTRING (132.7148674 34.3986685,132.70901 34.41333)"
8,C2,18,Gate6,1.4161925331533098,"LINESTRING (132.7148674 34.3986685,132.71419 34.41333)"
8,C2,19,Gate7,1.4798926313601495,"LINESTRING (132.7148674 34.3986685,132.71937 34.41333)"
8,C2,20,Gate8,1.3076118512747554,"LINESTRING (132.7148674 34.3986685,132.72455 34.40815)"
8,C2,21,Gate9,1.0223181488369364,"LINESTRING (132.7148674 34.3986685,132.72455 34.40297)"
8,C2,22,Gate10,0.9381132700213907,"LINESTRING (132.7148674 34.3986685,132.72455 34.39779)"
8,C2,23,Gate11,1.1020957687253568,"LINESTRING (132.7148674 34.3986685,132.72455 34.39261)"
8,C2,24,Gate12,1.1682006463351429,"LINESTRING (132.7148674 34.3986685,132.71937 34.38743)"
8,C2,25,Gate13,1.086375552331222,"LINESTRING (132.7148674 34.3986685,132.71419 34.38743)"
8,C2,26,Gate14,1.2228521568079063,"LINESTRING (132.7148674 34.3986685,132.70901 34.38743)"
9,C3,1,A1,1.280400946656066,"LINESTRING (132.7179452 34.3966121,132.7088033 34.4062304)"
9,C3,2,A2,0.9883918235554793,"LINESTRING (132.7179452 34.3966121,132.714254 34.4061674)"
9,C3,3,A3,0.9428329649877097,"LINESTRING (132.7179452 34.3966121,132.7170292 34.4063404)"
9,C3,4,B1,0.9603467293513286,"LINESTRING (132.7179452 34.3966121,132.7102556 34.402931)"
9,C3,5,B2,0.6930542287464304,"LINESTRING (132.7179452 34.3966121,132.7148118 34.4030752)"
9,C3,6,B3,0.48961437817274867,"LINESTRING (132.7179452 34.3966121,132.7175319 34.4016695)"
9,C3,7,C1,0.736746545342774,"LINESTRING (132.7179452 34.3966121,132.7107105 34.3990531)"
9,C3,8,C2,0.3571718709662004,"LINESTRING (132.7179452 34.3966121,132.7148674 34.3986685)"
9,C3,9,C3,0.0,"LINESTRING (132.7179452 34.3966121,132.7179452 34.3966121)"
9,C3,10,D1,1.1187398883379884,"LINESTRING (132.7179452 34.3966121,132.7073985 34.3917959)"
9,C3,11,D2,0.5661264626962957,"LINESTRING (132.7179452 34.3966121,132.7135851 34.3926861)"
9,C3,12,D3,0.35104512076333355,"LINESTRING (132.7179452 34.3966121,132.7184847 34.3930142)"
9,C3,13,Gate1,1.4156647770205408,"LINESTRING (132.7179452 34.3966121,132.70383 34.39261)"
9,C3,14,Gate2,1.36671298422955,"LINESTRING (132.7179452 34.3966121,132.70383 34.39779)"
9,C3,15,Gate3,1.4937665372233793,"LINESTRING (132.7179452 34.3966121,132.70383 34.40297)"
9,C3,16,Gate4,1.7590932380916369,"LINESTRING (132.7179452 34.3966121,132.70383 34.40815)"
9,C3,17,Gate5,1.8290573045163026,"LINESTRING (132.7179452 34.3966121,132.70901 34.41333)"
9,C3,18,Gate6,1.6533062854600364,"LINESTRING (132.7179452 34.3966121,132.71419 34.41333)"
9,C3,19,Gate7,1.6189592922555354,"LINESTRING (132.7179452 34.3966121,132.71937 34.41333)"
9,C3,20,Gate8,1.2827962246003344,"LINESTRING (132.7179452 34.3966121,132.72455 34.40815)"
9,C3,21,Gate9,0.8845878143409671,"LINESTRING (132.7179452 34.3966121,132.72455 34.40297)"
9,C3,22,Gate10,0.6473496078734012,"LINESTRING (132.7179452 34.3966121,132.72455 34.39779)"
9,C3,23,Gate11,0.7451603145967189,"LINESTRING (132.7179452 34.3966121,132.72455 34.39261)"
9,C3,24,Gate12,0.8965817071779529,"LINESTRING (132.7179452 34.3966121,132.71937 34.38743)"
9,C3,25,Gate13,0.957210134300328,"LINESTRING (132.7179452 34.3966121,132.71419 34.38743)"
9,C3,26,Gate14,1.236236300579315,"LINESTRING (132.7179452 34.3966121,132.70901 34.38743)"
10,D1,1,A1,1.3993619662991121,"LINESTRING (132.7073985 34.3917959,132.7088033 34.4062304)"
10,D1,2,A2,1.5363942830558337,"LINESTRING (132.7073985 34.3917959,132.714254 34.4061674)"
10,D1,3,A3,1.6831696393827686,"LINESTRING (132.7073985 34.3917959,132.7170292 34.4063404)"
10,D1,4,B1,1.109226746129721,"LINESTRING (132.7073985 34.3917959,132.7102556 34.402931)"
10,D1,5,B2,1.3023651750653782,"LINESTRING (132.7073985 34.3917959,132.7148118 34.4030752)"
10,D1,6,B3,1.3651646403648463,"LINESTRING (132.7073985 34.3917959,132.7175319 34.4016695)"
10,D1,7,C1,0.7697190157562306,"LINESTRING (132.7073985 34.3917959,132.7107105 34.3990531)"
10,D1,8,C2,0.9793500954297428,"LINESTRING (132.7073985 34.3917959,132.7148674 34.3986685)"
10,D1,9,C3,1.1187398883379884,"LINESTRING (132.7073985 34.3917959,132.7179452 34.3966121)"
10,D1,10,D1,0.0,"LINESTRING (132.7073985 34.3917959,132.7073985 34.3917959)"
10,D1,11,D2,0.6030909497332851,"LINESTRING (132.7073985 34.3917959,132.7135851 34.3926861)"
10,D1,12,D3,1.0761482332485015,"LINESTRING (132.7073985 34.3917959,132.7184847 34.3930142)"
10,D1,13,Gate1,0.3531712088105992,"LINESTRING (132.7073985 34.3917959,132.70383 34.39261)"
10,D1,14,Gate2,0.6731062940515918,"LINESTRING (132.7073985 34.3917959,132.70383 34.39779)"
10,D1,15,Gate3,1.1318351158859912,"LINESTRING (132.7073985 34.3917959,132.70383 34.40297)"
10,D1,16,Gate4,1.6151364778616786,"LINESTRING (132.7073985 34.3917959,132.70383 34.40815)"
10,D1,17,Gate5,2.0836353532336203,"LINESTRING (132.7073985 34.3917959,132.70901 34.41333)"
10,D1,18,Gate6,2.178713293623002,"LINESTRING (132.7073985 34.3917959,132.71419 34.41333)"
10,D1,19,Gate7,2.37732694690399,"LINESTRING (132.7073985 34.3917959,132.71937 34.41333)"
10,D1,20,Gate8,2.28669195489397,"LINESTRING (132.7073985 34.3917959,132.72455 34.40815)"
10,D1,21,Gate9,1.97518226602366,"LINESTRING (132.7073985 34.3917959,132.72455 34.40297)"
10,D1,22,Gate10,1.753101918758169,"LINESTRING (132.7073985 34.3917959,132.72455 34.39779)"
10,D1,23,Gate11,1.6568114428607228,"LINESTRING (132.7073985 34.3917959,132.72455 34.39261)"
10,D1,24,Gate12,1.2295487709601596,"LINESTRING (132.7073985 34.3917959,132.71937 34.38743)"
10,D1,25,Gate13,0.7790368306462687,"LINESTRING (132.7073985 34.3917959,132.71419 34.38743)"
10,D1,26,Gate14,0.4490468271113674,"LINESTRING (132.7073985 34.3917959,132.70901 34.38743)"
11,D2,1,A1,1.3859401532202906,"LINESTRING (132.7135851 34.3926861,132.7088033 34.4062304)"
11,D2,2,A2,1.3024036182394154,"LINESTRING (132.7135851 34.3926861,132.714254 34.4061674)"
11,D2,3,A3,1.3587631204132584,"LINESTRING (132.7135851 34.3926861,132.7170292 34.4063404)"
11,D2,4,B1,1.0394160311715135,"LINESTRING (132.7135851 34.3926861,132.7102556 34.402931)"
11,D2,5,B2,1.0094068085091454,"LINESTRING (132.7135851 34.3926861,132.7148118 34.4030752)"
11,D2,6,B3,0.9467713252089597,"LINESTRING (132.7135851 34.3926861,132.7175319 34.4016695)"
11,D2,7,C1,0.67405878581282,"LINESTRING (132.7135851 34.3926861,132.7107105 34.3990531)"
11,D2,8,C2,0.590354799657148,"LINESTRING (132.7135851 34.3926861,132.7148674 34.3986685)"
11,D2,9,C3,0.5661264626962957,"LINESTRING (132.7135851 34.3926861,132.7179452 34.3966121)"
11,D2,10,D1,0.6030909497332851,"LINESTRING (132.7135851 34.3926861,132.7073985 34.3917959)"
11,D2,11,D2,0.0,"LINESTRING (132.7135851 34.3926861,132.7135851 34.3926861)"
11,D2,12,D3,0.47382491824526846,"LINESTRING (132.7135851 34.3926861,132.7184847 34.3930142)"
11,D2,13,Gate1,0.941295509790339,"LINESTRING (132.7135851 34.3926861,132.70383 34.39261)"
11,D2,14,Gate2,1.0623143630103542,"LINESTRING (132.7135851 34.3926861,132.70383 34.39779)"
11,D2,15,Gate3,1.367707147406342,"LINESTRING (132.7135851 34.3926861,132.70383 34.40297)"
11,D2,16,Gate4,1.764191129776035,"LINESTRING (132.7135851 34.3926861,132.70383 34.40815)"
11,D2,17,Gate5,2.0402568331771285,"LINESTRING (132.7135851 34.3926861,132.70901 34.41333)"
11,D2,18,Gate6,1.992781485001025,"LINESTRING (132.7135851 34.3926861,132.71419 34.41333)"
11,D2,19,Gate7,2.068657684272938,"LINESTRING (132.7135851 34.3926861,132.71937 34.41333)"
11,D2,20,Gate8,1.829142881550637,"LINESTRING (132.7135851 34.3926861,132.72455 34.40815)"
11,D2,21,Gate9,1.4505227264050051,"LINESTRING (132.7135851 34.3926861,132.72455 34.40297)"
11,D2,22,Gate10,1.167006917121364,"LINESTRING (132.7135851 34.3926861,132.72455 34.39779)"
11,D2,23,Gate11,1.0580314624350686,"LINESTRING (132.7135851 34.3926861,132.72455 34.39261)"
11,D2,24,Gate12,0.7541813035722521,"LINESTRING (132.7135851 34.3926861,132.71937 34.38743)"
11,D2,25,Gate13,0.5105123611817429,"LINESTRING (132.7135851 34.3926861,132.71419 34.38743)"
11,D2,26,Gate14,0.6723784420119624,"LINESTRING (132.7135851 34.3926861,132.70901 34.38743)"
12,D3,1,A1,1.5807843497995484,"LINESTRING (132.7184847 34.3930142,132.7088033 34.4062304)"
12,D3,2,A2,1.333189531029181,"LINESTRING (132.7184847 34.3930142,132.714254 34.4061674)"
12,D3,3,A3,1.2934918880659627,"LINESTRING (132.7184847 34.3930142,132.7170292 34.4063404)"
12,D3,4,B1,1.2434156870604418,"LINESTRING (132.7184847 34.3930142,132.7102556 34.402931)"
12,D3,5,B2,1.033458442112787,"LINESTRING (132.7184847 34.3930142,132.7148118 34.4030752)"
12,D3,6,B3,0.8401967460616478,"LINESTRING (132.7184847 34.3930142,132.7175319 34.4016695)"
12,D3,7,C1,0.9498635482894182,"LINESTRING (132.7184847 34.3930142,132.7107105 34.3990531)"
12,D3,8,C2,0.6476861671163698,"LINESTRING (132.7184847 34.3930142,132.7148674 34.3986685)"
12,D3,9,C3,0.35104512076333355,"LINESTRING (132.7184847 34.3930142,132.7179452 34.3966121)"
12,D3,10,D1,1.0761482332485015,"LINESTRING (132.7184847 34.3930142,132.7073985 34.3917959)"
12,D3,11,D2,0.47382491824526846,"LINESTRING (132.7184847 34.3930142,132.7135851 34.3926861)"
12,D3,12,D3,0.0,"LINESTRING (132.7184847 34.3930142,132.7184847 34.3930142)"
12,D3,13,Gate1,1.4145711203156088,"LINESTRING (132.7184847 34.3930142,132.70383 34.39261)"
12,D3,14,Gate2,1.4872279791965877,"LINESTRING (132.7184847 34.3930142,132.70383 34.39779)"
12,D3,15,Gate3,1.7094792001896468,"LINESTRING (132.7184847 34.3930142,132.70383 34.40297)"
12,D3,16,Gate4,2.0328373461156617,"LINESTRING (132.7184847 34.3930142,132.70383 34.40815)"
12,D3,17,Gate5,2.1629774779011415,"LINESTRING (132.7184847 34.3930142,132.70901 34.41333)"
12,D3,18,Gate6,2.0035984937547715,"LINESTRING (132.7184847 34.3930142,132.71419 34.41333)"
12,D3,19,Gate7,1.9621362706363832,"LINESTRING (132.7184847 34.3930142,132.71937 34.41333)"
12,D3,20,Gate8,1.5733537507620794,"LINESTRING (132.7184847 34.3930142,132.72455 34.40815)"
12,D3,21,Gate9,1.124870430387241,"LINESTRING (132.7184847 34.3930142,132.72455 34.40297)"
12,D3,22,Gate10,0.7448902008911841,"LINESTRING (132.7184847 34.3930142,132.72455 34.39779)"
12,D3,23,Gate11,0.5865371290119716,"LINESTRING (132.7184847 34.3930142,132.72455 34.39261)"
12,D3,24,Gate12,0.5455441097340927,"LINESTRING (132.7184847 34.3930142,132.71937 34.38743)"
12,D3,25,Gate13,0.6797400645063515,"LINESTRING (132.7184847 34.3930142,132.71419 34.38743)"
12,D3,26,Gate14,1.0611838676809466,"LINESTRING (132.7184847 34.3930142,132.70901 34.38743)"
13,Gate1,1,A1,1.3990976213661035,"LINESTRING (132.70383 34.39261,132.7088033 34.4062304)"
13,Gate1,2,A2,1.650124731444743,"LINESTRING (132.70383 34.39261,132.714254 34.4061674)"
13,Gate1,3,A3,1.8377298034162697,"LINESTRING (132.70383 34.39261,132.7170292 34.4063404)"
13,Gate1,4,B1,1.1731008811763886,"LINESTRING (132.70383 34.39261,132.7102556 34.402931)"
13,Gate1,5,B2,1.4637275617443717,"LINESTRING (132.70383 34.39261,132.7148118 34.4030752)"
13,Gate1,6,B3,1.584951525454025,"LINESTRING (132.70383 34.39261,132.7175319 34.4016695)"
13,Gate1,7,C1,0.909536938393722,"LINESTRING (132.70383 34.39261,132.7107105 34.3990531)"
13,Gate1,8,C2,1.2148927434405625,"LINESTRING (132.70383 34.39261,132.7148674 34.3986685)"
13,Gate1,9,C3,1.4156647770205408,"LINESTRING (132.70383 34.39261,132.7179452 34.3966121)"
13,Gate1,10,D1,0.3531712088105992,"LINESTRING (132.70383 34.39261,132.7073985 34.3917959)"
13,Gate1,11,D2,0.941295509790339,"LINESTRING (132.70383 34.39261,132.7135851 34.3926861)"
13,Gate1,12,D3,1.4145711203156088,"LINESTRING (132.70383 34.39261,132.7184847 34.3930142)"
13,Gate1,13,Gate1,0.0,"LINESTRING (132.70383 34.39261,132.70383 34.39261)"
13,Gate1,14,Gate2,0.49981819999958926,"LINESTRING (132.70383 34.39261,132.70383 34.39779)"
13,Gate1,15,Gate3,0.9996363999991785,"LINESTRING (132.70383 34.39261,132.70383 34.40297)"
13,Gate1,16,Gate4,1.499454600000139,"LINESTRING (132.70383 34.39261,132.70383 34.40815)"
13,Gate1,17,Gate5,2.060803232205065,"LINESTRING (132.70383 34.39261,132.70901 34.41333)"
13,Gate1,18,Gate6,2.235254943181947,"LINESTRING (132.70383 34.39261,132.71419 34.41333)"
13,Gate1,19,Gate7,2.499090999998495,"LINESTRING (132.70383 34.39261,132.71937 34.41333)"
13,Gate1,20,Gate8,2.4990909999979465,"LINESTRING (132.70383 34.39261,132.72455 34.40815)"
13,Gate1,21,Gate9,2.235254943181334,"LINESTRING (132.70383 34.39261,132.72455 34.40297)"
13,Gate1,22,Gate10,2.0608032322043996,"LINESTRING (132.70383 34.39261,132.72455 34.39779)"
13,Gate1,23,Gate11,1.999272799998357,"LINESTRING (132.70383 34.39261,132.72455 34.39261)"
13,Gate1,24,Gate12,1.580563928004489,"LINESTRING (132.70383 34.39261,132.71937 34.38743)"
13,Gate1,25,Gate13,1.1176274715909735,"LINESTRING (132.70383 34.39261,132.71419 34.38743)"
13,Gate1,26,Gate14,0.706849677160812,"LINESTRING (132.70383 34.39261,132.70901 34.38743)"
14,Gate2,1,A1,0.9452729193241174,"LINESTRING (132.70383 34.39779,132.7088033 34.4062304)"
14,Gate2,2,A2,1.2903704414992812,"LINESTRING (132.70383 34.39779,132.714254 34.4061674)"
14,Gate2,3,A3,1.5174678300747964,"LINESTRING (132.70383 34.39779,132.7170292 34.4063404)"
14,Gate2,4,B1,0.7940254591648052,"LINESTRING (132.70383 34.39779,132.7102556 34.402931)"
14,Gate2,5,B2,1.1759654649170692,"LINESTRING (132.70383 34.39779,132.7148118 34.4030752)"
14,Gate2,6,B3,1.3740666472549057,"LINESTRING (132.70383 34.39779,132.7175319 34.4016695)"
14,Gate2,7,C1,0.6749889027016723,"LINESTRING (132.70383 34.39779,132.7107105 34.3990531)"
14,Gate2,8,C2,1.0683659494826814,"LINESTRING (132.70383 34.39779,132.7148674 34.3986685)"
14,Gate2,9,C3,1.36671298422955,"LINESTRING (132.70383 34.39779,132.7179452 34.3966121)"
14,Gate2,10,D1,0.6731062940515918,"LINESTRING (132.70383 34.39779,132.7073985 34.3917959)"
14,Gate2,11,D2,1.0623143630103542,"LINESTRING (132.70383 34.39779,132.7135851 34.3926861)"
14,Gate2,12,D3,1.4872279791965877,"LINESTRING (132.70383 34.39779,132.7184847 34.3930142)"
14,Gate2,13,Gate1,0.49981819999958926,"LINESTRING (132.70383 34.39779,132.70383 34.39261)"
14,Gate2,14,Gate2,0.0,"LINESTRING (132.70383 34.39779,132.70383 34.39779)"
14,Gate2,15,Gate3,0.49981819999958926,"LINESTRING (132.70383 34.39779,132.70383 34.40297)"
14,Gate2,16,Gate4,0.9996364000005498,"LINESTRING (132.70383 34.39779,132.70383 34.40815)"
14,Gate2,17,Gate5,1.5805639280049228,"LINESTRING (132.70383 34.39779,132.70901 34.41333)"
14,Gate2,18,Gate6,1.8021201485092049,"LINESTRING (132.70383 34.39779,132.71419 34.41333)"
14,Gate2,19,Gate7,2.120549031481467,"LINESTRING (132.70383 34.39779,132.71937 34.41333)"
14,Gate2,20,Gate8,2.235254943181334,"LINESTRING (132.70383 34.39779,132.72455 34.40815)"
14,Gate2,21,Gate9,2.0608032322043996,"LINESTRING (132.70383 34.39779,132.72455 34.40297)"
14,Gate2,22,Gate10,1.999272799998357,"LINESTRING (132.70383 34.39779,132.72455 34.39779)"
14,Gate2,23,Gate11,2.0608032322047323,"LINESTRING (132.70383 34.39779,132.72455 34.39261)"
14,Gate2,24,Gate12,1.8021201485090146,"LINESTRING (132.70383 34.39779,132.71937 34.38743)"
14,Gate2,25,Gate13,1.4136993543211394,"LINESTRING (132.70383 34.39779,132.71419 34.38743)"
14,Gate2,26,Gate14,1.1176274715912802,"LINESTRING (132.70383 34.39779,132.70901 34.38743)"
15,Gate3,1,A1,0.5737979574767137,"LINESTRING (132.70383 34.40297,132.7088033 34.4062304)"
15,Gate3,2,A2,1.0520630158722308,"LINESTRING (132.70383 34.40297,132.714254 34.4061674)"
15,Gate3,3,A3,1.314459153553688,"LINESTRING (132.70383 34.40297,132.7170292 34.4063404)"
15,Gate3,4,B1,0.6200190709071771,"LINESTRING (132.70383 34.40297,132.7102556 34.402931)"
15,Gate3,5,B2,1.0596828018075846,"LINESTRING (132.70383 34.40297,132.7148118 34.4030752)"
15,Gate3,6,B3,1.3280374355639575,"LINESTRING (132.70383 34.40297,132.7175319 34.4016695)"
15,Gate3,7,C1,0.7639365558342192,"LINESTRING (132.70383 34.40297,132.7107105 34.3990531)"
15,Gate3,8,C2,1.1430151757807878,"LINESTRING (132.70383 34.40297,132.7148674 34.3986685)"
15,Gate3,9,C3,1.4937665372233793,"LINESTRING (132.70383 34.40297,132.7179452 34.3966121)"
15,Gate3,10,D1,1.1318351158859912,"LINESTRING (132.70383 34.40297,132.7073985 34.3917959)"
15,Gate3,11,D2,1.367707147406342,"LINESTRING (132.70383 34.40297,132.7135851 34.3926861)"
15,Gate3,12,D3,1.7094792001896468,"LINESTRING (132.70383 34.40297,132.7184847 34.3930142)"
15,Gate3,13,Gate1,0.9996363999991785,"LINESTRING (132.70383 34.40297,132.70383 34.39261)"
15,Gate3,14,Gate2,0.49981819999958926,"LINESTRING (132.70383 34.40297,132.70383 34.39779)"
15,Gate3,15,Gate3,0.0,"LINESTRING (132.70383 34.40297,132.70383 34.40297)"
15,Gate3,16,Gate4,0.4998182000009605,"LINESTRING (132.70383 34.40297,132.70383 34.40815)"
15,Gate3,17,Gate5,1.1176274715912802,"LINESTRING (132.70383 34.40297,132.70901 34.41333)"
15,Gate3,18,Gate6,1.4136993543211394,"LINESTRING (132.70383 34.40297,132.71419 34.41333)"
15,Gate3,19,Gate7,1.8021201485090146,"LINESTRING (132.70383 34.40297,132.71937 34.41333)"
15,Gate3,20,Gate8,2.0608032322043996,"LINESTRING (132.70383 34.40297,132.72455 34.40815)"
15,Gate3,21,Gate9,1.999272799998357,"LINESTRING (132.70383 34.40297,132.72455 34.40297)"
15,Gate3,22,Gate10,2.0608032322043996,"LINESTRING (132.70383 34.40297,132.72455 34.39779)"
15,Gate3,23,Gate11,2.235254943181947,"LINESTRING (132.70383 34.40297,132.72455 34.39261)"
15,Gate3,24,Gate12,2.120549031481467,"LINESTRING (132.70383 34.40297,132.71937 34.38743)"
15,Gate3,25,Gate13,1.8021201485092049,"LINESTRING (132.70383 34.40297,132.71419 34.38743)"
15,Gate3,26,Gate14,1.5805639280049228,"LINESTRING (132.70383 34.40297,132.70901 34.38743)"
16,Gate4,1,A1,0.5143770660746109,"LINESTRING (132.70383 34.40815,132.7088033 34.4062304)"
16,Gate4,2,A2,1.0238426483300456,"LINESTRING (132.70383 34.40815,132.714254 34.4061674)"
16,Gate4,3,A3,1.2855090756242773,"LINESTRING (132.70383 34.40815,132.7170292 34.4063404)"
16,Gate4,4,B1,0.7987536121222604,"LINESTRING (132.70383 34.40815,132.7102556 34.402931)"
16,Gate4,5,B2,1.1673032906314142,"LINESTRING (132.70383 34.40815,132.7148118 34.4030752)"
16,Gate4,6,B3,1.4625129659335063,"LINESTRING (132.70383 34.40815,132.7175319 34.4016695)"
16,Gate4,7,C1,1.1005564819732592,"LINESTRING (132.70383 34.40815,132.7107105 34.3990531)"
16,Gate4,8,C2,1.4039936069015793,"LINESTRING (132.70383 34.40815,132.7148674 34.3986685)"
16,Gate4,9,C3,1.7590932380916369,"LINESTRING (132.70383 34.40815,132.7179452 34.3966121)"
16,Gate4,10,D1,1.6151364778616786,"LINESTRING (132.70383 34.40815,132.7073985 34.3917959)"
16,Gate4,11,D2,1.764191129776035,"LINESTRING (132.70383 34.40815,132.7135851 34.3926861)"
16,Gate4,12,D3,2.0328373461156617,"LINESTRING (132.70383 34.40815,132.7184847 34.3930142)"
16,Gate4,13,Gate1,1.499454600000139,"LINESTRING (132.70383 34.40815,132.70383 34.39261)"
16,Gate4,14,Gate2,0.9996364000005498,"LINESTRING (132.70383 34.40815,132.70383 34.39779)"
16,Gate4,15,Gate3,0.4998182000009605,"LINESTRING (132.70383 34.40815,132.70383 34.40297)"
16,Gate4,16,Gate4,0.0,"LINESTRING (132.70383 34.40815,132.70383 34.40815)"
16,Gate4,17,Gate5,0.7068496771598424,"LINESTRING (132.70383 34.40815,132.70901 34.41333)"
16,Gate4,18,Gate6,1.1176274715903605,"LINESTRING (132.70383 34.40815,132.71419 34.41333)"
16,Gate4,19,Gate7,1.5805639280040553,"LINESTRING (132.70383 34.40815,132.71937 34.41333)"
16,Gate4,20,Gate8,1.999272799998357,"LINESTRING (132.70383 34.40815,132.72455 34.40815)"
16,Gate4,21,Gate9,2.0608032322047323,"LINESTRING (132.70383 34.40815,132.72455 34.40297)"
16,Gate4,22,Gate10,2.235254943181947,"LINESTRING (132.70383 34.40815,132.72455 34.39779)"
16,Gate4,23,Gate11,2.499090999999592,"LINESTRING (132.70383 34.40815,132.72455 34.39261)"
16,Gate4,24,Gate12,2.499090999999592,"LINESTRING (132.70383 34.40815,132.71937 34.38743)"
16,Gate4,25,Gate13,2.2352549431831736,"LINESTRING (132.70383 34.40815,132.71419 34.38743)"
16,Gate4,26,Gate14,2.060803232206395,"LINESTRING (132.70383 34.40815,132.70901 34.38743)"
17,Gate5,1,A1,0.6853338267180149,"LINESTRING (132.70901 34.41333,132.7088033 34.4062304)"
17,Gate5,2,A2,0.8565513157432209,"LINESTRING (132.70901 34.41333,132.714254 34.4061674)"
17,Gate5,3,A3,1.0264439271847363,"LINESTRING (132.70901 34.41333,132.7170292 34.4063404)"
17,Gate5,4,B1,1.010575837300064,"LINESTRING (132.70901 34.41333,132.7102556 34.402931)"
17,Gate5,5,B2,1.1368694386498466,"LINESTRING (132.70901 34.41333,132.7148118 34.4030752)"
17,Gate5,6,B3,1.3935727349938247,"LINESTRING (132.70901 34.41333,132.7175319 34.4016695)"
17,Gate5,7,C1,1.3873178967264737,"LINESTRING (132.70901 34.41333,132.7107105 34.3990531)"
17,Gate5,8,C2,1.5234030483315864,"LINESTRING (132.70901 34.41333,132.7148674 34.3986685)"
17,Gate5,9,C3,1.8290573045163026,"LINESTRING (132.70901 34.41333,132.7179452 34.3966121)"
17,Gate5,10,D1,2.0836353532336203,"LINESTRING (132.70901 34.41333,132.7073985 34.3917959)"
17,Gate5,11,D2,2.0402568331771285,"LINESTRING (132.70901 34.41333,132.7135851 34.3926861)"
17,Gate5,12,D3,2.1629774779011415,"LINESTRING (132.70901 34.41333,132.7184847 34.3930142)"
17,Gate5,13,Gate1,2.060803232205065,"LINESTRING (132.70901 34.41333,132.70383 34.39261)"
17,Gate5,14,Gate2,1.5805639280049228,"LINESTRING (132.70901 34.41333,132.70383 34.39779)"
17,Gate5,15,Gate3,1.1176274715912802,"LINESTRING (132.70901 34.41333,132.70383 34.40297)"
17,Gate5,16,Gate4,0.7068496771598424,"LINESTRING (132.70901 34.41333,132.70383 34.40815)"
17,Gate5,17,Gate5,0.0,"LINESTRING (132.70901 34.41333,132.70901 34.41333)"
17,Gate5,18,Gate6,0.49981819999958926,"LINESTRING (132.70901 34.41333,132.71419 34.41333)"
17,Gate5,19,Gate7,0.9996363999991785,"LINESTRING (132.70901 34.41333,132.71937 34.41333)"
17,Gate5,20,Gate8,1.580563928004489,"LINESTRING (132.70901 34.41333,132.72455 34.40815)"
17,Gate5,21,Gate9,1.8021201485090146,"LINESTRING (132.70901 34.41333,132.72455 34.40297)"
17,Gate5,22,Gate10,2.120549031481467,"LINESTRING (132.70901 34.41333,132.72455 34.39779)"
17,Gate5,23,Gate11,2.499090999999592,"LINESTRING (132.70901 34.41333,132.72455 34.39261)"
17,Gate5,24,Gate12,2.691603380604376,"LINESTRING (132.70901 34.41333,132.71937 34.38743)"
17,Gate5,25,Gate13,2.5485827550480713,"LINESTRING (132.70901 34.41333,132.71419 34.38743)"
17,Gate5,26,Gate14,2.4990909999993174,"LINESTRING (132.70901 34.41333,132.70901 34.38743)"
18,Gate6,1,A1,0.8599078275521116,"LINESTRING (132.71419 34.41333,132.7088033 34.4062304)"
18,Gate6,2,A2,0.6911507543873469,"LINESTRING (132.71419 34.41333,132.714254 34.4061674)"
18,Gate6,3,A3,0.7279491538872699,"LINESTRING (132.71419 34.41333,132.7170292 34.4063404)"
18,Gate6,4,B1,1.0728168661997814,"LINESTRING (132.71419 34.41333,132.7102556 34.402931)"
18,Gate6,5,B2,0.9913011333002096,"LINESTRING (132.71419 34.41333,132.7148118 34.4030752)"
18,Gate6,6,B3,1.17042087073423,"LINESTRING (132.71419 34.41333,132.7175319 34.4016695)"
18,Gate6,7,C1,1.417904021600614,"LINESTRING (132.71419 34.41333,132.7107105 34.3990531)"
18,Gate6,8,C2,1.4161925331533098,"LINESTRING (132.71419 34.41333,132.7148674 34.3986685)"
18,Gate6,9,C3,1.6533062854600364,"LINESTRING (132.71419 34.41333,132.7179452 34.3966121)"
18,Gate6,10,D1,2.178713293623002,"LINESTRING (132.71419 34.41333,132.7073985 34.3917959)"
18,Gate6,11,D2,1.992781485001025,"LINESTRING (132.71419 34.41333,132.7135851 34.3926861)"
18,Gate6,12,D3,2.0035984937547715,"LINESTRING (132.71419 34.41333,132.7184847 34.3930142)"
18,Gate6,13,Gate1,2.235254943181947,"LINESTRING (132.71419 34.41333,132.70383 34.39261)"
18,Gate6,14,Gate2,1.8021201485092049,"LINESTRING (132.71419 34.41333,132.70383 34.39779)"
18,Gate6,15,Gate3,1.4136993543211394,"LINESTRING (132.71419 34.41333,132.70383 34.40297)"
18,Gate6,16,Gate4,1.1176274715903605,"LINESTRING (132.71419 34.41333,132.70383 34.40815)"
18,Gate6,17,Gate5,0.49981819999958926,"LINESTRING (132.71419 34.41333,132.70901 34.41333)"
18,Gate6,18,Gate6,0.0,"LINESTRING (132.71419 34.41333,132.71419 34.41333)"
18,Gate6,19,Gate7,0.49981819999958926,"LINESTRING (132.71419 34.41333,132.71937 34.41333)"
18,Gate6,20,Gate8,1.1176274715909735,"LINESTRING (132.71419 34.41333,132.72455 34.40815)"
18,Gate6,21,Gate9,1.4136993543211394,"LINESTRING (132.71419 34.41333,132.72455 34.40297)"
18,Gate6,22,Gate10,1.8021201485092049,"LINESTRING (132.71419 34.41333,132.72455 34.39779)"
18,Gate6,23,Gate11,2.2352549431831736,"LINESTRING (132.71419 34.41333,132.72455 34.39261)"
18,Gate6,24,Gate12,2.5485827550480713,"LINESTRING (132.71419 34.41333,132.71937 34.38743)"
18,Gate6,25,Gate13,2.4990909999993174,"LINESTRING (132.71419 34.41333,132.71419 34.38743)"
18,Gate6,26,Gate14,2.5485827550480713,"LINESTRING (132.71419 34.41333,132.70901 34.38743)"
19,Gate7,1,A1,1.2283472456225417,"LINESTRING (132.71937 34.41333,132.7088033 34.4062304)"
19,Gate7,2,A2,0.8493144530623586,"LINESTRING (132.71937 34.41333,132.714254 34.4061674)"
19,Gate7,3,A3,0.7112448746652722,"LINESTRING (132.71937 34.41333,132.7170292 34.4063404)"
19,Gate7,4,B1,1.3342582208749447,"LINESTRING (132.71937 34.41333,132.7102556 34.402931)"
19,Gate7,5,B2,1.082829727764343,"LINESTRING (132.71937 34.41333,132.7148118 34.4030752)"
19,Gate7,6,B3,1.1390177907671317,"LINESTRING (132.71937 34.41333,132.7175319 34.4016695)"
19,Gate7,7,C1,1.6111763244494632,"LINESTRING (132.71937 34.41333,132.7107105 34.3990531)"
19,Gate7,8,C2,1.4798926313601495,"LINESTRING (132.71937 34.41333,132.7148674 34.3986685)"
19,Gate7,9,C3,1.6189592922555354,"LINESTRING (132.71937 34.41333,132.7179452 34.3966121)"
19,Gate7,10,D1,2.37732694690399,"LINESTRING (132.71937 34.41333,132.7073985 34.3917959)"
19,Gate7,11,D2,2.068657684272938,"LINESTRING (132.71937 34.41333,132.7135851 34.3926861)"
19,Gate7,12,D3,1.9621362706363832,"LINESTRING (132.71937 34.41333,132.7184847 34.3930142)"
19,Gate7,13,Gate1,2.499090999998495,"LINESTRING (132.71937 34.41333,132.70383 34.39261)"
19,Gate7,14,Gate2,2.120549031481467,"LINESTRING (132.71937 34.41333,132.70383 34.39779)"
19,Gate7,15,Gate3,1.8021201485090146,"LINESTRING (132.71937 34.41333,132.70383 34.40297)"
19,Gate7,16,Gate4,1.5805639280040553,"LINESTRING (132.71937 34.41333,132.70383 34.40815)"
19,Gate7,17,Gate5,0.9996363999991785,"LINESTRING (132.71937 34.41333,132.70901 34.41333)"
19,Gate7,18,Gate6,0.49981819999958926,"LINESTRING (132.71937 34.41333,132.71419 34.41333)"
19,Gate7,19,Gate7,0.0,"LINESTRING (132.71937 34.41333,132.71937 34.41333)"
19,Gate7,20,Gate8,0.706849677160812,"LINESTRING (132.71937 34.41333,132.72455 34.40815)"
19,Gate7,21,Gate9,1.1176274715912802,"LINESTRING (132.71937 34.41333,132.72455 34.40297)"
19,Gate7,22,Gate10,1.5805639280049228,"LINESTRING (132.71937 34.41333,132.72455 34.39779)"
19,Gate7,23,Gate11,2.060803232206395,"LINESTRING (132.71937 34.41333,132.72455 34.39261)"
19,Gate7,24,Gate12,2.4990909999993174,"LINESTRING (132.71937 34.41333,132.71937 34.38743)"
19,Gate7,25,Gate13,2.5485827550480713,"LINESTRING (132.71937 34.41333,132.71419 34.38743)"
19,Gate7,26,Gate14,2.691603380604376,"LINESTRING (132.71937 34.41333,132.70901 34.38743)"
20,Gate8,1,A1,1.5306510933821824,"LINESTRING (132.72455 34.40815,132.7088033 34.4062304)"
20,Gate8,2,A2,1.0117131687871312,"LINESTRING (132.72455 34.40815,132.714254 34.4061674)"
20,Gate8,3,A3,0.7463898818166643,"LINESTRING (132.72455 34.40815,132.7170292 34.4063404)"
20,Gate8,4,B1,1.4683222694464155,"LINESTRING (132.72455 34.40815,132.7102556 34.402931)"
20,Gate8,5,B2,1.0595721636141413,"LINESTRING (132.72455 34.40815,132.7148118 34.4030752)"
20,Gate8,6,B3,0.9217251734945964,"LINESTRING (132.72455 34.40815,132.7175319 34.4016695)"
20,Gate8,7,C1,1.5980303419487316,"LINESTRING (132.72455 34.40815,132.7107105 34.3990531)"
20,Gate8,8,C2,1.3076118512747554,"LINESTRING (132.72455 34.40815,132.7148674 34.3986685)"
20,Gate8,9,C3,1.2827962246003344,"LINESTRING (132.72455 34.40815,132.7179452 34.3966121)"
20,Gate8,10,D1,2.28669195489397,"LINESTRING (132.72455 34.40815,132.7073985 34.3917959)"
20,Gate8,11,D2,1.829142881550637,"LINESTRING (132.72455 34.40815,132.7135851 34.3926861)"
20,Gate8,12,D3,1.5733537507620794,"LINESTRING (132.72455 34.40815,132.7184847 34.3930142)"
20,Gate8,13,Gate1,2.4990909999979465,"LINESTRING (132.72455 34.40815,132.70383 34.39261)"
20,Gate8,14,Gate2,2.235254943181334,"LINESTRING (132.72455 34.40815,132.70383 34.39779)"
20,Gate8,15,Gate3,2.0608032322043996,"LINESTRING (132.72455 34.40815,132.70383 34.40297)"
20,Gate8,16,Gate4,1.999272799998357,"LINESTRING (132.72455 34.40815,132.70383 34.40815)"
20,Gate8,17,Gate5,1.580563928004489,"LINESTRING (132.72455 34.40815,132.70901 34.41333)"
20,Gate8,18,Gate6,1.1176274715909735,"LINESTRING (132.72455 34.40815,132.71419 34.41333)"
20,Gate8,19,Gate7,0.706849677160812,"LINESTRING (132.72455 34.40815,132.71937 34.41333)"
20,Gate8,20,Gate8,0.0,"LINESTRING (132.72455 34.40815,132.72455 34.40815)"
20,Gate8,21,Gate9,0.49981819999958926,"LINESTRING (132.72455 34.40815,132.72455 34.40297)"
20,Gate8,22,Gate10,0.9996363999991785,"LINESTRING (132.72455 34.40815,132.72455 34.39779)"
20,Gate8,23,Gate11,1.499454600000139,"LINESTRING (132.72455 34.40815,132.72455 34.39261)"
20,Gate8,24,Gate12,2.060803232205065,"LINESTRING (132.72455 34.40815,132.71937 34.38743)"
20,Gate8,25,Gate13,2.235254943181947,"LINESTRING (132.72455 34.40815,132.71419 34.38743)"
20,Gate8,26,Gate14,2.499090999998495,"LINESTRING (132.72455 34.40815,132.70901 34.38743)"
21,Gate9,1,A1,1.5516291759223602,"LINESTRING (132.72455 34.40297,132.7088033 34.4062304)"
21,Gate9,2,A2,1.0402626383392395,"LINESTRING (132.72455 34.40297,132.714254 34.4061674)"
21,Gate9,3,A3,0.7952151523502727,"LINESTRING (132.72455 34.40297,132.7170292 34.4063404)"
21,Gate9,4,B1,1.3792703151898449,"LINESTRING (132.72455 34.40297,132.7102556 34.402931)"
21,Gate9,5,B2,0.9396934808942433,"LINESTRING (132.72455 34.40297,132.7148118 34.4030752)"
21,Gate9,6,B3,0.6887064325175347,"LINESTRING (132.72455 34.40297,132.7175319 34.4016695)"
21,Gate9,7,C1,1.3878312091597016,"LINESTRING (132.72455 34.40297,132.7107105 34.3990531)"
21,Gate9,8,C2,1.0223181488369364,"LINESTRING (132.72455 34.40297,132.7148674 34.3986685)"
21,Gate9,9,C3,0.8845878143409671,"LINESTRING (132.72455 34.40297,132.7179452 34.3966121)"
21,Gate9,10,D1,1.97518226602366,"LINESTRING (132.72455 34.40297,132.7073985 34.3917959)"
21,Gate9,11,D2,1.4505227264050051,"LINESTRING (132.72455 34.40297,132.7135851 34.3926861)"
21,Gate9,12,D3,1.124870430387241,"LINESTRING (132.72455 34.40297,132.7184847 34.3930142)"
21,Gate9,13,Gate1,2.235254943181334,"LINESTRING (132.72455 34.40297,132.70383 34.39261)"
21,Gate9,14,Gate2,2.0608032322043996,"LINESTRING (132.72455 34.40297,132.70383 34.39779)"
21,Gate9,15,Gate3,1.999272799998357,"LINESTRING (132.72455 34.40297,132.70383 34.40297)"
21,Gate9,16,Gate4,2.0608032322047323,"LINESTRING (132.72455 34.40297,132.70383 34.40815)"
21,Gate9,17,Gate5,1.8021201485090146,"LINESTRING (132.72455 34.40297,132.70901 34.41333)"
21,Gate9,18,Gate6,1.4136993543211394,"LINESTRING (132.72455 34.40297,132.71419 34.41333)"
21,Gate9,19,Gate7,1.1176274715912802,"LINESTRING (132.72455 34.40297,132.71937 34.41333)"
21,Gate9,20,Gate8,0.49981819999958926,"LINESTRING (132.72455 34.40297,132.72455 34.40815)"
21,Gate9,21,Gate9,0.0,"LINESTRING (132.72455 34.40297,132.72455 34.40297)"
21,Gate9,22,Gate10,0.49981819999958926,"LINESTRING (132.72455 34.40297,132.72455 34.39779)"
21,Gate9,23,Gate11,0.9996364000005498,"LINESTRING (132.72455 34.40297,132.72455 34.39261)"
21,Gate9,24,Gate12,1.5805639280049228,"LINESTRING (132.72455 34.40297,132.71937 34.38743)"
21,Gate9,25,Gate13,1.8021201485092049,"LINESTRING (132.72455 34.40297,132.71419 34.38743)"
21,Gate9,26,Gate14,2.120549031481467,"LINESTRING (132.72455 34.40297,132.70901 34.38743)"
22,Gate10,1,A1,1.723905419556593,"LINESTRING (132.72455 34.39779,132.7088033 34.4062304)"
22,Gate10,2,A2,1.280767599392408,"LINESTRING (132.72455 34.39779,132.714254 34.4061674)"
22,Gate10,3,A3,1.0987597041566002,"LINESTRING (132.72455 34.39779,132.7170292 34.4063404)"
22,Gate10,4,B1,1.4657555675750218,"LINESTRING (132.72455 34.39779,132.7102556 34.402931)"
22,Gate10,5,B2,1.0691075587919046,"LINESTRING (132.72455 34.39779,132.7148118 34.4030752)"
22,Gate10,6,B3,0.7737520733607597,"LINESTRING (132.72455 34.39779,132.7175319 34.4016695)"
22,Gate10,7,C1,1.3409274486519538,"LINESTRING (132.72455 34.39779,132.7107105 34.3990531)"
22,Gate10,8,C2,0.9381132700213907,"LINESTRING (132.72455 34.39779,132.7148674 34.3986685)"
22,Gate10,9,C3,0.6473496078734012,"LINESTRING (132.72455 34.39779,132.7179452 34.3966121)"
22,Gate10,10,D1,1.753101918758169,"LINESTRING (132.72455 34.39779,132.7073985 34.3917959)"
22,Gate10,11,D2,1.167006917121364,"LINESTRING (132.72455 34.39779,132.7135851 34.3926861)"
22,Gate10,12,D3,0.7448902008911841,"LINESTRING (132.72455 34.39779,132.7184847 34.3930142)"
22,Gate10,13,Gate1,2.0608032322043996,"LINESTRING (132.72455 34.39779,132.70383 34.39261)"
22,Gate10,14,Gate2,1.999272799998357,"LINESTRING (132.72455 34.39779,132.70383 34.39779)"
22,Gate10,15,Gate3,2.0608032322043996,"LINESTRING (132.72455 34.39779,132.70383 34.40297)"
22,Gate10,16,Gate4,2.235254943181947,"LINESTRING (132.72455 34.39779,132.70383 34.40815)"
22,Gate10,17,Gate5,2.120549031481467,"LINESTRING (132.72455 34.39779,132.70901 34.41333)"
22,Gate10,18,Gate6,1.8021201485092049,"LINESTRING (132.72455 34.39779,132.71419 34.41333)"
22,Gate10,19,Gate7,1.5805639280049228,"LINESTRING (132.72455 34.39779,132.71937 34.41333)"
22,Gate10,20,Gate8,0.9996363999991785,"LINESTRING (132.72455 34.39779,132.72455 34.40815)"
22,Gate10,21,Gate9,0.49981819999958926,"LINESTRING (132.72455 34.39779,132.72455 34.40297)"
22,Gate10,22,Gate10,0.0,"LINESTRING (132.72455 34.39779,132.72455 34.39779)"
22,Gate10,23,Gate11,0.4998182000009605,"LINESTRING (132.72455 34.39779,132.72455 34.39261)"
22,Gate10,24,Gate12,1.1176274715912802,"LINESTRING (132.72455 34.39779,132.71937 34.38743)"
22,Gate10,25,Gate13,1.4136993543211394,"LINESTRING (132.72455 34.39779,132.71419 34.38743)"
22,Gate10,26,Gate14,1.8021201485090146,"LINESTRING (132.72455 34.39779,132.70901 34.38743)"
23,Gate11,1,A1,2.0089258716251694,"LINESTRING (132.72455 34.39261,132.7088033 34.4062304)"
23,Gate11,2,A2,1.6426263716035714,"LINESTRING (132.72455 34.39261,132.714254 34.4061674)"
23,Gate11,3,A3,1.5105678079895732,"LINESTRING (132.72455 34.39261,132.7170292 34.4063404)"
23,Gate11,4,B1,1.7012138700042523,"LINESTRING (132.72455 34.39261,132.7102556 34.402931)"
23,Gate11,5,B2,1.379345704528513,"LINESTRING (132.72455 34.39261,132.7148118 34.4030752)"
23,Gate11,6,B3,1.1057596746007585,"LINESTRING (132.72455 34.39261,132.7175319 34.4016695)"
23,Gate11,7,C1,1.4730016449692651,"LINESTRING (132.72455 34.39261,132.7107105 34.3990531)"
23,Gate11,8,C2,1.1020957687253568,"LINESTRING (132.72455 34.39261,132.7148674 34.3986685)"
23,Gate11,9,C3,0.7451603145967189,"LINESTRING (132.72455 34.39261,132.7179452 34.3966121)"
23,Gate11,10,D1,1.6568114428607228,"LINESTRING (132.72455 34.39261,132.7073985 34.3917959)"
23,Gate11,11,D2,1.0580314624350686,"LINESTRING (132.72455 34.39261,132.7135851 34.3926861)"
23,Gate11,12,D3,0.5865371290119716,"LINESTRING (132.72455 34.39261,132.7184847 34.3930142)"
23,Gate11,13,Gate1,1.999272799998357,"LINESTRING (132.72455 34.39261,132.70383 34.39261)"
23,Gate11,14,Gate2,2.0608032322047323,"LINESTRING (132.72455 34.39261,132.70383 34.39779)"
23,Gate11,15,Gate3,2.235254943181947,"LINESTRING (132.72455 34.39261,132.70383 34.40297)"
23,Gate11,16,Gate4,2.499090999999592,"LINESTRING (132.72455 34.39261,132.70383 34.40815)"
23,Gate11,17,Gate5,2.499090999999592,"LINESTRING (132.72455 34.39261,132.70901 34.41333)"
23,Gate11,18,Gate6,2.2352549431831736,"LINESTRING (132.72455 34.39261,132.71419 34.41333)"
23,Gate11,19,Gate7,2.060803232206395,"LINESTRING (132.72455 34.39261,132.71937 34.41333)"
23,Gate11,20,Gate8,1.499454600000139,"LINESTRING (132.72455 34.39261,132.72455 34.40815)"
23,Gate11,21,Gate9,0.9996364000005498,"LINESTRING (132.72455 34.39261,132.72455 34.40297)"
23,Gate11,22,Gate10,0.4998182000009605,"LINESTRING (132.72455 34.39261,132.72455 34.39779)"
23,Gate11,23,Gate11,0.0,"LINESTRING (132.72455 34.39261,132.72455 34.39261)"
23,Gate11,24,Gate12,0.7068496771598424,"LINESTRING (132.72455 34.39261,132.71937 34.38743)"
23,Gate11,25,Gate13,1.1176274715903605,"LINESTRING (132.72455 34.39261,132.71419 34.38743)"
23,Gate11,26,Gate14,1.5805639280040553,"LINESTRING (132.72455 34.39261,132.70901 34.38743)"
24,Gate12,1,A1,2.080942319201925,"LINESTRING (132.71937 34.38743,132.7088033 34.4062304)"
24,Gate12,2,A2,1.8741481998034537,"LINESTRING (132.71937 34.38743,132.714254 34.4061674)"
24,Gate12,3,A3,1.8385858741144938,"LINESTRING (132.71937 34.38743,132.7170292 34.4063404)"
24,Gate12,4,B1,1.7350818158056558,"LINESTRING (132.71937 34.38743,132.7102556 34.402931)"
24,Gate12,5,B2,1.5723726945241527,"LINESTRING (132.71937 34.38743,132.7148118 34.4030752)"
24,Gate12,6,B3,1.3853664251307671,"LINESTRING (132.71937 34.38743,132.7175319 34.4016695)"
24,Gate12,7,C1,1.3985506553639464,"LINESTRING (132.71937 34.38743,132.7107105 34.3990531)"
24,Gate12,8,C2,1.1682006463351429,"LINESTRING (132.71937 34.38743,132.7148674 34.3986685)"
24,Gate12,9,C3,0.8965817071779529,"LINESTRING (132.71937 34.38743,132.7179452 34.3966121)"
24,Gate12,10,D1,1.2295487709601596,"LINESTRING (132.71937 34.38743,132.7073985 34.3917959)"
24,Gate12,11,D2,0.7541813035722521,"LINESTRING (132.71937 34.38743,132.7135851 34.3926861)"
24,Gate12,12,D3,0.5455441097340927,"LINESTRING (132.71937 34.38743,132.7184847 34.3930142)"
24,Gate12,13,Gate1,1.580563928004489,"LINESTRING (132.71937 34.38743,132.70383 34.39261)"
24,Gate12,14,Gate2,1.8021201485090146,"LINESTRING (132.71937 34.38743,132.70383 34.39779)"
24,Gate12,15,Gate3,2.120549031481467,"LINESTRING (132.71937 34.38743,132.70383 34.40297)"
24,Gate12,16,Gate4,2.499090999999592,"LINESTRING (132.71937 34.38743,132.70383 34.40815)"
24,Gate12,17,Gate5,2.691603380604376,"LINESTRING (132.71937 34.38743,132.70901 34.41333)"
24,Gate12,18,Gate6,2.5485827550480713,"LINESTRING (132.71937 34.38743,132.71419 34.41333)"
24,Gate12,19,Gate7,2.4990909999993174,"LINESTRING (132.71937 34.38743,132.71937 34.41333)"
24,Gate12,20,Gate8,2.060803232205065,"LINESTRING (132.71937 34.38743,132.72455 34.40815)"
24,Gate12,21,Gate9,1.5805639280049228,"LINESTRING (132.71937 34.38743,132.72455 34.40297)"
24,Gate12,22,Gate10,1.1176274715912802,"LINESTRING (132.71937 34.38743,132.72455 34.39779)"
24,Gate12,23,Gate11,0.7068496771598424,"LINESTRING (132.71937 34.38743,132.72455 34.39261)"
24,Gate12,24,Gate12,0.0,"LINESTRING (132.71937 34.38743,132.71937 34.38743)"
24,Gate12,25,Gate13,0.49981819999958926,"LINESTRING (132.71937 34.38743,132.71419 34.38743)"
24,Gate12,26,Gate14,0.9996363999991785,"LINESTRING (132.71937 34.38743,132.70901 34.38743)"
25,Gate13,1,A1,1.8870414547387118,"LINESTRING (132.71419 34.38743,132.7088033 34.4062304)"
25,Gate13,2,A2,1.8079783737467965,"LINESTRING (132.71419 34.38743,132.714254 34.4061674)"
25,Gate13,3,A3,1.8451121145884144,"LINESTRING (132.71419 34.38743,132.7170292 34.4063404)"
25,Gate13,4,B1,1.5431137145297484,"LINESTRING (132.71419 34.38743,132.7102556 34.402931)"
25,Gate13,5,B2,1.5107989965701007,"LINESTRING (132.71419 34.38743,132.7148118 34.4030752)"
25,Gate13,6,B3,1.4112985576573929,"LINESTRING (132.71419 34.38743,132.7175319 34.4016695)"
25,Gate13,7,C1,1.1706863805578491,"LINESTRING (132.71419 34.38743,132.7107105 34.3990531)"
25,Gate13,8,C2,1.086375552331222,"LINESTRING (132.71419 34.38743,132.7148674 34.3986685)"
25,Gate13,9,C3,0.957210134300328,"LINESTRING (132.71419 34.38743,132.7179452 34.3966121)"
25,Gate13,10,D1,0.7790368306462687,"LINESTRING (132.71419 34.38743,132.7073985 34.3917959)"
25,Gate13,11,D2,0.5105123611817429,"LINESTRING (132.71419 34.38743,132.7135851 34.3926861)"
25,Gate13,12,D3,0.6797400645063515,"LINESTRING (132.71419 34.38743,132.7184847 34.3930142)"
25,Gate13,13,Gate1,1.1176274715909735,"LINESTRING (132.71419 34.38743,132.70383 34.39261)"
25,Gate13,14,Gate2,1.4136993543211394,"LINESTRING (132.71419 34.38743,132.70383 34.39779)"
25,Gate13,15,Gate3,1.8021201485092049,"LINESTRING (132.71419 34.38743,132.70383 34.40297)"
25,Gate13,16,Gate4,2.2352549431831736,"LINESTRING (132.71419 34.38743,132.70383 34.40815)"
25,Gate13,17,Gate5,2.5485827550480713,"LINESTRING (132.71419 34.38743,132.70901 34.41333)"
25,Gate13,18,Gate6,2.4990909999993174,"LINESTRING (132.71419 34.38743,132.71419 34.41333)"
25,Gate13,19,Gate7,2.5485827550480713,"LINESTRING (132.71419 34.38743,132.71937 34.41333)"
25,Gate13,20,Gate8,2.235254943181947,"LINESTRING (132.71419 34.38743,132.72455 34.40815)"
25,Gate13,21,Gate9,1.8021201485092049,"LINESTRING (132.71419 34.38743,132.72455 34.40297)"
25,Gate13,22,Gate10,1.4136993543211394,"LINESTRING (132.71419 34.38743,132.72455 34.39779)"
25,Gate13,23,Gate11,1.1176274715903605,"LINESTRING (132.71419 34.38743,132.72455 34.39261)"
25,Gate13,24,Gate12,0.49981819999958926,"LINESTRING (132.71419 34.38743,132.71937 34.38743)"
25,Gate13,25,Gate13,0.0,"LINESTRING (132.71419 34.38743,132.71419 34.38743)"
25,Gate13,26,Gate14,0.49981819999958926,"LINESTRING (132.71419 34.38743,132.70901 34.38743)"
26,Gate14,1,A1,1.8141572241845412,"LINESTRING (132.70901 34.38743,132.7088033 34.4062304)"
26,Gate14,2,A2,1.8774388381908358,"LINESTRING (132.70901 34.38743,132.714254 34.4061674)"
26,Gate14,3,A3,1.9819474968853648,"LINESTRING (132.70901 34.38743,132.7170292 34.4063404)"
26,Gate14,4,B1,1.500509057120884,"LINESTRING (132.70901 34.38743,132.7102556 34.402931)"
26,Gate14,5,B2,1.610064530287827,"LINESTRING (132.70901 34.38743,132.7148118 34.4030752)"
26,Gate14,6,B3,1.6012256467824055,"LINESTRING (132.70901 34.38743,132.7175319 34.4016695)"
26,Gate14,7,C1,1.1334486021562729,"LINESTRING (132.70901 34.38743,132.7107105 34.3990531)"
26,Gate14,8,C2,1.2228521568079063,"LINESTRING (132.70901 34.38743,132.7148674 34.3986685)"
26,Gate14,9,C3,1.236236300579315,"LINESTRING (132.70901 34.38743,132.7179452 34.3966121)"
26,Gate14,10,D1,0.4490468271113674,"LINESTRING (132.70901 34.38743,132.7073985 34.3917959)"
26,Gate14,11,D2,0.6723784420119624,"LINESTRING (132.70901 34.38743,132.7135851 34.3926861)"
26,Gate14,12,D3,1.0611838676809466,"LINESTRING (132.70901 34.38743,132.7184847 34.3930142)"
26,Gate14,13,Gate1,0.706849677160812,"LINESTRING (132.70901 34.38743,132.70383 34.39261)"
26,Gate14,14,Gate2,1.1176274715912802,"LINESTRING (132.70901 34.38743,132.70383 34.39779)"
26,Gate14,15,Gate3,1.5805639280049228,"LINESTRING (132.70901 34.38743,132.70383 34.40297)"
26,Gate14,16,Gate4,2.060803232206395,"LINESTRING (132.70901 34.38743,132.70383 34.40815)"
26,Gate14,17,Gate5,2.4990909999993174,"LINESTRING (132.70901 34.38743,132.70901 34.41333)"
26,Gate14,18,Gate6,2.5485827550480713,"LINESTRING (132.70901 34.38743,132.71419 34.41333)"
26,Gate14,19,Gate7,2.691603380604376,"LINESTRING (132.70901 34.38743,132.71937 34.41333)"
26,Gate14,20,Gate8,2.499090999998495,"LINESTRING (132.70901 34.38743,132.72455 34.40815)"
26,Gate14,21,Gate9,2.120549031481467,"LINESTRING (132.70901 34.38743,132.72455 34.40297)"
26,Gate14,22,Gate10,1.8021201485090146,"LINESTRING (132.70901 34.38743,132.72455 34.39779)"
26,Gate14,23,Gate11,1.5805639280040553,"LINESTRING (132.70901 34.38743,132.72455 34.39261)"
26,Gate14,24,Gate12,0.9996363999991785,"LINESTRING (132.70901 34.38743,132.71937 34.38743)"
26,Gate14,25,Gate13,0.49981819999958926,"LINESTRING (132.70901 34.38743,132.71419 34.38743)"
26,Gate14,26,Gate14,0.0,"LINESTRING (132.70901 34.38743,132.70901 34.38743)"
