name,node_id,osm_node_id,osm_highway,zone_id,ctrl_type,node_type,activity_type,is_boundary,x_coord,y_coord,main_node_id,poi_id,notes,activity_zone_id,production,attraction,activity_location_tab
,0,268182694.0,traffic_signals,,1.0,,tertiary,0.0,132.7145529,34.405497600000004,,,,,0.0,0.0,
,1,268204301.0,,,0.0,,tertiary,0.0,132.71045759999998,34.4057446,,,,,0.0,0.0,
,2,268204305.0,,,0.0,,tertiary,0.0,132.70832520000002,34.4049725,,,,,0.0,0.0,
,3,273265999.0,,,0.0,,primary,0.0,132.7084428,34.4007227,,,,,0.0,0.0,
,4,273266004.0,,,0.0,,primary,0.0,132.71028629999998,34.3967159,,,,,0.0,0.0,
,5,273719248.0,,,0.0,,tertiary,0.0,132.7084517,34.405021399999995,,,,,0.0,0.0,
,6,273719250.0,,,0.0,,primary,0.0,132.7083203,34.4014532,,,,,0.0,0.0,
,7,308183265.0,traffic_signals,,1.0,,tertiary,0.0,132.7166393,34.405788799999996,,,,,0.0,0.0,
,8,308183404.0,,,0.0,,tertiary,0.0,132.71918159999998,34.3924696,,,,,0.0,0.0,
,9,567283893.0,,,0.0,,tertiary,0.0,132.7170432,34.4012598,,,,,0.0,0.0,
,10,567283902.0,,,0.0,,service,0.0,132.714778,34.4015498,,,,,0.0,0.0,
,11,567283906.0,,,0.0,,service,0.0,132.7164155,34.4015697,,,,,0.0,0.0,
,12,567319689.0,traffic_signals,,1.0,,tertiary,0.0,132.7172023,34.39723789999999,,,,,0.0,0.0,
,13,1130366979.0,,,0.0,,tertiary,0.0,132.7177858,34.4060076,,,,,0.0,0.0,
,14,1130366985.0,,,0.0,,tertiary,0.0,132.7126169,34.405597,,,,,0.0,0.0,
,15,1301363175.0,,,0.0,,tertiary,0.0,132.7163105,34.3968894,,,,,0.0,0.0,
,16,1301365400.0,,,0.0,,tertiary,0.0,132.7113876,34.397155600000005,,,,,0.0,0.0,
,17,1301375474.0,,,0.0,,tertiary,0.0,132.714335,34.397498,,,,,0.0,0.0,
,18,1301382016.0,,,0.0,,tertiary,0.0,132.71310400000002,34.397543,,,,,0.0,0.0,
,19,1301390280.0,,,0.0,,tertiary,0.0,132.711129,34.397062,,,,,0.0,0.0,
,20,1301390709.0,,,0.0,,tertiary,0.0,132.712971,34.397523299999996,,,,,0.0,0.0,
,21,1307414171.0,,,0.0,,residential,0.0,132.7148493,34.4062778,,,,2,20.0,5.0,residential
,22,1307414214.0,,,0.0,,residential,0.0,132.7180205,34.3927484,,,,12,20.0,5.0,residential
,23,1307414264.0,,,0.0,,tertiary,0.0,132.7152889,34.4055725,,,,,0.0,0.0,
,24,1307414286.0,,,0.0,,primary,0.0,132.7115694,34.3926114,,,,,0.0,0.0,
,25,1307414314.0,,,0.0,,service,0.0,132.71261140000001,34.40470560000001,,,,,0.0,0.0,
,26,1307414350.0,,,0.0,,service,0.0,132.710738,34.4042774,,,,,0.0,0.0,
,27,1307414419.0,,,0.0,,service,0.0,132.7099895,34.4018534,,,,,0.0,0.0,
,28,1307414471.0,,,0.0,,service,0.0,132.7118257,34.3985131,,,,,0.0,0.0,
,29,1307414490.0,,,0.0,,service,0.0,132.7107409,34.405384999999995,,,,,0.0,0.0,
,30,1307414510.0,,,0.0,,service,0.0,132.7155271,34.401600200000004,,,,,0.0,0.0,
,31,1307414630.0,,,0.0,,service,0.0,132.7145244,34.4047002,,,,,0.0,0.0,
,32,1307414652.0,,,0.0,,service,0.0,132.715735,34.398241999999996,,,,,0.0,0.0,
,33,1307414753.0,,,0.0,,tertiary,0.0,132.71171999999999,34.4056898,,,,,0.0,0.0,
,34,1307414924.0,,,0.0,,service,0.0,132.714358,34.398208000000004,,,,,0.0,0.0,
,35,1307415012.0,,,0.0,,footway,1.0,132.7113291,34.401267,,,,15,40.0,10.0,boundary
,36,1307415032.0,,,0.0,,tertiary,0.0,132.7092391,34.4054075,,,,,0.0,0.0,
,37,1307415088.0,,,0.0,,service,0.0,132.717024,34.403602,,,,,0.0,0.0,
,38,1307415137.0,,,0.0,,service,0.0,132.7113727,34.3973302,,,,,0.0,0.0,
,39,1307415158.0,,,0.0,,service,0.0,132.716282,34.403334,,,,,0.0,0.0,
,40,1307415229.0,,,0.0,,unclassified,0.0,132.71592330000001,34.3937549,,,,,0.0,0.0,
,41,1307415273.0,,,0.0,,service,0.0,132.710763,34.404810999999995,,,,,0.0,0.0,
,42,1307415313.0,,,0.0,,service,0.0,132.714378,34.398288,,,,,0.0,0.0,
,43,1307415399.0,,,0.0,,residential,0.0,132.7175091,34.3939929,,,,12,20.0,5.0,residential
,44,1307415598.0,,,0.0,,residential,0.0,132.71807090000001,34.3921968,,,,12,20.0,5.0,residential
,45,1307415896.0,,,0.0,,service,0.0,132.710873,34.402839,,,,,0.0,0.0,
,46,1307415933.0,,,0.0,,service,0.0,132.7109824,34.3972804,,,,,0.0,0.0,
,47,1307415994.0,,,0.0,,service,0.0,132.70998840000001,34.400887299999994,,,,,0.0,0.0,
,48,1307416169.0,,,0.0,,service,0.0,132.717304,34.403667999999996,,,,,0.0,0.0,
,49,1307416233.0,,,0.0,,service,1.0,132.7176104,34.39190120000001,,,,24,40.0,10.0,boundary
,50,1307416287.0,,,0.0,,service,0.0,132.717056,34.402913,,,,,0.0,0.0,
,51,1307416393.0,,,0.0,,unclassified,0.0,132.711736,34.40577879999999,,,,,0.0,0.0,
,52,1307416467.0,,,0.0,,service,0.0,132.716024,34.397247,,,,,0.0,0.0,
,53,1307416632.0,,,0.0,,residential,0.0,132.70798,34.4022114,,,,4,20.0,5.0,residential
,54,1307416912.0,,,0.0,,footway,0.0,132.7113256,34.4009422,,,,,0.0,0.0,
,55,1307417054.0,,,0.0,,service,0.0,132.70999609999998,34.402435100000005,,,,,0.0,0.0,
,56,1307417157.0,,,0.0,,service,0.0,132.71102,34.397692,,,,,0.0,0.0,
,57,1307417484.0,,,0.0,,tertiary,0.0,132.7189606,34.3935001,,,,,0.0,0.0,
,58,1307418323.0,,,0.0,,service,0.0,132.711568,34.396392,,,,,0.0,0.0,
,59,1307418339.0,,,0.0,,residential,0.0,132.7138564,34.4061402,,,,2,20.0,5.0,residential
,60,1307418494.0,,,0.0,,service,0.0,132.71442530000002,34.4047005,,,,,0.0,0.0,
,61,1307418533.0,,,0.0,,service,0.0,132.716004,34.398314,,,,,0.0,0.0,
,62,1307418567.0,,,0.0,,service,0.0,132.716492,34.403998,,,,,0.0,0.0,
,63,1307418861.0,,,0.0,,tertiary,0.0,132.7190904,34.393074299999995,,,,,0.0,0.0,
,64,1307419385.0,,,0.0,,tertiary,0.0,132.7173504,34.40363789999999,,,,,0.0,0.0,
,65,1307419695.0,,,0.0,,residential,0.0,132.707417,34.401936,,,,4,20.0,5.0,residential
,66,1307419895.0,,,0.0,,residential,0.0,132.7145209,34.405948200000005,,,,2,20.0,5.0,residential
,67,1307420129.0,,,0.0,,tertiary,0.0,132.71631969999999,34.3984148,,,,,0.0,0.0,
,68,1307420823.0,,,0.0,,unclassified,1.0,132.718776,34.406471999999994,,,,20,40.0,10.0,boundary
,69,1307420835.0,,,0.0,,residential,1.0,132.7131149,34.3918412,,,,25,40.0,10.0,boundary
,70,1307421195.0,,,0.0,,service,0.0,132.7162545,34.3964894,,,,,0.0,0.0,
,71,1595590093.0,,,0.0,,residential,0.0,132.708122,34.403866,,,,4,20.0,5.0,residential
,72,1909955609.0,,,0.0,,service,0.0,132.7143617,34.396557200000004,,,,,0.0,0.0,
,73,1910082111.0,,,0.0,,service,1.0,132.7145753,34.3954725,,,,25,40.0,10.0,boundary
,74,1910082116.0,,,0.0,,service,0.0,132.7159217,34.395454799999996,,,,,0.0,0.0,
,75,1910084856.0,,,0.0,,service,1.0,132.7153102,34.3940604,,,,25,40.0,10.0,boundary
,76,1910803876.0,,,0.0,,residential,0.0,132.7131325,34.393001299999995,,,,11,20.0,5.0,residential
,77,1910804502.0,,,0.0,,residential,0.0,132.7152385,34.3921073,,,,11,20.0,5.0,residential
,78,1910807694.0,,,0.0,,service,0.0,132.7164274,34.4022615,,,,,0.0,0.0,
,79,1910808961.0,,,0.0,,footway,1.0,132.7120166,34.4006579,,,,15,40.0,10.0,boundary
,80,1910808964.0,,,0.0,,footway,0.0,132.7118289,34.400733200000005,,,,,0.0,0.0,
,81,1910809301.0,,,0.0,,footway,0.0,132.7128749,34.4005495,,,,,0.0,0.0,
,82,1910809302.0,,,0.0,,footway,1.0,132.7127059,34.4005849,,,,15,40.0,10.0,boundary
,83,1910810586.0,,,0.0,,footway,0.0,132.7112575,34.4013019,,,,,0.0,0.0,
,84,1910810588.0,,,0.0,,footway,1.0,132.71125220000002,34.4014878,,,,15,40.0,10.0,boundary
,85,1910811040.0,,,0.0,,footway,0.0,132.71094109999999,34.4026076,,,,,0.0,0.0,
,86,1910813172.0,,,0.0,,footway,1.0,132.71223659999998,34.4032494,,,,15,40.0,10.0,boundary
,87,1910813173.0,,,0.0,,footway,0.0,132.7120059,34.4031875,,,,,0.0,0.0,
,88,1910813623.0,,,0.0,,footway,0.0,132.7126389,34.402643,,,,,0.0,0.0,
,89,1910813624.0,,,0.0,,footway,1.0,132.7126362,34.4028112,,,,15,40.0,10.0,boundary
,90,1910814116.0,,,0.0,,footway,1.0,132.7143051,34.4033393,,,,18,40.0,10.0,boundary
,91,1910814117.0,,,0.0,,footway,1.0,132.7142697,34.4033136,,,,18,40.0,10.0,boundary
,92,1910814835.0,,,0.0,,footway,1.0,132.71177250000002,34.39852,,,,14,40.0,10.0,boundary
,93,1910814837.0,,,0.0,,footway,1.0,132.7117122,34.3985897,,,,14,40.0,10.0,boundary
,94,1910815028.0,,,0.0,,footway,1.0,132.7112763,34.398582,,,,14,40.0,10.0,boundary
,95,1910815029.0,,,0.0,,footway,0.0,132.7113783,34.3985554,,,,,0.0,0.0,
,96,1928823986.0,,,0.0,,service,0.0,132.7124911,34.404464700000005,,,,,0.0,0.0,
,97,1928823994.0,,,0.0,,service,1.0,132.7122598,34.403255200000004,,,,15,40.0,10.0,boundary
,98,1928824323.0,,,0.0,,service,0.0,132.7124968,34.4047136,,,,,0.0,0.0,
,99,1928824737.0,,,0.0,,service,0.0,132.71269329999998,34.40421129999999,,,,,0.0,0.0,
,100,1928824967.0,,,0.0,,service,0.0,132.7129698,34.4047046,,,,,0.0,0.0,
,101,1928825010.0,,,0.0,,service,0.0,132.7124868,34.4043501,,,,,0.0,0.0,
,102,3623287274.0,,,0.0,,tertiary,0.0,132.7173377,34.40368,,,,,0.0,0.0,
,103,3623306449.0,,,0.0,,service,0.0,132.71086780000002,34.4026771,,,,,0.0,0.0,
,104,3752302935.0,,,0.0,,unclassified,0.0,132.7176757,34.394312299999996,,,,,0.0,0.0,
,105,3752302980.0,,,0.0,,service,0.0,132.7160652,34.3950612,,,,,0.0,0.0,
,106,3752302981.0,,,0.0,,service,0.0,132.7176016,34.3951482,,,,,0.0,0.0,
,107,3752303005.0,,,0.0,,service,0.0,132.71788909999998,34.395437799999996,,,,,0.0,0.0,
,108,3752303007.0,,,0.0,,service,0.0,132.71696219999998,34.39545,,,,,0.0,0.0,
,109,3752303019.0,,,0.0,,service,0.0,132.7178945,34.3956623,,,,,0.0,0.0,
,110,3752303023.0,,,0.0,,service,0.0,132.71696699999998,34.3956776,,,,,0.0,0.0,
,111,3752303036.0,,,0.0,,service,0.0,132.7178397,34.3958958,,,,,0.0,0.0,
,112,3752303037.0,,,0.0,,service,0.0,132.71697179999998,34.3959096,,,,,0.0,0.0,
,113,3752303049.0,,,0.0,,service,0.0,132.71621140000002,34.396088299999995,,,,,0.0,0.0,
,114,3752303051.0,,,0.0,,service,0.0,132.71775209999998,34.3961309,,,,,0.0,0.0,
,115,3752303052.0,,,0.0,,service,0.0,132.7169767,34.39614,,,,,0.0,0.0,
,116,3752303079.0,,,0.0,,service,0.0,132.7169848,34.3965266,,,,,0.0,0.0,
,117,3752303128.0,,,0.0,,tertiary,0.0,132.7186418,34.3969054,,,,,0.0,0.0,
,118,3752303614.0,,,0.0,,footway,0.0,132.71442439999998,34.40164,,,,,0.0,0.0,
,119,4005413355.0,,,0.0,,service,0.0,132.7124778,34.3985189,,,,,0.0,0.0,
,120,4005413362.0,,,0.0,,service,0.0,132.7119368,34.3985141,,,,,0.0,0.0,
,121,4005413363.0,,,0.0,,service,1.0,132.71195659999998,34.396985799999996,,,,14,40.0,10.0,boundary
,122,4005444681.0,,,0.0,,tertiary,0.0,132.7109031,34.3969843,,,,,0.0,0.0,
,123,4005444682.0,,,0.0,,service,0.0,132.7109058,34.3969282,,,,,0.0,0.0,
,124,4005444687.0,,,0.0,,service,0.0,132.7115756,34.396694700000005,,,,,0.0,0.0,
,125,4005444688.0,,,0.0,,service,0.0,132.7111313,34.397825899999994,,,,,0.0,0.0,
,126,4005444991.0,,,0.0,,service,0.0,132.71110579999998,34.3985286,,,,,0.0,0.0,
,127,4005445020.0,,,0.0,,service,0.0,132.7117743,34.3988196,,,,,0.0,0.0,
,128,4005445030.0,,,0.0,,service,0.0,132.71006200000002,34.399296,,,,,0.0,0.0,
,129,4005445037.0,,,0.0,,service,0.0,132.7102185,34.399301200000004,,,,,0.0,0.0,
,130,4005445050.0,,,0.0,,service,0.0,132.710254,34.3996343,,,,,0.0,0.0,
,131,4005445051.0,,,0.0,,primary,0.0,132.7083313,34.4016576,,,,,0.0,0.0,
,132,4005445061.0,,,0.0,,service,0.0,132.7105692,34.4021907,,,,,0.0,0.0,
,133,4005445074.0,,,0.0,,service,0.0,132.70980120000002,34.40312539999999,,,,,0.0,0.0,
,134,4005445076.0,,,0.0,,service,0.0,132.7094828,34.4030179,,,,,0.0,0.0,
,135,4005445077.0,,,0.0,,service,0.0,132.7093519,34.40301779999999,,,,,0.0,0.0,
,136,4005445080.0,,,0.0,,service,0.0,132.7103621,34.4028585,,,,,0.0,0.0,
,137,4005445299.0,,,0.0,,footway,1.0,132.71440900000002,34.4035195,,,,18,40.0,10.0,boundary
,138,4005445355.0,,,0.0,,service,0.0,132.7137629,34.4047023,,,,,0.0,0.0,
,139,4005445362.0,,,0.0,,service,0.0,132.7137629,34.404481700000005,,,,,0.0,0.0,
,140,4005445375.0,,,0.0,,service,0.0,132.714498,34.404028499999995,,,,,0.0,0.0,
,141,4005445380.0,,,0.0,,service,0.0,132.7144936,34.4038715,,,,,0.0,0.0,
,142,4005522333.0,,,0.0,,service,0.0,132.71398729999999,34.4031534,,,,,0.0,0.0,
,143,4005522337.0,,,0.0,,service,0.0,132.71404740000003,34.4025165,,,,,0.0,0.0,
,144,4005522338.0,,,0.0,,service,0.0,132.7132711,34.402465299999996,,,,,0.0,0.0,
,145,4005522341.0,,,0.0,,service,1.0,132.7136586,34.4024615,,,,15,40.0,10.0,boundary
,146,4005522342.0,,,0.0,,service,0.0,132.7116178,34.401443,,,,,0.0,0.0,
,147,4005522345.0,,,0.0,,service,1.0,132.7116658,34.4012635,,,,15,40.0,10.0,boundary
,148,4005522354.0,,,0.0,,service,0.0,132.7109113,34.4008861,,,,,0.0,0.0,
,149,4005522355.0,,,0.0,,service,0.0,132.7109382,34.399979200000004,,,,,0.0,0.0,
,150,4005522356.0,,,0.0,,service,0.0,132.7109233,34.4004535,,,,,0.0,0.0,
,151,4005522360.0,,,0.0,,service,0.0,132.7109311,34.400206,,,,,0.0,0.0,
,152,4005522361.0,,,0.0,,service,0.0,132.71166979999998,34.4042122,,,,,0.0,0.0,
,153,4005522362.0,,,0.0,,service,0.0,132.710713,34.4041984,,,,,0.0,0.0,
,154,4005522366.0,,,0.0,,service,0.0,132.7106815,34.4040206,,,,,0.0,0.0,
,155,4005522367.0,,,0.0,,service,0.0,132.71052,34.40403370000001,,,,,0.0,0.0,
,156,4005522386.0,,,0.0,,service,1.0,132.7146769,34.402258200000006,,,,21,40.0,10.0,boundary
,157,4005522387.0,,,0.0,,service,0.0,132.71494429999998,34.4026596,,,,,0.0,0.0,
,158,4005522388.0,,,0.0,,service,0.0,132.7143403,34.4018811,,,,,0.0,0.0,
,159,4005524489.0,,,0.0,,service,0.0,132.7143321,34.4022525,,,,,0.0,0.0,
,160,4005524490.0,,,0.0,,service,0.0,132.71356709999998,34.4011989,,,,,0.0,0.0,
,161,4005524497.0,,,0.0,,service,0.0,132.7144061,34.401601899999996,,,,,0.0,0.0,
,162,4005524536.0,,,0.0,,service,0.0,132.7181377,34.3968425,,,,,0.0,0.0,
,163,4005524932.0,,,0.0,,service,1.0,132.71656389999998,34.403073799999994,,,,21,40.0,10.0,boundary
,164,4005524938.0,,,0.0,,service,0.0,132.7170125,34.4030566,,,,,0.0,0.0,
,165,4005534770.0,,,0.0,,footway,1.0,132.7122331,34.400000399999996,,,,14,40.0,10.0,boundary
,166,4005534778.0,,,0.0,,footway,0.0,132.7119478,34.399954,,,,,0.0,0.0,
,167,4005534789.0,,,0.0,,service,0.0,132.71381159999999,34.3988643,,,,,0.0,0.0,
,168,4005534792.0,,,0.0,,service,0.0,132.7147411,34.3989131,,,,,0.0,0.0,
,169,4005534794.0,,,0.0,,service,0.0,132.715564,34.3989219,,,,,0.0,0.0,
,170,4005534796.0,,,0.0,,service,0.0,132.7158308,34.3983972,,,,,0.0,0.0,
,171,4005534798.0,,,0.0,,service,0.0,132.71434879999998,34.3979235,,,,,0.0,0.0,
,172,4005534806.0,,,0.0,,service,0.0,132.7145331,34.3979225,,,,,0.0,0.0,
,173,4005534817.0,,,0.0,,service,1.0,132.7132408,34.39844,,,,14,40.0,10.0,boundary
,174,4005534820.0,,,0.0,,service,0.0,132.7134339,34.3978114,,,,,0.0,0.0,
,175,4005534821.0,,,0.0,,service,0.0,132.7130869,34.397609100000004,,,,,0.0,0.0,
,176,4005534822.0,,,0.0,,service,0.0,132.7129773,34.3976586,,,,,0.0,0.0,
,177,4005534823.0,,,0.0,,service,0.0,132.7130138,34.397768400000004,,,,,0.0,0.0,
,178,4005534842.0,,,0.0,,service,0.0,132.7118447,34.3952869,,,,,0.0,0.0,
,179,4005534847.0,,,0.0,,service,1.0,132.7106398,34.3944756,,,,13,40.0,10.0,boundary
,180,4005534848.0,,,0.0,,service,0.0,132.7122017,34.3935127,,,,,0.0,0.0,
,181,4005534850.0,,,0.0,,service,0.0,132.7129278,34.39329229999999,,,,,0.0,0.0,
,182,4102444583.0,,,0.0,,residential,0.0,132.7133416,34.4060556,,,,2,20.0,5.0,residential
,183,4102447594.0,,,0.0,,unclassified,0.0,132.7117684,34.405893799999994,,,,,0.0,0.0,
,184,4102447595.0,,,0.0,,unclassified,0.0,132.7126365,34.405725,,,,,0.0,0.0,
,185,4102447596.0,,,0.0,,unclassified,0.0,132.7126471,34.405851,,,,,0.0,0.0,
,186,4102447698.0,,,0.0,,footway,0.0,132.7125033,34.404650700000005,,,,,0.0,0.0,
,187,4102447699.0,,,0.0,,service,0.0,132.71297009999998,34.4046395,,,,,0.0,0.0,
,188,4102447701.0,,,0.0,,service,0.0,132.7137629,34.404641999999996,,,,,0.0,0.0,
,189,4102447702.0,,,0.0,,footway,0.0,132.7144284,34.404641399999996,,,,,0.0,0.0,
,190,4102447703.0,,,0.0,,footway,0.0,132.714471,34.4045963,,,,,0.0,0.0,
,191,4102447708.0,,,0.0,,footway,0.0,132.71252890000002,34.4054475,,,,,0.0,0.0,
,192,4102447709.0,,,0.0,,footway,0.0,132.7124369,34.4055261,,,,,0.0,0.0,
,193,4102447710.0,,,0.0,,tertiary,0.0,132.712435,34.4056064,,,,,0.0,0.0,
,194,4102447711.0,,,0.0,,footway,0.0,132.7124482,34.40569910000001,,,,,0.0,0.0,
,195,4102447712.0,,,0.0,,footway,0.0,132.712716,34.4046456,,,,,0.0,0.0,
,196,4102447715.0,,,0.0,,footway,0.0,132.7127067,34.40544620000001,,,,,0.0,0.0,
,197,4102447716.0,,,0.0,,footway,0.0,132.7127571,34.4055102,,,,,0.0,0.0,
,198,4102447717.0,,,0.0,,tertiary,0.0,132.7127949,34.4055908,,,,,0.0,0.0,
,199,4102447718.0,,,0.0,,footway,0.0,132.7127902,34.4056778,,,,,0.0,0.0,
,200,4102447719.0,,,0.0,,footway,0.0,132.7144305,34.404733,,,,,0.0,0.0,
,201,4102447720.0,,,0.0,,footway,0.0,132.71446540000002,34.4047906,,,,,0.0,0.0,
,202,4102447721.0,,,0.0,,footway,0.0,132.7144699,34.4053093,,,,,0.0,0.0,
,203,4102447740.0,,,0.0,,service,0.0,132.7084524,34.4016564,,,,,0.0,0.0,
,204,4102447748.0,,,0.0,,footway,0.0,132.71001869999998,34.3989213,,,,,0.0,0.0,
,205,4102447750.0,,,0.0,,footway,0.0,132.71472409999998,34.4054224,,,,,0.0,0.0,
,206,4102447754.0,,,0.0,,tertiary,0.0,132.71669540000002,34.4055971,,,,,0.0,0.0,
,207,4102447755.0,,,0.0,,footway,0.0,132.7168115,34.4056248,,,,,0.0,0.0,
,208,4102447756.0,,,0.0,,residential,0.0,132.7153536,34.4058354,,,,2,20.0,5.0,residential
,209,4102447757.0,,,0.0,,tertiary,0.0,132.7164723,34.40620070000001,,,,,0.0,0.0,
,210,4102447777.0,,,0.0,,service,0.0,132.71521909999998,34.403772499999995,,,,,0.0,0.0,
,211,4102447786.0,,,0.0,,service,0.0,132.71511909999998,34.4039389,,,,,0.0,0.0,
,212,4280235807.0,,,0.0,,footway,0.0,132.7164564,34.40595379999999,,,,,0.0,0.0,
,213,4280235809.0,,,0.0,,residential,0.0,132.7153068,34.405641100000004,,,,2,20.0,5.0,residential
,214,4280235816.0,,,0.0,,residential,0.0,132.7092292,34.405516799999994,,,,4,20.0,5.0,residential
,215,4280235819.0,,,0.0,,footway,1.0,132.7084721,34.4052645,,,,15,40.0,10.0,boundary
,216,4280235820.0,,,0.0,,residential,0.0,132.7163964,34.406175899999994,,,,2,20.0,5.0,residential
,217,4280235853.0,,,0.0,,unclassified,0.0,132.710451,34.405820399999996,,,,,0.0,0.0,
,218,4280248349.0,,,0.0,,footway,0.0,132.7125617,34.4057705,,,,,0.0,0.0,
,219,4280248375.0,,,0.0,,footway,0.0,132.7127362,34.405681200000004,,,,,0.0,0.0,
,220,4280248376.0,,,0.0,,footway,0.0,132.7126784,34.405849100000005,,,,,0.0,0.0,
,221,4280248377.0,,,0.0,,footway,0.0,132.7125727,34.4058523,,,,,0.0,0.0,
,222,4280248378.0,,,0.0,,footway,0.0,132.7126749,34.4057662,,,,,0.0,0.0,
,223,4280248384.0,,,0.0,,footway,0.0,132.712944,34.4064982,,,,,0.0,0.0,
,224,4280248385.0,,,0.0,,residential,0.0,132.7129385,34.40647070000001,,,,2,20.0,5.0,residential
,225,4280248609.0,,,0.0,,residential,0.0,132.71780890000002,34.4060673,,,,3,20.0,5.0,residential
,226,4281527227.0,,,0.0,,service,0.0,132.7157808,34.4041328,,,,,0.0,0.0,
,227,4281527228.0,,,0.0,,service,0.0,132.7157556,34.404965999999995,,,,,0.0,0.0,
,228,4281527230.0,,,0.0,,service,0.0,132.7157914,34.4043764,,,,,0.0,0.0,
,229,4281527231.0,,,0.0,,service,0.0,132.7151456,34.404871899999996,,,,,0.0,0.0,
,230,4281527234.0,,,0.0,,service,1.0,132.7151505,34.404729700000004,,,,18,40.0,10.0,boundary
,231,4281527235.0,,,0.0,,service,0.0,132.7153046,34.404728999999996,,,,,0.0,0.0,
,232,4281527237.0,,,0.0,,service,0.0,132.7150457,34.404653499999995,,,,,0.0,0.0,
,233,4281527238.0,,,0.0,,service,0.0,132.7148981,34.404697399999996,,,,,0.0,0.0,
,234,4281527239.0,,,0.0,,service,0.0,132.7153191,34.4043819,,,,,0.0,0.0,
,235,4281527240.0,,,0.0,,footway,0.0,132.71658190000002,34.405579700000004,,,,,0.0,0.0,
,236,4281527241.0,,,0.0,,service,0.0,132.71720430000002,34.403651200000006,,,,,0.0,0.0,
,237,4281527248.0,,,0.0,,service,0.0,132.7169788,34.4012908,,,,,0.0,0.0,
,238,4281527256.0,,,0.0,,service,0.0,132.7162244,34.3983844,,,,,0.0,0.0,
,239,4281527259.0,,,0.0,,tertiary,0.0,132.7170724,34.3971624,,,,,0.0,0.0,
,240,4281527510.0,,,0.0,,service,0.0,132.7164239,34.40205220000001,,,,,0.0,0.0,
,241,4281527513.0,,,0.0,,unclassified,0.0,132.71742949999998,34.4036608,,,,,0.0,0.0,
,242,4281527526.0,,,0.0,,tertiary,0.0,132.7173213,34.3972977,,,,,0.0,0.0,
,243,4281527533.0,,,0.0,,service,0.0,132.7193005,34.3924824,,,,,0.0,0.0,
,244,4281527534.0,,,0.0,,residential,0.0,132.7192814,34.3920577,,,,12,20.0,5.0,residential
,245,4285798259.0,,,0.0,,service,0.0,132.7169816,34.396374200000004,,,,,0.0,0.0,
,246,4285799160.0,,,0.0,,footway,1.0,132.7144481,34.4028725,,,,21,40.0,10.0,boundary
,247,4285799161.0,,,0.0,,footway,0.0,132.7145747,34.4028713,,,,,0.0,0.0,
,248,4285807404.0,,,0.0,,footway,0.0,132.7171483,34.3970753,,,,,0.0,0.0,
,249,4285807409.0,,,0.0,,service,0.0,132.7163095,34.396815000000004,,,,,0.0,0.0,
,250,4285807416.0,,,0.0,,service,0.0,132.7143417,34.397425,,,,,0.0,0.0,
,251,4285807421.0,,,0.0,,footway,0.0,132.71296270000002,34.3974634,,,,,0.0,0.0,
,252,4285807426.0,,,0.0,,footway,0.0,132.7105386,34.3967691,,,,,0.0,0.0,
,253,4285807429.0,,,0.0,,service,0.0,132.7132948,34.39773029999999,,,,,0.0,0.0,
,254,4285807431.0,,,0.0,,service,0.0,132.7143374,34.3975733,,,,,0.0,0.0,
,255,4285807442.0,,,0.0,,footway,0.0,132.71697,34.39733579999999,,,,,0.0,0.0,
,256,4285807460.0,,,0.0,,service,1.0,132.7138548,34.396367,,,,25,40.0,10.0,boundary
,257,4285810275.0,,,0.0,,footway,0.0,132.7113993,34.3970867,,,,,0.0,0.0,
,258,4285810276.0,,,0.0,,service,0.0,132.7130939,34.3975819,,,,,0.0,0.0,
,259,4285810277.0,,,0.0,,footway,0.0,132.7129197,34.397557,,,,,0.0,0.0,
,260,4285810278.0,,,0.0,,footway,0.0,132.7113534,34.397203399999995,,,,,0.0,0.0,
,261,4285810281.0,,,0.0,,service,0.0,132.71106740000002,34.39715379999999,,,,,0.0,0.0,
,262,4285810286.0,,,0.0,,footway,0.0,132.7104139,34.3968814,,,,,0.0,0.0,
,263,4285810288.0,crossing,,0.0,,primary,0.0,132.71018759999998,34.396830200000004,,,,,0.0,0.0,
,264,4476029618.0,,,0.0,,service,0.0,132.7150337,34.397696200000006,,,,,0.0,0.0,
,265,4476029619.0,,,0.0,,service,0.0,132.7160156,34.39769329999999,,,,,0.0,0.0,
,266,4476029652.0,,,0.0,,service,0.0,132.7160118,34.3978997,,,,,0.0,0.0,
,267,4476029653.0,,,0.0,,service,0.0,132.7161683,34.3979023,,,,,0.0,0.0,
,268,5245595819.0,,,0.0,,unclassified,0.0,132.7126333,34.4056876,,,,,0.0,0.0,
,269,5245595820.0,,,0.0,,service,0.0,132.7127168,34.404705299999996,,,,,0.0,0.0,
,270,5245596021.0,,,0.0,,service,0.0,132.7145381,34.405308899999994,,,,,0.0,0.0,
,271,5245596022.0,,,0.0,,service,0.0,132.7126208,34.4054468,,,,,0.0,0.0,
,272,5245995417.0,,,0.0,,unclassified,1.0,132.71613259999998,34.3927799,,,,25,40.0,10.0,boundary
,273,5245995418.0,,,0.0,,unclassified,0.0,132.7159461,34.393681799999996,,,,,0.0,0.0,
,274,5245995420.0,,,0.0,,unclassified,0.0,132.71884450000002,34.393497100000005,,,,,0.0,0.0,
,275,5245995421.0,,,0.0,,residential,0.0,132.7175159,34.394009999999994,,,,12,20.0,5.0,residential
,276,5245995422.0,,,0.0,,residential,0.0,132.7175561,34.394043200000006,,,,12,20.0,5.0,residential
,277,5245995435.0,,,0.0,,tertiary,0.0,132.7191636,34.3920795,,,,,0.0,0.0,
,278,5245995510.0,,,0.0,,residential,0.0,132.71919499999998,34.393097499999996,,,,12,20.0,5.0,residential
,279,5246313821.0,,,0.0,,primary,0.0,132.7121267,34.3918581,,,,,0.0,0.0,
,280,5247439034.0,,,0.0,,footway,0.0,132.7111912,34.3971739,,,,,0.0,0.0,
,281,5247439035.0,crossing,,0.0,,tertiary,0.0,132.7112143,34.3970929,,,,,0.0,0.0,
,282,5247439036.0,,,0.0,,footway,0.0,132.71122340000002,34.397038099999996,,,,,0.0,0.0,
,283,5247439037.0,crossing,,0.0,,tertiary,0.0,132.7104677,34.396832399999994,,,,,0.0,0.0,
,284,5247439038.0,crossing,,0.0,,primary,0.0,132.7104309,34.3965747,,,,,0.0,0.0,
,285,5247441214.0,,,0.0,,service,0.0,132.7182743,34.3929227,,,,,0.0,0.0,
,286,5247441230.0,,,0.0,,service,0.0,132.7155438,34.3920329,,,,,0.0,0.0,
,287,5250465228.0,,,0.0,,service,0.0,132.7100732,34.39893920000001,,,,,0.0,0.0,
,288,5250465229.0,,,0.0,,service,0.0,132.711137,34.398957,,,,,0.0,0.0,
,289,5250465232.0,,,0.0,,service,0.0,132.7107654,34.401306299999995,,,,,0.0,0.0,
,290,5250465233.0,,,0.0,,service,1.0,132.71078229999998,34.4008857,,,,15,40.0,10.0,boundary
,291,6002500933.0,,,0.0,,footway,0.0,132.7171736,34.4037509,,,,,0.0,0.0,
,292,6002500934.0,,,0.0,,footway,0.0,132.7173901,34.403785299999996,,,,,0.0,0.0,
,293,6002500935.0,,,0.0,,footway,0.0,132.7172459,34.403530200000006,,,,,0.0,0.0,
,294,6002500936.0,,,0.0,,footway,0.0,132.7174545,34.403583399999995,,,,,0.0,0.0,
,295,6002500952.0,,,0.0,,footway,0.0,132.7168865,34.4011897,,,,,0.0,0.0,
,296,6002500953.0,,,0.0,,footway,0.0,132.7170706,34.401062599999996,,,,,0.0,0.0,
,297,6366939391.0,,,0.0,,footway,1.0,132.7116949,34.3984457,,,,14,40.0,10.0,boundary
,298,6366939393.0,,,0.0,,footway,1.0,132.7117737,34.3985015,,,,14,40.0,10.0,boundary
,299,6517619184.0,,,0.0,,footway,0.0,132.71704640000002,34.4013489,,,,,0.0,0.0,
,300,6517642085.0,crossing,,0.0,,footway,0.0,132.71722549999998,34.4012341,,,,,0.0,0.0,
,301,6517642086.0,crossing,,0.0,,tertiary,0.0,132.7169394,34.4011532,,,,,0.0,0.0,
,302,6517642087.0,crossing,,0.0,,tertiary,0.0,132.7170963,34.4013169,,,,,0.0,0.0,
,303,6517642088.0,crossing,,0.0,,tertiary,0.0,132.7173725,34.4035625,,,,,0.0,0.0,
,304,6517642089.0,crossing,,0.0,,tertiary,0.0,132.7173119,34.4037657,,,,,0.0,0.0,
,305,6517642090.0,,,0.0,,service,0.0,132.716916,34.403571,,,,,0.0,0.0,
,306,6517642092.0,,,0.0,,service,0.0,132.716906,34.4033419,,,,,0.0,0.0,
,307,6517642093.0,,,0.0,,footway,0.0,132.713273,34.397939,,,,,0.0,0.0,
,308,8209865494.0,,,0.0,,service,0.0,132.71061559999998,34.4040408,,,,,0.0,0.0,
,309,8209865513.0,,,0.0,,footway,0.0,132.7146293,34.4053289,,,,,0.0,0.0,
,310,8209865515.0,crossing,,0.0,,footway,0.0,132.7146597,34.4047708,,,,,0.0,0.0,
,311,8209865516.0,crossing,,0.0,,footway,0.0,132.7146542,34.4046607,,,,,0.0,0.0,
,312,8209877617.0,,,0.0,,footway,0.0,132.7146182,34.4045922,,,,,0.0,0.0,
,313,8209877619.0,,,0.0,,service,0.0,132.7145597,34.404025299999994,,,,,0.0,0.0,
,314,8209877624.0,,,0.0,,footway,1.0,132.71388819999999,34.4024402,,,,15,40.0,10.0,boundary
,315,8209877625.0,,,0.0,,footway,1.0,132.7126365,34.4024461,,,,15,40.0,10.0,boundary
,316,8209877636.0,,,0.0,,footway,0.0,132.7144248,34.4053855,,,,,0.0,0.0,
,317,8209877637.0,,,0.0,,footway,0.0,132.7144605,34.4053557,,,,,0.0,0.0,
,318,8209877656.0,,,0.0,,service,0.0,132.7145557,34.403872799999995,,,,,0.0,0.0,
,319,8209877659.0,,,0.0,,footway,0.0,132.7146468,34.4035627,,,,,0.0,0.0,
,320,8209877666.0,,,0.0,,footway,0.0,132.7155707,34.40335579999999,,,,,0.0,0.0,
,321,8209877675.0,,,0.0,,service,0.0,132.7169578,34.4036553,,,,,0.0,0.0,
,322,8209877689.0,crossing,,0.0,,service,0.0,132.71465690000002,34.4047146,,,,,0.0,0.0,
,323,8213792356.0,,,0.0,,footway,0.0,132.7137321,34.4054195,,,,,0.0,0.0,
,324,8213792359.0,,,0.0,,footway,0.0,132.7137852,34.4054146,,,,,0.0,0.0,
,325,8213792360.0,,,0.0,,footway,1.0,132.7107706,34.4047224,,,,15,40.0,10.0,boundary
,326,8213792361.0,,,0.0,,service,0.0,132.7107604,34.4042406,,,,,0.0,0.0,
,327,8223661643.0,,,0.0,,service,0.0,132.7093279,34.4038099,,,,,0.0,0.0,
,328,8223661645.0,,,0.0,,service,1.0,132.7092212,34.403868,,,,15,40.0,10.0,boundary
,329,8223661659.0,,,0.0,,service,0.0,132.70928130000001,34.403861799999994,,,,,0.0,0.0,
,330,8223661660.0,,,0.0,,service,0.0,132.70931399999998,34.4038269,,,,,0.0,0.0,
,331,8223661661.0,,,0.0,,service,0.0,132.70991229999998,34.4024463,,,,,0.0,0.0,
,332,8223661674.0,,,0.0,,service,0.0,132.7107447,34.4041759,,,,,0.0,0.0,
,333,8223661675.0,,,0.0,,service,0.0,132.71059640000001,34.404039399999995,,,,,0.0,0.0,
,334,8223661688.0,,,0.0,,service,0.0,132.70941090000002,34.4030208,,,,,0.0,0.0,
,335,8223661689.0,,,0.0,,footway,0.0,132.7092217,34.403901700000006,,,,,0.0,0.0,
,336,8223661690.0,,,0.0,,footway,1.0,132.7100144,34.4039024,,,,15,40.0,10.0,boundary
,337,8223663320.0,,,0.0,,footway,0.0,132.7136905,34.4054328,,,,,0.0,0.0,
,338,8223663321.0,,,0.0,,footway,0.0,132.71380459999997,34.4054133,,,,,0.0,0.0,
,339,8223663322.0,,,0.0,,footway,0.0,132.71380159999998,34.4052983,,,,,0.0,0.0,
,340,8223663339.0,,,0.0,,service,0.0,132.713308,34.40470429999999,,,,,0.0,0.0,
,341,8223663340.0,,,0.0,,service,1.0,132.7133113,34.4047987,,,,18,40.0,10.0,boundary
,342,8223663341.0,,,0.0,,footway,0.0,132.7115118,34.404836100000004,,,,,0.0,0.0,
,343,8223663342.0,,,0.0,,footway,0.0,132.7115118,34.404739,,,,,0.0,0.0,
,344,8226128091.0,,,0.0,,footway,0.0,132.714332,34.4055768,,,,,0.0,0.0,
,345,8226128092.0,,,0.0,,footway,0.0,132.7143247,34.4054172,,,,,0.0,0.0,
,346,8226128093.0,,,0.0,,footway,0.0,132.71473500000002,34.405592799999994,,,,,0.0,0.0,
,347,8226128094.0,,,0.0,,footway,0.0,132.71463310000001,34.404796000000005,,,,,0.0,0.0,
,348,8226362014.0,,,0.0,,footway,1.0,132.71454599999998,34.4034817,,,,18,40.0,10.0,boundary
,349,8226362015.0,,,0.0,,footway,0.0,132.7144008,34.4040805,,,,,0.0,0.0,
,350,8226362016.0,,,0.0,,footway,0.0,132.7145606,34.4040826,,,,,0.0,0.0,
,351,8226362717.0,,,0.0,,footway,0.0,132.7106619,34.4046042,,,,,0.0,0.0,
,352,8226362718.0,,,0.0,,footway,0.0,132.7107681,34.4046029,,,,,0.0,0.0,
,353,8226362719.0,,,0.0,,footway,0.0,132.7105061,34.4040915,,,,,0.0,0.0,
,354,8226362720.0,,,0.0,,footway,0.0,132.71058200000002,34.404028600000004,,,,,0.0,0.0,
,355,8226362721.0,,,0.0,,footway,0.0,132.7099047,34.4039023,,,,,0.0,0.0,
,356,8226362722.0,,,0.0,,footway,0.0,132.7099047,34.403817700000005,,,,,0.0,0.0,
,357,8226362723.0,,,0.0,,service,1.0,132.70921529999998,34.4034737,,,,15,40.0,10.0,boundary
,358,8226362724.0,,,0.0,,service,0.0,132.7093385,34.4034752,,,,,0.0,0.0,
,359,8226362725.0,,,0.0,,footway,0.0,132.7100628,34.4024597,,,,,0.0,0.0,
,360,8226362726.0,,,0.0,,service,0.0,132.71005549999998,34.401854799999995,,,,,0.0,0.0,
,361,8226362729.0,,,0.0,,footway,0.0,132.7099788,34.4024825,,,,,0.0,0.0,
,362,8226362730.0,,,0.0,,service,0.0,132.7099996,34.4019565,,,,,0.0,0.0,
,363,8226362731.0,,,0.0,,service,0.0,132.70999640000002,34.401905799999994,,,,,0.0,0.0,
,364,8226362732.0,,,0.0,,service,0.0,132.70999369999998,34.4017761,,,,,0.0,0.0,
,365,8226362733.0,,,0.0,,service,0.0,132.7099921,34.4010974,,,,,0.0,0.0,
,366,8226362734.0,,,0.0,,service,0.0,132.7099689,34.4010124,,,,,0.0,0.0,
,367,8226362735.0,,,0.0,,service,0.0,132.709975,34.400944,,,,,0.0,0.0,
,368,8226362736.0,,,0.0,,footway,0.0,132.71006090000003,34.400924700000004,,,,,0.0,0.0,
,369,8226406465.0,,,0.0,,footway,1.0,132.7139437,34.4047907,,,,18,40.0,10.0,boundary
,370,8226406466.0,,,0.0,,footway,0.0,132.7139437,34.4046335,,,,,0.0,0.0,
,371,8226406475.0,,,0.0,,footway,0.0,132.7155764,34.4015528,,,,,0.0,0.0,
,372,8226406476.0,,,0.0,,footway,1.0,132.7155945,34.4016901,,,,21,40.0,10.0,boundary
,373,8226406481.0,,,0.0,,footway,1.0,132.7170308,34.4013581,,,,21,40.0,10.0,boundary
,374,8226406482.0,,,0.0,,footway,1.0,132.7154213,34.4016544,,,,21,40.0,10.0,boundary
,375,8226406484.0,,,0.0,,footway,1.0,132.71432420000002,34.4016231,,,,21,40.0,10.0,boundary
,376,8226406485.0,,,0.0,,footway,0.0,132.7147051,34.4016081,,,,,0.0,0.0,
,377,8226406486.0,,,0.0,,footway,0.0,132.7147032,34.401498100000005,,,,,0.0,0.0,
,378,8226406487.0,,,0.0,,footway,0.0,132.7148712,34.4014912,,,,,0.0,0.0,
,379,8226406488.0,,,0.0,,footway,0.0,132.7150317,34.4016292,,,,,0.0,0.0,
,380,8226406489.0,,,0.0,,footway,0.0,132.7150259,34.4015112,,,,,0.0,0.0,
,381,8226406491.0,,,0.0,,footway,0.0,132.71546750000002,34.401521200000005,,,,,0.0,0.0,
,382,8226406492.0,,,0.0,,service,0.0,132.7155278,34.40153660000001,,,,,0.0,0.0,
,383,8226406493.0,,,0.0,,service,0.0,132.7141214,34.4014941,,,,,0.0,0.0,
,384,8226424475.0,,,0.0,,footway,0.0,132.715168,34.403536100000004,,,,,0.0,0.0,
,385,8226424477.0,,,0.0,,footway,0.0,132.715969,34.4033549,,,,,0.0,0.0,
,386,8226454620.0,,,0.0,,footway,0.0,132.7092914,34.4032006,,,,,0.0,0.0,
,387,8226454621.0,,,0.0,,footway,0.0,132.7094055,34.4032005,,,,,0.0,0.0,
,388,8226454622.0,,,0.0,,footway,1.0,132.70929650000002,34.402990100000004,,,,15,40.0,10.0,boundary
,389,8226454623.0,,,0.0,,footway,0.0,132.7094115,34.4029924,,,,,0.0,0.0,
,390,8226454624.0,,,0.0,,footway,0.0,132.70996829999999,34.4015159,,,,,0.0,0.0,
,391,8226454625.0,,,0.0,,footway,0.0,132.7100575,34.4015169,,,,,0.0,0.0,
,392,8226454626.0,,,0.0,,footway,0.0,132.7100602,34.4008663,,,,,0.0,0.0,
,393,8226641323.0,,,0.0,,footway,1.0,132.7132694,34.4047474,,,,18,40.0,10.0,boundary
,394,8226641324.0,,,0.0,,footway,0.0,132.7132684,34.4046514,,,,,0.0,0.0,
,395,8226641325.0,,,0.0,,footway,0.0,132.714622,34.4045994,,,,,0.0,0.0,
,396,8323191986.0,,,0.0,,footway,0.0,132.7170751,34.403674200000005,,,,,0.0,0.0,
,397,8323191987.0,,,0.0,,footway,0.0,132.7171188,34.4037071,,,,,0.0,0.0,
,398,8345265340.0,,,0.0,,footway,0.0,132.7146506,34.404621500000005,,,,,0.0,0.0,
,399,,,,0.0,,tertiary,1.0,132.7197,34.4063258,,,boundary node created by osm2gmns,20,40.0,10.0,boundary
,400,,,,0.0,,tertiary,1.0,132.7197,34.406254,,,boundary node created by osm2gmns,20,40.0,10.0,boundary
,401,,,,0.0,,tertiary,1.0,132.7163606,34.4065,,,boundary node created by osm2gmns,18,40.0,10.0,boundary
,402,,,,0.0,,tertiary,0.0,132.7197,34.39648270000001,,,boundary node created by osm2gmns,,0.0,0.0,
,403,,,,0.0,,residential,0.0,132.7170097,34.4065,,,boundary node created by osm2gmns,3,20.0,5.0,residential
,404,,,,0.0,,unclassified,1.0,132.7128169,34.4065,,,boundary node created by osm2gmns,18,40.0,10.0,boundary
,405,,,,0.0,,tertiary,1.0,132.7074,34.4002287,,,boundary node created by osm2gmns,14,40.0,10.0,boundary
,406,,,,0.0,,residential,0.0,132.71503149999998,34.4065,,,boundary node created by osm2gmns,2,20.0,5.0,residential
,407,,,,0.0,,unclassified,0.0,132.711927,34.4065,,,boundary node created by osm2gmns,,0.0,0.0,
,408,,,,0.0,,residential,1.0,132.7184426,34.3917,,,boundary node created by osm2gmns,24,40.0,10.0,boundary
,409,,,,0.0,,unclassified,1.0,132.7197,34.4031902,,,boundary node created by osm2gmns,21,40.0,10.0,boundary
,410,,,,0.0,,residential,1.0,132.7197,34.3939645,,,boundary node created by osm2gmns,23,40.0,10.0,boundary
,411,,,,0.0,,residential,0.0,132.71357790000002,34.4065,,,boundary node created by osm2gmns,2,20.0,5.0,residential
,412,,,,0.0,,residential,0.0,132.7093185,34.4065,,,boundary node created by osm2gmns,1,20.0,5.0,residential
,413,,,,0.0,,residential,1.0,132.7131963,34.3917,,,boundary node created by osm2gmns,25,40.0,10.0,boundary
,414,,,,0.0,,tertiary,1.0,132.7074,34.4043071,,,boundary node created by osm2gmns,15,40.0,10.0,boundary
,415,,,,0.0,,residential,0.0,132.7146813,34.4065,,,boundary node created by osm2gmns,2,20.0,5.0,residential
,416,,,,0.0,,service,1.0,132.7074,34.401926399999994,,,boundary node created by osm2gmns,15,40.0,10.0,boundary
,417,,,,0.0,,unclassified,1.0,132.7187653,34.4065,,,boundary node created by osm2gmns,20,40.0,10.0,boundary
,418,,,,0.0,,tertiary,1.0,132.7074,34.404433600000004,,,boundary node created by osm2gmns,15,40.0,10.0,boundary
,419,,,,0.0,,tertiary,1.0,132.7191396,34.3917,,,boundary node created by osm2gmns,24,40.0,10.0,boundary
,420,,,,0.0,,primary,1.0,132.7080716,34.4065,,,boundary node created by osm2gmns,16,40.0,10.0,boundary
,421,,,,0.0,,primary,0.0,132.707925,34.4065,,,boundary node created by osm2gmns,,0.0,0.0,
,422,,,,0.0,,primary,1.0,132.71222350000002,34.3917,,,boundary node created by osm2gmns,25,40.0,10.0,boundary
,423,,,,0.0,,footway,0.0,132.7162754,34.4065,,,boundary node created by osm2gmns,,0.0,0.0,
,424,,,,0.0,,footway,0.0,132.7081415,34.4065,,,boundary node created by osm2gmns,,0.0,0.0,
,425,,,,0.0,,unclassified,0.0,132.71039240000002,34.4065,,,boundary node created by osm2gmns,,0.0,0.0,
,426,,,,0.0,,footway,1.0,132.71286740000002,34.4065,,,boundary node created by osm2gmns,18,40.0,10.0,boundary
,427,,,,0.0,,footway,0.0,132.7127403,34.4065,,,boundary node created by osm2gmns,,0.0,0.0,
,428,,,,0.0,,footway,1.0,132.7129431,34.4065,,,boundary node created by osm2gmns,18,40.0,10.0,boundary
,429,,,,0.0,,footway,1.0,132.7190033,34.3917,,,boundary node created by osm2gmns,24,40.0,10.0,boundary
,430,,,,0.0,,footway,0.0,132.7192249,34.3917,,,boundary node created by osm2gmns,,0.0,0.0,
,431,,,,0.0,,footway,1.0,132.7197,34.4061371,,,boundary node created by osm2gmns,20,40.0,10.0,boundary
,432,,,,0.0,,footway,0.0,132.71648090000002,34.4065,,,boundary node created by osm2gmns,,0.0,0.0,
,433,,,,0.0,,footway,1.0,132.7197,34.40638189999999,,,boundary node created by osm2gmns,20,40.0,10.0,boundary
,434,,,,0.0,,residential,0.0,132.7197,34.392045200000005,,,boundary node created by osm2gmns,12,20.0,5.0,residential
,435,,,,0.0,,service,0.0,132.7197,34.3925864,,,boundary node created by osm2gmns,,0.0,0.0,
,436,,,,0.0,,unclassified,0.0,132.7120993,34.3917,,,boundary node created by osm2gmns,,0.0,0.0,
,437,,,,0.0,,track,1.0,132.7168581,34.3917,,,boundary node created by osm2gmns,24,40.0,10.0,boundary
,438,,,,0.0,,service,0.0,132.7174014,34.3917,,,boundary node created by osm2gmns,,0.0,0.0,
,439,,,,0.0,,service,0.0,132.7156018,34.3917,,,boundary node created by osm2gmns,,0.0,0.0,
,440,,,,0.0,,poi,0.0,132.71424973577922,34.396641814161875,,0.0,,8,28.194943846118402,28.194943846118402,poi
,441,,,,0.0,,poi,0.0,132.71490699359896,34.403090770879324,,1.0,,5,24.999903085996802,24.999903085996802,poi
,442,,,,0.0,,poi,0.0,132.71153839183927,34.40105716685901,,2.0,,4,11.776439159596801,11.776439159596801,poi
,443,,,,0.0,,poi,0.0,132.7113437473379,34.39819336074943,,3.0,,7,15.292621186502398,15.292621186502398,poi
,444,,,,0.0,,poi,0.0,132.71298923857958,34.398145207717434,,4.0,,8,22.1360786127936,22.1360786127936,poi
,445,,,,0.0,,poi,0.0,132.71371946397838,34.40140437979351,,5.0,,5,15.1087520690496,15.1087520690496,poi
,446,,,,0.0,,poi,0.0,132.71418330125937,34.403006646598435,,6.0,,5,11.321803876032002,11.321803876032002,poi
,447,,,,0.0,,poi,0.0,132.7113702002265,34.40277602458061,,7.0,,4,14.5861103995776,14.5861103995776,poi
,448,,,,0.0,,poi,0.0,132.71101235492034,34.401133622396145,,8.0,,4,7.650718414559999,7.650718414559999,poi
,449,,,,0.0,,poi,0.0,132.71110061670836,34.40069112074708,,9.0,,4,17.132571738547203,17.132571738547203,poi
,450,,,,0.0,,poi,0.0,132.71344060961502,34.40293146696781,,10.0,,5,61.769776221440004,61.769776221440004,poi
,451,,,,0.0,,poi,0.0,132.71930382854407,34.401404832235144,,11.0,,6,4.249128977772799,4.249128977772799,poi
,452,,,,0.0,,poi,0.0,132.71228967732532,34.402666907772264,,12.0,,5,0.398049406592,0.398049406592,poi
,453,,,,0.0,,poi,0.0,132.71347381609795,34.403609175375685,,13.0,,5,1.7592535157760003,20.5832661345792,poi
,454,,,,0.0,,poi,0.0,132.71397796774784,34.398675217349755,,14.0,,8,3.5509064018560004,41.545604901715194,poi
,455,,,,0.0,,poi,0.0,132.71070440963055,34.398651820486485,,15.0,,7,8.8552107522304,2.059351337728,poi
,456,,,,0.0,,poi,0.0,132.71086904836793,34.39808227938997,,16.0,,7,15.4609795090688,3.595576630016,poi
,457,,,,0.0,,poi,0.0,132.7153890237728,34.40520912997623,,17.0,,5,6.0272085728384,1.401676412288,poi
,458,,,,0.0,,poi,0.0,132.71254317512273,34.39419180446071,,18.0,,11,3.2024463304768003,0.744754960576,poi
,459,,,,0.0,,poi,0.0,132.7145691390277,34.40175433867113,,19.0,,5,5.0251423341504005,1.168637752128,poi
,460,,,,0.0,,poi,0.0,132.71584215,34.398645200000004,,20.0,,8,15.765996438073602,3.6665107995520008,poi
,461,,,,0.0,,poi,0.0,132.7110939586528,34.405151371990854,,21.0,,4,9.8327460391168,2.286685125376,poi
,462,,,,0.0,,poi,0.0,132.71522620937782,34.401290985154866,,22.0,,5,43.963631261792,10.224100293440003,poi
,463,,,,0.0,,poi,0.0,132.7102205557953,34.397649617005555,,23.0,,7,33.159366961702396,7.711480688768,poi
,464,,,,0.0,,poi,0.0,132.7136389582696,34.397101314399954,,24.0,,8,10.608016685676802,2.4669806245760006,poi
,465,,,,0.0,,poi,0.0,132.71559849823535,34.39677432362968,,25.0,,8,23.245622496825604,5.405958720192,poi
,466,,,,0.0,,poi,0.0,132.7160376811575,34.40104885645731,,26.0,,5,3.8384104486400004,3.8384104486400004,poi
,467,,,,0.0,,poi,0.0,132.7123166118453,34.40592842648293,,27.0,,2,7.21612553216,7.21612553216,poi
,468,,,,0.0,,poi,0.0,132.7147412619868,34.39809459840576,,28.0,,8,9.82314463104,9.82314463104,poi
,469,,,,0.0,,poi,0.0,132.7111063173431,34.40020206223639,,29.0,,7,15.37194044224,15.37194044224,poi
,470,,,,0.0,,poi,0.0,132.7142081093394,34.404002921450484,,30.0,,5,1.3487179731199999,1.3487179731199999,poi
,471,,,,0.0,,poi,0.0,132.71557521218114,34.392160059628786,,31.0,,11,7.117097556480001,7.117097556480001,poi
,472,,,,0.0,,poi,0.0,132.71533120322715,34.399391231279296,,32.0,,8,21.65268216064,21.65268216064,poi
,473,,,,0.0,,poi,0.0,132.71159521166084,34.39963898088652,,33.0,,7,16.5710400608,16.5710400608,poi
,474,,,,0.0,,poi,0.0,132.71406186207602,34.399185009279776,,34.0,,8,18.72705131392,18.72705131392,poi
,475,,,,0.0,,poi,0.0,132.7151333725606,34.397675893767044,,35.0,,8,8.00189099136,8.00189099136,poi
,476,,,,0.0,,poi,0.0,132.7096435278902,34.39869421783866,,36.0,,7,9.08151120448,9.08151120448,poi
,477,,,,0.0,,poi,0.0,132.71597225,34.401399049999995,,37.0,,5,1.6544130284799998,1.6544130284799998,poi
,478,,,,0.0,,poi,0.0,132.71029989722686,34.400613075326646,,38.0,,4,5.2366424096,5.2366424096,poi
,479,,,,0.0,,poi,0.0,132.71601451910522,34.404243926120785,,39.0,,5,13.94572231424,13.94572231424,poi
,480,,,,0.0,,poi,0.0,132.7163722973187,34.40083599007504,,40.0,,5,3.9460495526400003,3.9460495526400003,poi
,481,,,,0.0,,poi,0.0,132.7148571924913,34.40395262493536,,41.0,,5,1.64795468224,1.64795468224,poi
,482,,,,0.0,,poi,0.0,132.71941990728976,34.39624167979051,,42.0,,9,2.7103526387200003,2.7103526387200003,poi
,483,,,,0.0,,poi,0.0,132.71568155,34.3990614,,43.0,,8,11.537835557760001,11.537835557760001,poi
,484,,,,0.0,,poi,0.0,132.71528065242896,34.3987560560225,,44.0,,8,1.84170506944,1.84170506944,poi
,485,,,,0.0,,poi,0.0,132.71241695,34.405398000000005,,45.0,,5,3.16674243968,3.16674243968,poi
,486,,,,0.0,,poi,0.0,132.71676055000003,34.40382565,,46.0,,5,5.34643429568,5.34643429568,poi
,487,,,,0.0,,poi,0.0,132.71591401839572,34.404503565486415,,47.0,,5,3.2948329734400006,3.2948329734400006,poi
,488,,,,0.0,,poi,0.0,132.71567105000003,34.399340849999994,,48.0,,8,2.12802508608,2.12802508608,poi
,489,,,,0.0,,poi,0.0,132.71514599837792,34.398465859214305,,49.0,,8,1.0634743475200001,1.0634743475200001,poi
,490,,,,0.0,,poi,0.0,132.71394706472142,34.40627979749435,,50.0,,2,1.44451677568,1.44451677568,poi
,491,,,,0.0,,poi,0.0,132.71208735,34.393738150000004,,51.0,,11,6.489561580159999,6.489561580159999,poi
,492,,,,0.0,,poi,0.0,132.71544233839694,34.40393337319741,,52.0,,5,3.1979577798400003,3.1979577798400003,poi
,493,,,,0.0,,poi,0.0,132.7156891816301,34.39963543600417,,53.0,,8,1.38639165952,1.38639165952,poi
,494,,,,0.0,,poi,0.0,132.71438279690392,34.40037122465484,,54.0,,8,2.125872304,2.125872304,poi
,495,,,,0.0,,poi,0.0,132.71720195,34.3966763,,55.0,,9,0.9439949420800001,0.9439949420800001,poi
,496,,,,0.0,,poi,0.0,132.71512059999998,34.40010519999998,,56.0,,8,0.4897579232,0.4897579232,poi
,497,,,,0.0,,poi,0.0,132.71212677555263,34.393912707769,,57.0,,11,3.1247631891200003,3.1247631891200003,poi
,498,,,,0.0,,poi,0.0,132.71570495,34.399906349999995,,58.0,,8,1.54892670656,1.54892670656,poi
,499,,,,0.0,,poi,0.0,132.71381225,34.4064779,,59.0,,2,2.00101094336,2.00101094336,poi
,500,,,,0.0,,poi,0.0,132.71728737556106,34.396511667331445,,60.0,,9,5.9255326752,5.9255326752,poi
,501,,,,0.0,,poi,0.0,132.7153281264751,34.39996121414099,,61.0,,8,11.8725931712,11.8725931712,poi
,502,,,,0.0,,poi,0.0,132.7107055751263,34.399205843906515,,62.0,,7,1.6005934764799998,1.6005934764799998,poi
,503,,,,0.0,,poi,0.0,132.71668975,34.40193419999999,,63.0,,5,21.69250862912,21.69250862912,poi
,504,,,,0.0,,poi,0.0,132.7162969952465,34.39495697539127,,64.0,,11,1.0537868281600002,1.0537868281600002,poi
,505,,,,0.0,,poi,0.0,132.71032619894757,34.401485874685065,,65.0,,4,3.4735138860799997,3.4735138860799997,poi
,506,,,,0.0,,poi,0.0,132.7162715,34.4044298,,66.0,,5,7.24734087232,7.24734087232,poi
,507,,,,0.0,,poi,0.0,132.70964805000003,34.39912505,,67.0,,7,11.78863467008,11.78863467008,poi
,508,,,,0.0,,poi,0.0,132.71558585000002,34.403640100000004,,68.0,,5,11.3774532928,11.3774532928,poi
,509,,,,0.0,,poi,0.0,132.71505735246674,34.40068497490952,,69.0,,5,9.605713640960001,9.605713640960001,poi
,510,,,,0.0,,poi,0.0,132.71084562935,34.40207897507421,,70.0,,4,2.17646268288,2.17646268288,poi
,511,,,,0.0,,poi,0.0,132.71420808352116,34.39193831670597,,71.0,,11,9.430261901440002,9.430261901440002,poi
,512,,,,0.0,,poi,0.0,132.7120183252054,34.405215812623375,,72.0,,5,16.34392155136,16.34392155136,poi
,513,,,,0.0,,poi,0.0,132.71538258120398,34.40426002480377,,73.0,,5,7.2279658336,7.2279658336,poi
,514,,,,0.0,,poi,0.0,132.7114875247928,34.39771066679888,,74.0,,7,3.0149713030400003,3.0149713030400003,poi
,515,,,,0.0,,poi,0.0,132.71551107489313,34.39786260444026,,75.0,,8,1.51663497536,1.51663497536,poi
,516,,,,0.0,,poi,0.0,132.71243142489158,34.40520335504177,,76.0,,5,1.77281604288,1.77281604288,poi
,517,,,,0.0,,poi,0.0,132.7145584245945,34.400387111154345,,77.0,,5,12.71540735552,12.71540735552,poi
,518,,,,0.0,,poi,0.0,132.71641409999998,34.4037893,,78.0,,5,3.45198606528,3.45198606528,poi
,519,,,,0.0,,poi,0.0,132.7181440081764,34.39482513803207,,79.0,,12,1.61889212416,1.61889212416,poi
,520,,,,0.0,,poi,0.0,132.7167327463934,34.396393025458096,,80.0,,8,3.9417439884800003,3.9417439884800003,poi
,521,,,,0.0,,poi,0.0,132.71535072557208,34.400591904569026,,81.0,,5,10.5809239232,10.5809239232,poi
,522,,,,0.0,,poi,0.0,132.71521299999998,34.39973875,,82.0,,8,13.16103324608,13.16103324608,poi
,523,,,,0.0,,poi,0.0,132.71133175646327,34.40350654639356,,83.0,,4,1.25830112576,1.25830112576,poi
,524,,,,0.0,,poi,0.0,132.71848438496835,34.39667219750431,,84.0,,9,0.4789940128,0.4789940128,poi
,525,,,,0.0,,poi,0.0,132.71708077421067,34.39656223577,,85.0,,9,12.8144353312,12.8144353312,poi
,526,,,,0.0,,poi,0.0,132.71053682840684,34.40005139762875,,86.0,,7,0.7308695161600001,0.7308695161600001,poi
,527,,,,0.0,,poi,0.0,132.71505037097685,34.40010881272172,,87.0,,8,3.03326995072,3.03326995072,poi
,528,,,,0.0,,poi,0.0,132.71662929999997,34.40176875,,88.0,,5,9.715505527040001,9.715505527040001,poi
,529,,,,0.0,,poi,0.0,132.71534478828693,34.398067453970825,,89.0,,8,8.08692588352,8.08692588352,poi
,530,,,,0.0,,poi,0.0,132.71031379853457,34.40224222593626,,90.0,,4,3.0472630342400002,3.0472630342400002,poi
,531,,,,0.0,,poi,0.0,132.71484066721558,34.404205887684604,,91.0,,5,6.642409107840001,6.642409107840001,poi
,532,,,,0.0,,poi,0.0,132.71603642500548,34.40482664986316,,92.0,,5,2.36160194176,2.36160194176,poi
,533,,,,0.0,,poi,0.0,132.71816687961925,34.39423419325461,,93.0,,12,11.5819675904,11.5819675904,poi
,534,,,,0.0,,poi,0.0,132.71367391067824,34.40418893590362,,94.0,,5,14.80791153728,14.80791153728,poi
,535,,,,0.0,,poi,0.0,132.71631883805458,34.404877164906466,,95.0,,5,8.51102395328,8.51102395328,poi
,536,,,,0.0,,poi,0.0,132.71406572674226,34.40063491771472,,96.0,,5,4.56820357376,4.56820357376,poi
,537,,,,0.0,,poi,0.0,132.71674669102538,34.3966279079203,,97.0,,8,9.5637343904,9.5637343904,poi
,538,,,,0.0,,poi,0.0,132.7180054351763,34.401260154331716,,98.0,,6,7.35497997632,7.35497997632,poi
,539,,,,0.0,,poi,0.0,132.71116259892227,34.403208387227174,,99.0,,4,8.46796831168,8.46796831168,poi
,540,,,,0.0,,poi,0.0,132.71652945383684,34.39732765651819,,100.0,,8,5.54556663808,5.54556663808,poi
,541,,,,0.0,,poi,0.0,132.70997100365793,34.40301046499773,,101.0,,4,4.57789109312,4.57789109312,poi
,542,,,,0.0,,poi,0.0,132.71206956097018,34.40620077090021,,102.0,,2,8.711232686719999,8.711232686719999,poi
,543,,,,0.0,,poi,0.0,132.71188364754647,34.39956068156547,,103.0,,8,13.048012186880001,13.048012186880001,poi
,544,,,,0.0,,poi,0.0,132.71145253420858,34.406196898045394,,104.0,,1,4.41105048192,4.41105048192,poi
,545,,,,0.0,,poi,0.0,132.71335519623798,34.40641029062863,,105.0,,2,6.79633302656,6.79633302656,poi
,546,,,,0.0,,poi,0.0,132.71408717179708,34.40038894438661,,106.0,,5,11.22460576512,11.22460576512,poi
,547,,,,0.0,,poi,0.0,132.7151990424002,34.40181726303552,,107.0,,5,13.682006509439999,13.682006509439999,poi
,548,,,,0.0,,poi,0.0,132.71065704444766,34.39951602704656,,108.0,,7,6.05039403584,6.05039403584,poi
,549,,,,0.0,,poi,0.0,132.71074237482415,34.39978734031206,,109.0,,7,15.56569082944,15.56569082944,poi
,550,,,,0.0,,poi,0.0,132.7100820748197,34.40361134782792,,110.0,,4,9.77793620736,9.77793620736,poi
,551,,,,0.0,,poi,0.0,132.7117096582596,34.40335068044807,,111.0,,5,9.77470703424,9.77470703424,poi
,552,,,,0.0,,poi,0.0,132.71489766125728,34.403661717651765,,112.0,,5,7.85657820096,7.85657820096,poi
,553,,,,0.0,,poi,0.0,132.71110956792688,34.399755819277466,,113.0,,7,15.364405704960001,15.364405704960001,poi
,554,,,,0.0,,poi,0.0,132.71402236561843,34.40006682483533,,114.0,,8,9.57234551872,9.57234551872,poi
,555,,,,0.0,,poi,0.0,132.71400772058314,34.39959889451446,,115.0,,8,6.75004821184,6.75004821184,poi
,556,,,,0.0,,poi,0.0,132.71405149999998,34.39982104999999,,116.0,,8,19.772227013760002,19.772227013760002,poi
,557,,,,0.0,,poi,0.0,132.71350204226778,34.39909618859848,,117.0,,8,10.521722416000001,10.521722416000001,poi
,558,,,,0.0,,poi,0.0,132.71424681640332,34.401190040426904,,118.0,,5,5.0870240550400005,5.0870240550400005,poi
,559,,,,0.0,,poi,0.0,132.71819690044643,34.397008416435696,,119.0,,9,20.408374118399998,20.408374118399998,poi
,560,,,,0.0,,poi,0.0,132.70944699999998,34.399594949999994,,120.0,,7,12.837039543039998,12.837039543039998,poi
,561,,,,0.0,,poi,0.0,132.7161606440846,34.4024394756453,,121.0,,5,6.28827645568,6.28827645568,poi
,562,,,,0.0,,poi,0.0,132.7158642,34.40215250000001,,122.0,,5,7.627306909440001,7.627306909440001,poi
,563,,,,0.0,,poi,0.0,132.70978745,34.402156700000006,,123.0,,4,4.010633015040001,4.010633015040001,poi
,564,,,,0.0,,poi,0.0,132.70950171719045,34.40221456620014,,124.0,,4,13.91127780096,13.91127780096,poi
,565,,,,0.0,,poi,0.0,132.71584120550645,34.400314464254286,,125.0,,8,2.25611561984,2.25611561984,poi
,566,,,,0.0,,poi,0.0,132.71568195,34.4006473,,126.0,,5,1.01934231488,1.01934231488,poi
,567,,,,0.0,,poi,0.0,132.71561260595533,34.400413875661705,,127.0,,5,18.957398996480002,18.957398996480002,poi
,568,,,,0.0,,poi,0.0,132.71032238086053,34.40473898175629,,128.0,,4,5.09455879232,5.09455879232,poi
,569,,,,0.0,,poi,0.0,132.71142965832894,34.40529745010167,,129.0,,4,1.6780936313600001,1.6780936313600001,poi
,570,,,,0.0,,poi,0.0,132.71166295,34.40502775,,130.0,,5,3.3949373401600003,3.3949373401600003,poi
,571,,,,0.0,,poi,0.0,132.71679899999998,34.40652495,,131.0,,3,1.76205213248,1.76205213248,poi
,572,,,,0.0,,poi,0.0,132.71686541147696,34.40601899803216,,132.0,,3,9.98675606912,9.98675606912,poi
,573,,,,0.0,,poi,0.0,132.7162407432281,34.40525491177041,,133.0,,5,10.136837271827199,2.357404016704,poi
,574,,,,0.0,,poi,0.0,132.70950168804856,34.40158996166051,,134.0,,4,57.7429973408,57.7429973408,poi
,575,,,,0.0,,poi,0.0,132.7098597501631,34.40668285942895,,135.0,,1,2.97945039872,2.97945039872,poi
,576,,,,0.0,,poi,0.0,132.71243918337046,34.406234742372554,,136.0,,2,6.50786022784,6.50786022784,poi
,577,,,,0.0,,poi,0.0,132.71549001578725,34.404503122764986,,137.0,,5,4.82330825024,4.82330825024,poi
,578,,,,0.0,,poi,0.0,132.7165980247352,34.404473338564394,,138.0,,5,2.97299205248,2.97299205248,poi
,579,,,,0.0,,poi,0.0,132.71598435,34.4040906,,139.0,,5,5.603691754240001,5.603691754240001,poi
,580,,,,0.0,,poi,0.0,132.7171912932475,34.40082168313252,,140.0,,6,8.378627855360001,8.378627855360001,poi
,581,,,,0.0,,poi,0.0,132.7141643436562,34.40088592462357,,141.0,,5,4.57896748416,4.57896748416,poi
,582,,,,0.0,,poi,0.0,132.7135017764935,34.400675765196574,,142.0,,5,8.5519268128,8.5519268128,poi
,583,,,,0.0,,poi,0.0,132.709716309618,34.403280488339746,,143.0,,4,12.485059672960002,12.485059672960002,poi
,584,,,,0.0,,poi,0.0,132.7115505913427,34.3989896891882,,144.0,,7,4.8728222380799995,4.8728222380799995,poi
,585,,,,0.0,,poi,0.0,132.7181586729942,34.39466686595061,,145.0,,12,9.15793496832,9.15793496832,poi
,586,,,,0.0,,poi,0.0,132.71345032992085,34.39988028896184,,146.0,,8,5.04181563136,5.04181563136,poi
,587,,,,0.0,,poi,0.0,132.7107804156135,34.40229569651073,,147.0,,4,0.2637158048,0.2637158048,poi
,588,,,,0.0,,poi,0.0,132.71185977914237,34.40176114616298,,148.0,,5,6.0596079431424,1.4092111495680002,poi
,589,,,,0.0,,poi,0.0,132.712980234748,34.4026593235043,,149.0,,5,1.8629637924800002,0.4332473936000001,poi
,590,,,,0.0,,poi,0.0,132.71385191107652,34.40268414104352,,150.0,,5,6.7668399120639995,1.57368370048,poi
,591,,,,0.0,,poi,0.0,132.71482757910394,34.4027852824012,,151.0,,5,4.61448838848,4.61448838848,poi
,592,,,,0.0,,poi,0.0,132.7176326968976,34.40086003296049,,152.0,,6,6.756506558080001,6.756506558080001,poi
,593,,,,0.0,,poi,0.0,132.7149961410502,34.39938001298841,,153.0,,8,7.9534533945599994,7.9534533945599994,poi
,594,,,,0.0,,poi,0.0,132.71514212479616,34.399062747122706,,154.0,,8,24.13753087648,5.6133792736000006,poi
,595,,,,0.0,,poi,0.0,132.70899230905113,34.40393659084928,,155.0,,4,13.813702953184,3.21248905888,poi
,596,,,,0.0,,poi,0.0,132.71028485709974,34.40421327067074,,156.0,,4,10.661653251199999,10.661653251199999,poi
,597,,,,0.0,,poi,0.0,132.7124580780361,34.39816352828065,,157.0,,8,12.11505025296,2.8174535472000004,poi
,598,,,,0.0,,poi,0.0,132.71628900193562,34.39778856234939,,158.0,,8,1.12805780992,1.12805780992,poi
,599,,,,0.0,,poi,0.0,132.70744435,34.40588185,,159.0,,1,1.12590502784,1.12590502784,poi
,600,,,,0.0,,poi,0.0,132.707583078478,34.40620229361114,,160.0,,1,0.8837170438399999,0.8837170438399999,poi
,601,,,,0.0,,poi,0.0,132.70751727847215,34.40630559537328,,161.0,,1,0.91277960192,0.91277960192,poi
,602,,,,0.0,,poi,0.0,132.70744505,34.4064446,,162.0,,1,1.9536497376,1.9536497376,poi
,603,,,,0.0,,poi,0.0,132.70775497041015,34.40647831000192,,163.0,,1,1.13128698304,1.13128698304,poi
,604,,,,0.0,,poi,0.0,132.7075860246196,34.40641964299048,,164.0,,1,1.12805780992,1.12805780992,poi
,605,,,,0.0,,poi,0.0,132.70783352152992,34.405798756393516,,165.0,,1,2.44017848768,2.44017848768,poi
,606,,,,0.0,,poi,0.0,132.70894168257868,34.406538338159066,,166.0,,1,4.323862807679999,4.323862807679999,poi
,607,,,,0.0,,poi,0.0,132.70888265000002,34.40626114999999,,167.0,,1,2.9988254374400003,2.9988254374400003,poi
,608,,,,0.0,,poi,0.0,132.70851707322464,34.40623931278042,,168.0,,1,2.99451987328,2.99451987328,poi
,609,,,,0.0,,poi,0.0,132.70857397678645,34.406071087220056,,169.0,,1,3.01174212992,3.01174212992,poi
,610,,,,0.0,,poi,0.0,132.70870929999998,34.4059371,,170.0,,1,1.84708702464,1.84708702464,poi
,611,,,,0.0,,poi,0.0,132.70911462064132,34.40628240262873,,171.0,,1,8.314044392960001,8.314044392960001,poi
,612,,,,0.0,,poi,0.0,132.70958412006627,34.40583095311825,,172.0,,1,4.07844565056,4.07844565056,poi
,613,,,,0.0,,poi,0.0,132.71604035,34.4065969,,173.0,,2,1.28413451072,1.28413451072,poi
,614,,,,0.0,,poi,0.0,132.71522760463847,34.40645622326752,,174.0,,2,1.28413451072,1.28413451072,poi
,615,,,,0.0,,poi,0.0,132.71526025463623,34.40625462325754,,175.0,,2,3.8933063916800004,3.8933063916800004,poi
,616,,,,0.0,,poi,0.0,132.7150951022067,34.40626394169433,,176.0,,2,7.616542999040001,7.616542999040001,poi
,617,,,,0.0,,poi,0.0,132.7149445489672,34.40666609095671,,177.0,,2,1.78573273536,1.78573273536,poi
,618,,,,0.0,,poi,0.0,132.7139915,34.40651955,,178.0,,2,4.86313471872,4.86313471872,poi
,619,,,,0.0,,poi,0.0,132.71429116713722,34.406482656420174,,179.0,,2,3.7964311980799996,3.7964311980799996,poi
,620,,,,0.0,,poi,0.0,132.7143886258472,34.4063913893323,,180.0,,2,3.6306669779200003,3.6306669779200003,poi
,621,,,,0.0,,poi,0.0,132.71455801659545,34.40631122426447,,181.0,,2,4.171015280000001,4.171015280000001,poi
,622,,,,0.0,,poi,0.0,132.71444879650636,34.40610646237296,,182.0,,2,0.9569116345600001,0.9569116345600001,poi
,623,,,,0.0,,poi,0.0,132.71287935373994,34.4059640173397,,183.0,,2,0.94830050624,0.94830050624,poi
,624,,,,0.0,,poi,0.0,132.71296220000002,34.40612935,,184.0,,2,2.60701909888,2.60701909888,poi
,625,,,,0.0,,poi,0.0,132.71340404999998,34.4059011,,185.0,,2,1.6684061120000002,1.6684061120000002,poi
,626,,,,0.0,,poi,0.0,132.7136788737925,34.40606010252388,,186.0,,2,0.9558352435199999,0.9558352435199999,poi
,627,,,,0.0,,poi,0.0,132.71369175963972,34.40587707670224,,187.0,,2,0.83635583808,0.83635583808,poi
,628,,,,0.0,,poi,0.0,132.71221295932742,34.40648107404888,,188.0,,2,1.59521152128,1.59521152128,poi
,629,,,,0.0,,poi,0.0,132.71238885,34.40654075000001,,189.0,,2,0.8352794470399999,0.8352794470399999,poi
,630,,,,0.0,,poi,0.0,132.71261797594218,34.40653860734862,,190.0,,2,0.8352794470399999,0.8352794470399999,poi
,631,,,,0.0,,poi,0.0,132.7126072593274,34.406427974048874,,191.0,,2,1.8460106336000002,1.8460106336000002,poi
,632,,,,0.0,,poi,0.0,132.71195546628564,34.40597432218792,,192.0,,2,2.19691411264,2.19691411264,poi
,633,,,,0.0,,poi,0.0,132.71060087529506,34.40600068748008,,193.0,,1,2.19153215744,2.19153215744,poi
,634,,,,0.0,,poi,0.0,132.71054245000002,34.406305100000004,,194.0,,1,4.68983576128,4.68983576128,poi
,635,,,,0.0,,poi,0.0,132.71671483243298,34.40661210828459,,195.0,,2,0.40902859520000007,0.40902859520000007,poi
,636,,,,0.0,,poi,0.0,132.71691090230914,34.40651981835868,,196.0,,3,0.6662860537599999,0.6662860537599999,poi
,637,,,,0.0,,poi,0.0,132.71694815,34.40638905000001,,197.0,,3,0.6662860537599999,0.6662860537599999,poi
,638,,,,0.0,,poi,0.0,132.71686259354294,34.40636237291902,,198.0,,3,2.03007350144,2.03007350144,poi
,639,,,,0.0,,poi,0.0,132.71575584885375,34.40583342727655,,199.0,,2,1.39715556992,1.39715556992,poi
,640,,,,0.0,,poi,0.0,132.7163049,34.406039150000005,,200.0,,2,0.8794114796800001,0.8794114796800001,poi
,641,,,,0.0,,poi,0.0,132.71610580465259,34.405962600100736,,201.0,,2,1.16680788736,1.16680788736,poi
,642,,,,0.0,,poi,0.0,132.71594888109863,34.405919834019365,,202.0,,2,1.17111345152,1.17111345152,poi
,643,,,,0.0,,poi,0.0,132.71553844098565,34.40576712586767,,203.0,,2,0.9547588524800001,0.9547588524800001,poi
,644,,,,0.0,,poi,0.0,132.71538648062682,34.40573999499778,,204.0,,2,2.4886160844800003,2.4886160844800003,poi
,645,,,,0.0,,poi,0.0,132.71479975,34.406001700000004,,205.0,,2,1.8535453708799998,1.8535453708799998,poi
,646,,,,0.0,,poi,0.0,132.71507068774744,34.40599441041409,,206.0,,2,3.4250762892799997,3.4250762892799997,poi
,647,,,,0.0,,poi,0.0,132.71477140000002,34.405808,,207.0,,2,1.17111345152,1.17111345152,poi
,648,,,,0.0,,poi,0.0,132.71431224098566,34.40586712586767,,208.0,,2,2.02792071936,2.02792071936,poi
,649,,,,0.0,,poi,0.0,132.71402788662078,34.40583149314098,,209.0,,2,1.0171895328,1.0171895328,poi
,650,,,,0.0,,poi,0.0,132.71412416096229,34.40576619225127,,210.0,,2,0.4359383712,0.4359383712,poi
,651,,,,0.0,,poi,0.0,132.7139091685388,34.40600529359964,,211.0,,2,0.8395850112000001,0.8395850112000001,poi
,652,,,,0.0,,poi,0.0,132.71399839013554,34.406034018394486,,212.0,,2,1.5392391872,1.5392391872,poi
,653,,,,0.0,,poi,0.0,132.71945484276648,34.392900328093646,,213.0,,12,2.1366362144,2.1366362144,poi
,654,,,,0.0,,poi,0.0,132.7195441195907,34.39263718188478,,214.0,,12,1.8492398067200002,1.8492398067200002,poi
,655,,,,0.0,,poi,0.0,132.7197888604955,34.39229068474646,,215.0,,12,3.2679231974400005,3.2679231974400005,poi
,656,,,,0.0,,poi,0.0,132.71964841378667,34.391901398211616,,216.0,,12,2.16031681728,2.16031681728,poi
,657,,,,0.0,,poi,0.0,132.71947339832792,34.391664630268245,,217.0,,12,0.6113901107199999,0.6113901107199999,poi
,658,,,,0.0,,poi,0.0,132.71964021979588,34.39176690415214,,218.0,,12,1.7652813056,1.7652813056,poi
,659,,,,0.0,,poi,0.0,132.7073985,34.39179585000001,,219.0,,10,1.68024641344,1.68024641344,poi
,660,,,,0.0,,poi,0.0,132.7117801,34.39175765000001,,220.0,,11,1.67701724032,1.67701724032,poi
,661,,,,0.0,,poi,0.0,132.71233049999998,34.39186184999999,,221.0,,11,1.67486445824,1.67486445824,poi
,662,,,,0.0,,poi,0.0,132.7118929,34.3926324,,222.0,,11,1.6920867148799998,1.6920867148799998,poi
,663,,,,0.0,,poi,0.0,132.71252443288392,34.39195119837574,,223.0,,11,2.81691535168,2.81691535168,poi
,664,,,,0.0,,poi,0.0,132.71457912776984,34.391694340487426,,224.0,,11,1.964413648,1.964413648,poi
,665,,,,0.0,,poi,0.0,132.7158754,34.39170185,,225.0,,11,1.9525733465600001,1.9525733465600001,poi
,666,,,,0.0,,poi,0.0,132.71728978359636,34.3918969010721,,226.0,,12,1.9568789107200002,1.9568789107200002,poi
,667,,,,0.0,,poi,0.0,132.71779940000002,34.392574200000006,,227.0,,12,1.9568789107200002,1.9568789107200002,poi
,668,,,,0.0,,poi,0.0,132.71785305,34.392707,,228.0,,12,1.9622608659200003,1.9622608659200003,poi
,669,,,,0.0,,poi,0.0,132.71735415000003,34.39337100000001,,229.0,,12,1.9568789107200002,1.9568789107200002,poi
,670,,,,0.0,,poi,0.0,132.71756335,34.39337100000001,,230.0,,12,1.964413648,1.964413648,poi
,671,,,,0.0,,poi,0.0,132.7185075,34.39229974999999,,231.0,,12,1.96333725696,1.96333725696,poi
,672,,,,0.0,,poi,0.0,132.71839484018935,34.39305226850645,,232.0,,12,1.9568789107200002,1.9568789107200002,poi
,673,,,,0.0,,poi,0.0,132.71842165000004,34.394079250000004,,233.0,,12,1.9568789107200002,1.9568789107200002,poi
,674,,,,0.0,,poi,0.0,132.71855042769542,34.39393759515983,,234.0,,12,8.28498183488,8.28498183488,poi
,675,,,,0.0,,poi,0.0,132.71774377891845,34.40104779503659,,235.0,,6,4.78348178176,4.78348178176,poi
,676,,,,0.0,,poi,0.0,132.71758157943248,34.401255356061995,,236.0,,6,4.572013998041601,1.063259069312,poi
,677,,,,0.0,,poi,0.0,132.7115820778995,34.4005564269537,,237.0,,4,4.0596410990912,0.9441025811839999,poi
,678,,,,0.0,,poi,0.0,132.71461598144572,34.396447560424825,,238.0,,8,2.2758243397824,0.529261474368,poi
,679,,,,0.0,,poi,0.0,132.71487045432494,34.396833195217155,,239.0,,8,4.3331843540864,1.007717291648,poi
,680,,,,0.0,,poi,0.0,132.71491201211228,34.40494209907813,,240.0,,5,7.780477354432,1.80941333824,poi
,681,,,,0.0,,poi,0.0,132.71039544356395,34.401163379911054,,241.0,,4,2.0772624846335996,0.483084298752,poi
,682,,,,0.0,,poi,0.0,132.71089702425445,34.404488492388964,,242.0,,4,1.695315888,1.695315888,poi
,683,,,,0.0,,poi,0.0,132.7168795946624,34.402600387068766,,243.0,,6,7.931828698566401,1.844611325248,poi
,684,,,,0.0,,poi,0.0,132.70902063032912,34.403141411359336,,244.0,,4,2.1702949622207997,0.504719758656,poi
,685,,,,0.0,,poi,0.0,132.71395489877258,34.40392785107082,,245.0,,5,22.19733602688,22.19733602688,poi
,686,,,,0.0,,poi,0.0,132.71149909127553,34.40400271220061,,246.0,,4,0.8643420051199999,0.8643420051199999,poi
,687,,,,0.0,,poi,0.0,132.7113848303793,34.40324225698235,,247.0,,4,23.182233828479998,23.182233828479998,poi
,688,,,,0.0,,poi,0.0,132.71254211742823,34.40389751577084,,248.0,,5,0.23250046464000002,0.23250046464000002,poi
,689,,,,0.0,,poi,0.0,132.70951658550732,34.403602955445514,,249.0,,4,0.7211819968,0.7211819968,poi
,690,,,,0.0,,poi,0.0,132.71052796038677,34.40356446664323,,250.0,,4,0.17114617536,0.17114617536,poi
,691,,,,0.0,,poi,0.0,132.7100001215783,34.403508861316546,,251.0,,4,0.19052121408,0.19052121408,poi
,692,,,,0.0,,poi,0.0,132.7100007058327,34.40314664481685,,252.0,,4,0.27125054208,0.27125054208,poi
,693,,,,0.0,,poi,0.0,132.71516417283524,34.40365673581503,,253.0,,5,0.15500030976,0.15500030976,poi
,694,,,,0.0,,poi,0.0,132.71544538852197,34.40374517541644,,254.0,,5,0.1722225664,0.1722225664,poi
,695,,,,0.0,,poi,0.0,132.715444119283,34.40411985788073,,255.0,,5,0.14100722624,0.14100722624,poi
,696,,,,0.0,,poi,0.0,132.7157968507847,34.40423448876334,,256.0,,5,39.42586802664321,9.168806517824,poi
,697,,,,0.0,,poi,0.0,132.71355535456385,34.40504978319103,,257.0,,5,2.2549961731584,0.524417714688,poi
,698,,,,0.0,,poi,0.0,132.7151371595848,34.4045084534799,,258.0,,5,0.47812213605759996,0.111191194432,poi
,699,,,,0.0,,poi,0.0,132.71546715990462,34.40350436054513,,259.0,,5,1.4800376800000001,1.4800376800000001,poi
,700,,,,0.0,,poi,0.0,132.7167740694213,34.40248404347059,,260.0,,5,0.83635583808,0.83635583808,poi
,701,,,,0.0,,poi,0.0,132.71687259814163,34.40247510993228,,261.0,,6,1.61458656,1.61458656,poi
,702,,,,0.0,,poi,0.0,132.71697626348995,34.40248363399741,,262.0,,6,1.22816217664,1.22816217664,poi
,703,,,,0.0,,poi,0.0,132.71713180932852,34.40248572726176,,263.0,,6,1.22923856768,1.22923856768,poi
,704,,,,0.0,,poi,0.0,132.7138493853713,34.40353657718194,,264.0,,5,17.40847228992,17.40847228992,poi
,705,,,,0.0,,poi,0.0,132.7107560372866,34.403748143420785,,265.0,,4,13.59266605312,13.59266605312,poi
,706,,,,0.0,,poi,0.0,132.7160193183929,34.40189810903684,,266.0,,5,15.446211424000001,15.446211424000001,poi
,707,,,,0.0,,poi,0.0,132.71033020144262,34.40330246042616,,267.0,,4,6.2301405756096,6.2301405756096,poi
,708,,,,0.0,,poi,0.0,132.7105447650114,34.403018879050805,,268.0,,4,,,poi
,100001,,,1.0,,,centroid node,,132.70880326315788,34.40623036842106,,,,,,,
,100002,,,2.0,,,centroid node,,132.7142539942307,34.40616735961538,,,,,,,
,100003,,,3.0,,,centroid node,,132.71702924285714,34.40634035714286,,,,,,,
,100004,,,4.0,,,centroid node,,132.7102556153846,34.40293096153846,,,,,,,
,100005,,,5.0,,,centroid node,,132.71481180294114,34.40307521911765,,,,,,,
,100006,,,6.0,,,centroid node,,132.71753188999998,34.40166947,,,,,,,
,100007,,,7.0,,,centroid node,,132.71071045625,34.39905306875,,,,,,,
,100008,,,8.0,,,centroid node,,132.71486738717948,34.39866854871796,,,,,,,
,100009,,,9.0,,,centroid node,,132.71794523333332,34.39661208333334,,,,,,,
,100010,,,10.0,,,centroid node,,132.7073985,34.3917959,,,,,,,
,100011,,,11.0,,,centroid node,,132.71358507142855,34.39268613571429,,,,,,,
,100012,,,12.0,,,centroid node,,132.71848471538462,34.39301415384615,,,,,,,
,100013,,,13.0,,,centroid node,,132.70383,34.392610000000005,,,,,,,
,100014,,,14.0,,,centroid node,,132.70383,34.39779,,,,,,,
,100015,,,15.0,,,centroid node,,132.70383,34.402969999999996,,,,,,,
,100016,,,16.0,,,centroid node,,132.70383,34.408150000000006,,,,,,,
,100017,,,17.0,,,centroid node,,132.70901,34.413329999999995,,,,,,,
,100018,,,18.0,,,centroid node,,132.71419,34.413329999999995,,,,,,,
,100019,,,19.0,,,centroid node,,132.71937,34.413329999999995,,,,,,,
,100020,,,20.0,,,centroid node,,132.72455,34.40814999999999,,,,,,,
,100021,,,21.0,,,centroid node,,132.72455,34.402969999999996,,,,,,,
,100022,,,22.0,,,centroid node,,132.72455,34.39779,,,,,,,
,100023,,,23.0,,,centroid node,,132.72455,34.39260999999999,,,,,,,
,100024,,,24.0,,,centroid node,,132.71937,34.38743,,,,,,,
,100025,,,25.0,,,centroid node,,132.71419,34.38743,,,,,,,
,100026,,,26.0,,,centroid node,,132.70901,34.38743,,,,,,,
