name,poi_id,osm_way_id,osm_relation_id,building,amenity,way,geometry,centroid,area,area_ft2,activity_zone_id
,23,371670857.0,,parking,,,"POLYGON ((132.710135 34.3983515, 132.7103093 34.3981161, 132.7109313 34.3972046, 132.7104456 34.3969921, 132.7101717 34.3970991, 132.7095508 34.3980197, 132.7095947 34.3981177, 132.710135 34.3983515))",POINT (132.7102206 34.3976496),9498.5,102241.4,7
,257,884272468.0,,parking,,,"POLYGON ((132.7127735 34.4053522, 132.7133106 34.4053497, 132.7133182 34.4052972, 132.7138016 34.4052983, 132.7138325 34.4052984, 132.7138462 34.4052671, 132.714397 34.4052646, 132.7144015 34.4048277, 132.7143863 34.4047889, 132.7139437 34.4047907, 132.71379 34.4047914, 132.7137658 34.4047827, 132.713476 34.4047839, 132.7134532 34.4048027, 132.7133455 34.4048002, 132.7133113 34.4047987, 132.7132514 34.4048002, 132.7128129 34.4047989, 132.7127537 34.4048452, 132.7127735 34.4053522))",POINT (132.7135554 34.4050498),8518.1,91688.2,5
,24,371670859.0,,parking,,,"POLYGON ((132.7131463 34.3974446, 132.7140153 34.397452, 132.7141387 34.3974268, 132.7141376 34.3968987, 132.7140485 34.3968953, 132.7140469 34.3966449, 132.7137493 34.396644, 132.7136034 34.3968319, 132.713096 34.3968245, 132.7131076 34.3974382, 132.7131463 34.3974446))",POINT (132.713639 34.3971013),7164.2,77115.2,8
???u?????????????^,10,180637804.0,,yes,,,"POLYGON ((132.7129366 34.4032361, 132.7139022 34.4032406, 132.713912 34.4028525, 132.7137949 34.4028533, 132.7137922 34.4025545, 132.7131673 34.4025567, 132.7131598 34.4028502, 132.7129366 34.4028444, 132.7129366 34.4032361))",POINT (132.7134406 34.4029315),5738.6,61769.3,5
,135,428908830.0,,yes,,,"POLYGON ((132.709382 34.4069571, 132.7101196 34.4070222, 132.7101417 34.4068524, 132.7103217 34.4068683, 132.7103776 34.4064378, 132.7094599 34.4063567, 132.709382 34.4069571))",POINT (132.7098598 34.4066829),5364.5,57742.7,1
,155,429437743.0,,parking,,,"POLYGON ((132.7092307 34.4045082, 132.7092217 34.4039017, 132.7092212 34.403868, 132.7092153 34.4034737, 132.7092141 34.4033937, 132.7087482 34.403387, 132.7087498 34.4042583, 132.7089 34.4045151, 132.7092307 34.4045082))",POINT (132.7089923 34.4039366),5215.0,56133.6,4
,26,371670861.0,,parking,,,"POLYGON ((132.7156102 34.4012948, 132.7162777 34.4012873, 132.7162945 34.4014482, 132.7163913 34.4014151, 132.7164546 34.4013842, 132.7165372 34.4013331, 132.716638 34.4012585, 132.7161292 34.4007003, 132.7155947 34.4007173, 132.7156102 34.4012948))",POINT (132.7160377 34.4010489),5022.3,54059.6,5
,12,182521008.0,,public,,,"POLYGON ((132.7119951 34.4025679, 132.7120083 34.4028425, 132.7121024 34.4029751, 132.7122526 34.4030326, 132.7123492 34.4030282, 132.7124374 34.4029975, 132.7125155 34.402953, 132.7125799 34.40286, 132.7125887 34.4028016, 132.712596 34.4027538, 132.7125906 34.4026653, 132.7125233 34.4026566, 132.7125101 34.4025369, 132.7125638 34.4025281, 132.7125236 34.4024074, 132.712473 34.4023538, 132.7123873 34.4023007, 132.7122909 34.4022778, 132.7122034 34.4023014, 132.7121325 34.4023368, 132.7120595 34.4023864, 132.7120619 34.402515, 132.7120059 34.4025281, 132.7119951 34.4025679))",POINT (132.7122897 34.4026669),3588.7,38628.7,5
,21,371670855.0,,parking,,,"POLYGON ((132.7107454 34.405418, 132.7113462 34.405418, 132.7113458 34.4051007, 132.7115588 34.4051051, 132.7115427 34.4049191, 132.7107589 34.4049176, 132.7107454 34.405418))",POINT (132.711094 34.4051514),3406.3,36665.5,4
,17,371670837.0,,parking,,,"POLYGON ((132.7148119 34.4053164, 132.7153076 34.4053145, 132.7153079 34.4053576, 132.7156609 34.4053563, 132.7156612 34.4054162, 132.7159104 34.4054153, 132.7159084 34.4050541, 132.7150785 34.4050572, 132.7150786 34.4050867, 132.7147546 34.4050879, 132.7147556 34.4052696, 132.7148119 34.4053164))",POINT (132.715389 34.4052091),3340.4,35955.6,5
,15,356928685.0,,library,,,"POLYGON ((132.7110207 34.3983964, 132.711017 34.3987295, 132.7110721 34.3987299, 132.7110701 34.3989094, 132.710978 34.3989088, 132.7109785 34.3988563, 132.710842 34.3988553, 132.7108415 34.3988925, 132.7103482 34.3988888, 132.7103518 34.3985548, 132.7104337 34.3985554, 132.7104355 34.3983921, 132.7110207 34.3983964))",POINT (132.7107044 34.3986518),3298.9,35508.5,7
,156,429437744.0,,parking,,,"POLYGON ((132.71001 34.4044626, 132.7104855 34.4044759, 132.7104881 34.4044028, 132.7106598 34.404405, 132.7106491 34.4042391, 132.7106196 34.4041793, 132.7105061 34.4040915, 132.7104881 34.4040775, 132.7103192 34.4039492, 132.7102199 34.4039027, 132.7100134 34.4038828, 132.7100144 34.4039024, 132.710016 34.4039352, 132.71001 34.4044626))",POINT (132.7102849 34.4042133),2984.5,32125.2,4
,158,450682256.0,,parking,,,"POLYGON ((132.7166847 34.3975489, 132.716415 34.3979012, 132.7162465 34.3981052, 132.7161875 34.3981515, 132.7161819 34.3982721, 132.7160695 34.398279, 132.7160948 34.3975049, 132.7165555 34.3975095, 132.7166847 34.3975489))",POINT (132.716289 34.3977886),2617.5,28174.7,8
,25,371670860.0,,parking,,,"POLYGON ((132.7152647 34.3970217, 132.7159896 34.39677, 132.7162252 34.3967143, 132.7161668 34.3965772, 132.7157942 34.3966661, 132.7155824 34.3966826, 132.7154582 34.3966872, 132.7152994 34.3966721, 132.7151022 34.3966389, 132.7152647 34.3970217))",POINT (132.7155985 34.3967743),2291.9,24669.8,8
???H?f????????,0,180570267.0,,college,,,"POLYGON ((132.7140657 34.3968623, 132.7145753 34.3968756, 132.7145914 34.39661, 132.7143124 34.3965968, 132.7143178 34.3963843, 132.7138994 34.3963843, 132.7138994 34.3965481, 132.7140657 34.3965481, 132.7140657 34.3968623))",POINT (132.7142497 34.3966418),2238.8,24098.3,8
,134,408288682.0,,parking,,,"POLYGON ((132.7091097 34.4017282, 132.7099176 34.4017195, 132.7099163 34.4016357, 132.7099506 34.4016353, 132.7099497 34.4015807, 132.7098581 34.4015817, 132.709856 34.4014467, 132.7091053 34.4014548, 132.7091097 34.4017282))",POINT (132.7095017 34.40159),2190.1,23574.4,4
,248,884272451.0,,yes,,,"POLYGON ((132.7122876 34.4041309, 132.7122891 34.4039732, 132.712374 34.4039682, 132.7123609 34.4039455, 132.7123604 34.4036577, 132.7123121 34.4036494, 132.7123103 34.403511, 132.7124957 34.4035024, 132.7124959 34.4035411, 132.71257 34.4035408, 132.7125735 34.403942, 132.7125737 34.403974, 132.7129497 34.4039673, 132.7129554 34.4041377, 132.7122876 34.4041309))",POINT (132.7125421 34.4038975),2153.7,23181.9,5
,22,371670856.0,,parking,,,"POLYGON ((132.7148799 34.4014322, 132.7154867 34.4015078, 132.7154854 34.4010582, 132.7151174 34.4010774, 132.7151149 34.4012106, 132.7149444 34.4012191, 132.7148786 34.4012212, 132.7148799 34.4014322))",POINT (132.7152262 34.401291),2124.4,22866.8,5
,246,882802910.0,,yes,,,"POLYGON ((132.710959 34.4041341, 132.710955 34.4039781, 132.7116309 34.403971, 132.711633 34.4036488, 132.7117146 34.4036506, 132.7117299 34.4036096, 132.7117706 34.4036106, 132.7117575 34.4038666, 132.7118261 34.4038666, 132.711839 34.4042454, 132.7117253 34.4042507, 132.7117296 34.4040914, 132.7117001 34.4040966, 132.7117014 34.4041331, 132.710959 34.4041341))",POINT (132.7114991 34.4040027),2062.2,22196.9,4
,64,371670908.0,,yes,,,"POLYGON ((132.7161354 34.3952536, 132.7164715 34.3952485, 132.7164586 34.3946604, 132.7161225 34.3946654, 132.7161354 34.3952536))",POINT (132.716297 34.394957),2015.3,21692.3,11
?t????????K??,33,371670870.0,,yes,,,"POLYGON ((132.7114882 34.4001568, 132.711618 34.400159, 132.7116235 34.399941, 132.7117433 34.399943, 132.7117476 34.3997702, 132.7116991 34.3997694, 132.7117136 34.399195, 132.7115017 34.3991913, 132.7115007 34.3992337, 132.7114903 34.3992335, 132.7114732 34.3999079, 132.7115274 34.3999089, 132.7115266 34.3999411, 132.7115741 34.3999419, 132.711573 34.3999848, 132.7114926 34.3999834, 132.7114882 34.4001568))",POINT (132.7115952 34.399639),2011.6,21652.3,7
???u???? ????,1,180575018.0,,college,,,"POLYGON ((132.7146291 34.402916, 132.7151821 34.402909, 132.7151852 34.4032423, 132.7149573 34.4032446, 132.7149617 34.4033511, 132.7148634 34.403353, 132.7148571 34.4032471, 132.7146291 34.4032449, 132.7146291 34.402916))",POINT (132.714907 34.4030908),1985.1,21367.6,5
,16,371670836.0,,parking,,,"POLYGON ((132.7106438 34.3983185, 132.7110828 34.3983174, 132.7110273 34.3978721, 132.7109033 34.3976931, 132.7107871 34.3978721, 132.7108245 34.3978966, 132.7108013 34.397953, 132.7107367 34.397936, 132.7106179 34.3981075, 132.7106541 34.3981555, 132.7106438 34.3983185))",POINT (132.710869 34.3980823),1913.2,20593.9,7
???????^,120,397766429.0,,yes,,,"POLYGON ((132.7091406 34.3997517, 132.7097645 34.3997358, 132.7097534 34.3994382, 132.7091295 34.3994541, 132.7091406 34.3997517))",POINT (132.709447 34.3995949),1896.0,20408.4,7
,117,397766380.0,,yes,,,"POLYGON ((132.7132955 34.3988482, 132.7133041 34.3992668, 132.7135377 34.3992636, 132.7135414 34.3994453, 132.7136783 34.3994434, 132.713666 34.398843, 132.7132955 34.3988482))",POINT (132.713502 34.3990962),1836.9,19772.2,8
,128,408288666.0,,yes,,,"POLYGON ((132.7100616 34.4049095, 132.7105604 34.4049208, 132.7105701 34.4046271, 132.7104913 34.4046253, 132.7104951 34.4045098, 132.710318 34.4045058, 132.7103149 34.404598, 132.7100722 34.4045925, 132.7100616 34.4049095))",POINT (132.7103224 34.404739),1761.2,18957.5,4
???????^,4,180591551.0,,college,,,"POLYGON ((132.7127815 34.398398, 132.713025 34.3983993, 132.713029 34.3982708, 132.7131375 34.3982711, 132.7131407 34.3981806, 132.713262 34.398181, 132.7132616 34.3979533, 132.7127826 34.3979531, 132.7127815 34.398398))",POINT (132.7129892 34.3981452),1757.7,18919.8,8
,35,371670873.0,,yes,,,"POLYGON ((132.7148445 34.3980075, 132.7148443 34.3979158, 132.7147749 34.3979159, 132.7147745 34.3977358, 132.7147984 34.3977358, 132.7147981 34.3975894, 132.7149312 34.3975892, 132.7149313 34.3976075, 132.7149759 34.3976074, 132.7149757 34.397519, 132.715682 34.397518, 132.7156822 34.3976117, 132.7156375 34.3976117, 132.7156376 34.3976554, 132.7149556 34.3976564, 132.7149559 34.3977817, 132.7150492 34.3977816, 132.7150495 34.397921, 132.7149296 34.3979212, 132.7149297 34.3979768, 132.7148675 34.3979769, 132.7148676 34.3980074, 132.7148445 34.3980075))",POINT (132.7151334 34.3976759),1739.8,18726.7,8
,244,882802906.0,,bicycle_parking,,,"POLYGON ((132.7088057 34.4033547, 132.7091963 34.4033653, 132.7092027 34.4029086, 132.7090503 34.4028307, 132.7087778 34.4031741, 132.7088057 34.4033547))",POINT (132.7090206 34.4031414),1713.7,18446.5,4
,241,882802895.0,,bicycle_parking,,,"POLYGON ((132.7101947 34.4013574, 132.7101568 34.4009837, 132.710626 34.4009807, 132.7106292 34.4012275, 132.7106296 34.4012591, 132.7105737 34.4012636, 132.7105646 34.4013618, 132.7101947 34.4013574))",POINT (132.7103954 34.4011634),1681.0,18094.1,4
,14,356928684.0,,library,,,"POLYGON ((132.713705 34.3985251, 132.7137023 34.3987884, 132.713765 34.3987888, 132.7137646 34.3988258, 132.714244 34.3988291, 132.714247 34.3985288, 132.713705 34.3985251))",POINT (132.713978 34.3986752),1634.4,17592.1,8
,265,,5519141.0,yes,,,"MULTIPOLYGON (((132.7105851 34.4039321, 132.7108965 34.4039287, 132.7108956 34.4038768, 132.7110155 34.4038755, 132.7110122 34.403673, 132.7109099 34.4036741, 132.7109078 34.4035489, 132.7106125 34.4035522, 132.7105705 34.4035526, 132.7105721 34.403627, 132.7105733 34.4037266, 132.7104995 34.4037274, 132.7105019 34.4038803, 132.7105843 34.4038794, 132.7105851 34.4039321)))",POINT (132.710756 34.4037481),1617.3,17408.5,4
??????A4??,34,371670871.0,,yes,,,"POLYGON ((132.7139942 34.3995317, 132.7139949 34.3992191, 132.7140466 34.3992192, 132.7140467 34.3991853, 132.714021 34.3991852, 132.7140211 34.3991486, 132.7136995 34.3991481, 132.7136998 34.3990137, 132.7144183 34.3990148, 132.7144182 34.3990964, 132.7143818 34.3990963, 132.7143817 34.3991508, 132.7140832 34.3991504, 132.7140831 34.3992093, 132.7141611 34.3992094, 132.7141604 34.3995319, 132.7139942 34.3995317))",POINT (132.7140619 34.399185),1539.5,16571.0,8
,73,371670924.0,,yes,,,"POLYGON ((132.7150094 34.404362, 132.7157574 34.4043578, 132.7157557 34.404158, 132.7150077 34.4041623, 132.7150094 34.404362))",POINT (132.7153826 34.40426),1518.4,16343.6,5
,151,429436394.0,,parking,,,"POLYGON ((132.7151821 34.402909, 132.7151803 34.4028153, 132.7149857 34.4026991, 132.7149092 34.402698, 132.7149096 34.4026804, 132.714866 34.4026798, 132.7148666 34.4026505, 132.7148256 34.4026368, 132.7147445 34.4026351, 132.714745 34.4026168, 132.7147091 34.4026161, 132.7147096 34.4025972, 132.7146371 34.4025958, 132.7145745 34.4025956, 132.7145747 34.4028713, 132.7145732 34.4029158, 132.7146291 34.402916, 132.7151821 34.402909))",POINT (132.7148276 34.4027853),1462.0,15737.3,5
,110,397759556.0,,yes,,,"POLYGON ((132.7096525 34.4036977, 132.710031 34.4036905, 132.7105127 34.4036972, 132.7105103 34.4036384, 132.7105079 34.4035289, 132.7100247 34.4035284, 132.709985 34.4035283, 132.7096571 34.4035279, 132.7096525 34.4036977))",POINT (132.7100821 34.4036113),1446.1,15565.4,4
,267,,12011797.0,yes,,,"MULTIPOLYGON (((132.710093 34.4032809, 132.7103902 34.4032809, 132.7103955 34.4034482, 132.7104256 34.4034465, 132.7104342 34.4034907, 132.7105002 34.4034882, 132.7105431 34.4034866, 132.7105973 34.4034845, 132.7106069 34.4034456, 132.7106305 34.4034438, 132.7106337 34.4031756, 132.7105447 34.4031783, 132.7105465 34.4031645, 132.7102504 34.4031735, 132.7099823 34.4031712, 132.709975 34.4034899, 132.7100156 34.4034892, 132.7100833 34.4034881, 132.710093 34.4032809)))",POINT (132.7103302 34.4033025),1435.0,15446.4,4
,30,371670866.0,,yes,,,"POLYGON ((132.7141133 34.4043275, 132.7142887 34.4043272, 132.7142883 34.404179, 132.7143357 34.4041789, 132.7143344 34.4037214, 132.7140797 34.4037219, 132.7140809 34.404139, 132.7141268 34.404139, 132.714127 34.404215, 132.714113 34.404215, 132.7141133 34.4043275))",POINT (132.7142081 34.4040029),1428.1,15372.0,5
??????A2??,114,397766377.0,,yes,,,"POLYGON ((132.7136417 34.4001573, 132.7144019 34.4001606, 132.7144031 34.3999764, 132.7136429 34.399973, 132.7136417 34.4001573))",POINT (132.7140224 34.4000668),1427.4,15364.9,8
,95,371670946.0,,yes,,,"POLYGON ((132.7161864 34.4051341, 132.7164499 34.405157, 132.7164357 34.4046069, 132.7161897 34.4045954, 132.716198 34.4047343, 132.7161965 34.4049227, 132.7161864 34.4051341))",POINT (132.7163188 34.4048772),1375.7,14808.4,5
???u??????????????,9,180592780.0,,college,,,"POLYGON ((132.710933 34.4004743, 132.7112226 34.4004676, 132.711228 34.4007133, 132.7112727 34.4007376, 132.7113022 34.4007686, 132.7113058 34.400804, 132.7113022 34.4008527, 132.7112843 34.4008859, 132.7112548 34.4009058, 132.7112092 34.4009147, 132.7111744 34.4009213, 132.7111288 34.4009103, 132.7110993 34.4008992, 132.7110778 34.4008837, 132.7110617 34.4008549, 132.7109303 34.4008527, 132.710933 34.4004743))",POINT (132.7111006 34.4006911),1360.4,14643.3,4
,149,429436392.0,,parking,,,"POLYGON ((132.7129366 34.4028444, 132.7128566 34.4028457, 132.7128425 34.4027537, 132.7127209 34.4025171, 132.7128079 34.402498, 132.7129347 34.4025012, 132.7129872 34.4024917, 132.7131672 34.4024935, 132.7131673 34.4025567, 132.7131598 34.4028502, 132.7129366 34.4028444))",POINT (132.7129802 34.4026593),1309.2,14092.0,5
,18,371670849.0,,parking,,,"POLYGON ((132.7123 34.3943239, 132.7127885 34.3943212, 132.7127863 34.3940597, 132.7122979 34.3940624, 132.7123 34.3943239))",POINT (132.7125432 34.3941918),1302.2,14016.3,11
,40,371670880.0,,yes,,,"POLYGON ((132.7166881 34.4012511, 132.7167853 34.4011897, 132.7160919 34.4004428, 132.715964 34.4005017, 132.7166881 34.4012511))",POINT (132.7163723 34.400836),1295.6,13945.2,5
,125,408288646.0,,yes,,,"POLYGON ((132.7158683 34.4005477, 132.715964 34.4005017, 132.7160919 34.4004428, 132.7161235 34.4004231, 132.7157999 34.4000706, 132.7155651 34.4002174, 132.7158683 34.4005477))",POINT (132.7158412 34.4003145),1292.4,13910.8,8
,108,397759548.0,,yes,,,"POLYGON ((132.7103197 34.3996061, 132.7109925 34.3996109, 132.7109944 34.399426, 132.7103217 34.3994211, 132.7103197 34.3996061))",POINT (132.710657 34.399516),1271.1,13682.0,7
????????????????????????????????,266,,6485328.0,yes,,,"MULTIPOLYGON (((132.7156449 34.4019812, 132.7160807 34.401986, 132.7160833 34.4018208, 132.7156476 34.4018161, 132.7156449 34.4019812)), ((132.7161085 34.4019863, 132.7161141 34.4017803, 132.716341 34.4017845, 132.7163373 34.4019215, 132.7163802 34.4019223, 132.7163782 34.4019955, 132.7163188 34.4019944, 132.7163181 34.4020194, 132.7162574 34.4020183, 132.7162582 34.401989, 132.7161085 34.4019863)))",POINT (132.7160193 34.4018981),1262.8,13592.2,5
,83,371670934.0,,yes,,,"POLYGON ((132.7109575 34.4035908, 132.7117 34.4035815, 132.7117228 34.4034237, 132.7109482 34.4034324, 132.7109575 34.4035908))",POINT (132.7113318 34.4035065),1222.7,13160.6,4
?????????????^,3,180591172.0,,college,,,"POLYGON ((132.7111796 34.3983806, 132.7111903 34.3979778, 132.711329 34.3979778, 132.7113352 34.3980265, 132.7113995 34.398031, 132.7115658 34.3981637, 132.7115658 34.398301, 132.711421 34.3983054, 132.7114148 34.3983851, 132.7111796 34.3983806))",POINT (132.7113437 34.3981934),1214.3,13070.5,7
,104,371670956.0,,yes,,,"POLYGON ((132.7113447 34.4063428, 132.7116885 34.4063402, 132.7116856 34.4060773, 132.7111433 34.4060814, 132.7111445 34.4061965, 132.7112476 34.4061957, 132.7112483 34.4062545, 132.7113447 34.4062538, 132.7113447 34.4063428))",POINT (132.7114525 34.4061969),1212.2,13048.4,1
?|???????^,5,180591625.0,,college,,,"POLYGON ((132.7136259 34.4016074, 132.7139665 34.4014746, 132.7138137 34.401209, 132.7137842 34.4012157, 132.7137547 34.4011625, 132.7136688 34.4011869, 132.7137028 34.4012444, 132.7135642 34.4012953, 132.7136062 34.4013706, 132.7134703 34.4014215, 132.7135391 34.4015543, 132.7135803 34.401541, 132.7136259 34.4016074))",POINT (132.7137195 34.4014044),1199.7,12913.2,5
?????????????????_?k???????` ?????????`???t?????T,121,397766430.0,,yes,,,"POLYGON ((132.7161563 34.4026347, 132.7163847 34.402633, 132.7163811 34.4023142, 132.7158105 34.4023186, 132.7158119 34.4024475, 132.7161542 34.4024449, 132.7161563 34.4026347))",POINT (132.7161606 34.4024395),1192.6,12836.7,5
,86,371670937.0,,yes,,,"POLYGON ((132.710213 34.4001427, 132.7108638 34.4001402, 132.7108527 34.399956, 132.7102085 34.3999662, 132.710213 34.4001427))",POINT (132.7105368 34.4000514),1190.5,12814.3,7
,78,371670929.0,,yes,,,"POLYGON ((132.7162091 34.4039314, 132.7166236 34.4039269, 132.7166191 34.4036472, 132.7162046 34.4036517, 132.7162091 34.4039314))",POINT (132.7164141 34.4037893),1181.3,12715.4,5
?t????????L??,144,429436384.0,,yes,,,"POLYGON ((132.7117467 34.3990784, 132.7117538 34.3988374, 132.7114482 34.3988312, 132.7114465 34.398887, 132.7113722 34.3988855, 132.7113693 34.398984, 132.7113294 34.3989832, 132.7113251 34.3991295, 132.7117068 34.3991372, 132.7117086 34.3990776, 132.7117467 34.3990784))",POINT (132.7115506 34.3989897),1159.9,12485.4,7
?????????????^,7,180591830.0,,college,,,"POLYGON ((132.7111216 34.4028468, 132.711498 34.40297, 132.7116142 34.4027073, 132.7112522 34.4025789, 132.7111216 34.4028468))",POINT (132.7113702 34.402776),1158.2,12466.3,4
?t????????C??,62,371670906.0,,yes,,,"POLYGON ((132.710512 34.3993453, 132.7108966 34.3993477, 132.7108992 34.3990664, 132.7105145 34.399064, 132.710512 34.3993453))",POINT (132.7107056 34.3992058),1103.0,11872.5,7
,68,371670914.0,,yes,,,"POLYGON ((132.7152101 34.4037115, 132.7159616 34.4037115, 132.7159616 34.4035687, 132.7152101 34.4035687, 132.7152101 34.4037115))",POINT (132.7155859 34.4036401),1095.2,11789.0,5
,20,371670854.0,,parking,,,"POLYGON ((132.7156692 34.3988769, 132.7158693 34.3989164, 132.7160151 34.3984135, 132.715815 34.398374, 132.7156692 34.3988769))",POINT (132.7158422 34.3986452),1085.7,11686.2,8
,94,371670945.0,,yes,,,"POLYGON ((132.7132887 34.4042582, 132.7139191 34.4042564, 132.7140781 34.404256, 132.7140779 34.4041883, 132.7140316 34.4041884, 132.7140224 34.4041136, 132.7132881 34.4041234, 132.7132887 34.4042582))",POINT (132.7136739 34.4041889),1076.0,11582.0,5
,44,371670884.0,,yes,,,"POLYGON ((132.7150656 34.398878, 132.7154989 34.3988764, 132.7154989 34.398639, 132.7151831 34.3986327, 132.7150642 34.3986332, 132.7150656 34.398878))",POINT (132.7152807 34.3987561),1071.9,11538.1,8
,69,371670915.0,,yes,,,"POLYGON ((132.7149706 34.4009812, 132.7151459 34.4009809, 132.7151441 34.4003887, 132.7149688 34.4003891, 132.7149706 34.4009812))",POINT (132.7150574 34.400685),1057.0,11377.2,5
???????????????????????????`?????^??,107,371670959.0,,yes,,,"POLYGON ((132.7152302 34.4017615, 132.7151161 34.4017574, 132.7151159 34.4017239, 132.7149119 34.4017247, 132.7149124 34.4018049, 132.7148755 34.4018051, 132.7148759 34.4018738, 132.7149169 34.4018736, 132.7149171 34.4019031, 132.715117 34.4019023, 132.7151168 34.4018724, 132.7152306 34.4018724, 132.7152307 34.4019227, 132.7154761 34.4019222, 132.7154754 34.401716, 132.7152301 34.4017166, 132.7152302 34.4017615))",POINT (132.715199 34.4018173),1042.8,11224.8,5
???`?????????????????g????,157,436823208.0,,yes,,,"POLYGON ((132.7123918 34.3979375, 132.712542 34.3979308, 132.7125742 34.3980636, 132.7125689 34.3983779, 132.7123462 34.3983779, 132.7123382 34.398057, 132.7123918 34.3979375))",POINT (132.7124581 34.3981635),990.5,10661.2,8
,237,679993890.0,,bicycle_parking,,,"POLYGON ((132.7114347 34.4003932, 132.7117298 34.400391, 132.7117298 34.4007185, 132.7114347 34.400723, 132.7114347 34.4003932))",POINT (132.7115821 34.4005564),987.8,10632.5,4
,82,371670933.0,,yes,,,"POLYGON ((132.7149578 34.3998355, 132.7154717 34.3998291, 132.7154682 34.399642, 132.7149543 34.3996484, 132.7149578 34.3998355))",POINT (132.715213 34.3997387),983.0,10581.4,8
,118,397766381.0,,yes,,,"POLYGON ((132.7142636 34.4013885, 132.7144307 34.4013879, 132.7144289 34.401067, 132.713977 34.4010687, 132.7139778 34.4012161, 132.7142626 34.401215, 132.7142636 34.4013885))",POINT (132.7142468 34.40119),977.5,10521.9,5
,240,882802891.0,,bicycle_parking,,,"POLYGON ((132.7147546 34.4050879, 132.714755 34.4047987, 132.7150561 34.4047881, 132.7150786 34.4050867, 132.7147546 34.4050879))",POINT (132.714912 34.4049421),936.2,10077.4,5
?????????????^,2,180590774.0,,college,,,"POLYGON ((132.7113459 34.401178, 132.7116356 34.40124, 132.7117214 34.4009302, 132.7114532 34.4008726, 132.7113459 34.401178))",POINT (132.7115384 34.4010572),935.1,10065.4,4
,133,408288679.0,,yes,,,"POLYGON ((132.7160343 34.4053672, 132.7164559 34.4053587, 132.7164499 34.405157, 132.7161864 34.4051341, 132.7160283 34.4051654, 132.7160343 34.4053672))",POINT (132.7162407 34.4052549),927.8,9986.6,5
,29,371670865.0,,yes,,,"POLYGON ((132.7109997 34.4004118, 132.7110437 34.4004119, 132.7110437 34.4004348, 132.711119 34.4004349, 132.711119 34.4003964, 132.7112111 34.4003964, 132.7112114 34.3999742, 132.7111007 34.3999741, 132.7111007 34.4000092, 132.711 34.4000092, 132.7109997 34.4004118))",POINT (132.7111063 34.4002021),912.6,9823.4,7
,111,397759568.0,,yes,,,"POLYGON ((132.7118519 34.4036126, 132.7118662 34.4032077, 132.7114296 34.4031972, 132.7114265 34.4032843, 132.7114256 34.4033103, 132.7117265 34.4033176, 132.7117228 34.4034237, 132.7117162 34.4036093, 132.7117299 34.4036096, 132.7117706 34.4036106, 132.7118519 34.4036126))",POINT (132.7117097 34.4033507),908.4,9778.1,5
,112,397759574.0,,yes,,,"POLYGON ((132.7146842 34.4038094, 132.7149436 34.4038051, 132.7149397 34.4037006, 132.7151244 34.4036899, 132.715117 34.403521, 132.7148532 34.4035235, 132.714864 34.4035772, 132.714786 34.4035778, 132.7147877 34.4036318, 132.7146834 34.403633, 132.7146842 34.4038094))",POINT (132.7148977 34.4036617),908.1,9775.1,5
,89,371670940.0,,yes,,,"POLYGON ((132.7149854 34.3981324, 132.7156931 34.3981263, 132.7156924 34.3980692, 132.7157156 34.398069, 132.7157148 34.3980034, 132.7149839 34.3980097, 132.7149854 34.3981324))",POINT (132.7153448 34.3980675),902.6,9715.8,8
?????????????^,6,180591768.0,,college,,,"POLYGON ((132.7140443 34.4028533, 132.7143233 34.4028489, 132.7143286 34.4031587, 132.7140363 34.4031609, 132.7140443 34.4028533))",POINT (132.7141833 34.4030066),899.0,9676.9,5
,70,371670916.0,,yes,,,"POLYGON ((132.7106133 34.4021736, 132.7110788 34.4021722, 132.711078 34.4019844, 132.7106125 34.4019857, 132.7106133 34.4021736))",POINT (132.7108456 34.402079),892.4,9605.7,4
??????A3??,115,397766378.0,,yes,,,"POLYGON ((132.7136366 34.3996643, 132.7143876 34.3996493, 132.7143854 34.3995347, 132.7136262 34.3995476, 132.7136366 34.3996643))",POINT (132.7140077 34.3995989),889.3,9572.1,8
?????????????????????`,98,371670949.0,,yes,,,"POLYGON ((132.7180757 34.4014249, 132.7182505 34.4013185, 132.7180362 34.4010789, 132.7177462 34.4012556, 132.7178595 34.4013822, 132.7179747 34.401312, 132.7180757 34.4014249))",POINT (132.7180054 34.4012602),888.5,9563.5,6
IDEC staff Parking Area,238,694212097.0,,parking,,,"POLYGON ((132.7146008 34.396285, 132.7146022 34.3964266, 132.7149085 34.3964293, 132.7149036 34.3965564, 132.7144111 34.3965401, 132.7144157 34.3962861, 132.7146008 34.396285))",POINT (132.714616 34.3964476),877.1,9440.8,8
,72,371670921.0,,yes,,,"POLYGON ((132.7119015 34.4053972, 132.7121397 34.4053952, 132.7121351 34.4050344, 132.711897 34.4050364, 132.7119015 34.4053972))",POINT (132.7120183 34.4052158),876.1,9430.0,5
???????????`??????????????,146,429436389.0,,yes,,,"POLYGON ((132.7133375 34.4000663, 132.7135614 34.4000671, 132.7135631 34.3996942, 132.7133393 34.3996935, 132.7133375 34.4000663))",POINT (132.7134503 34.3998803),850.8,9157.8,8
,37,371670876.0,,yes,,,"POLYGON ((132.7157171 34.4014812, 132.7162284 34.4014791, 132.7162274 34.4013169, 132.7157161 34.401319, 132.7157171 34.4014812))",POINT (132.7159722 34.401399),843.7,9081.2,5
,103,371670955.0,,yes,,,"POLYGON ((132.7119252 34.3997566, 132.7120521 34.3996173, 132.7119809 34.3995698, 132.7119809 34.3995344, 132.7120421 34.3994877, 132.7119198 34.3993611, 132.7117335 34.3994862, 132.7117289 34.3996376, 132.7119252 34.3997566))",POINT (132.7118836 34.3995607),809.3,8711.2,8
,143,429436380.0,,yes,,,"POLYGON ((132.7099489 34.4033763, 132.7095253 34.4033758, 132.7095257 34.4031553, 132.7097365 34.4031556, 132.7097364 34.4032293, 132.7098898 34.4032279, 132.7099492 34.4032295, 132.7099489 34.4033763))",POINT (132.7097163 34.4032805),794.5,8552.3,4
??????A1??,96,371670947.0,,yes,,,"POLYGON ((132.7137204 34.4006944, 132.7143939 34.4006888, 132.7143935 34.4006539, 132.71442 34.4006537, 132.7144191 34.4005763, 132.7137191 34.4005821, 132.7137204 34.4006944))",POINT (132.7140657 34.4006349),790.7,8511.2,5
,100,371670952.0,,yes,,,"POLYGON ((132.7162907 34.3974197, 132.7167336 34.3974197, 132.7167336 34.3972295, 132.7163475 34.3972295, 132.7163475 34.3973515, 132.7162907 34.3973515, 132.7162907 34.3974197))",POINT (132.7165295 34.3973277),786.7,8467.9,8
,141,429022695.0,,yes,,,"POLYGON ((132.7140041 34.4009795, 132.7144118 34.4009791, 132.7144116 34.4008295, 132.7140673 34.4008298, 132.7140672 34.4007478, 132.7139371 34.4007479, 132.7139373 34.4009014, 132.714004 34.4009013, 132.7140041 34.4009795))",POINT (132.7141643 34.4008859),778.4,8379.1,5
,172,609907842.0,,yes,,,"POLYGON ((132.7093669 34.405882, 132.7094331 34.4056924, 132.7098013 34.4057799, 132.7097352 34.4059695, 132.7093669 34.405882))",POINT (132.7095841 34.405831),772.4,8313.5,1
,235,636536288.0,,yes,,,"POLYGON ((132.7176079 34.4009903, 132.7175284 34.4010367, 132.7175995 34.4011227, 132.7176786 34.4012184, 132.7179689 34.4010532, 132.7177908 34.400879, 132.7176079 34.4009903))",POINT (132.7177438 34.4010478),769.7,8284.8,6
?????^,90,371670941.0,,yes,,,"POLYGON ((132.7102339 34.4023741, 132.710464 34.40237, 132.7104605 34.4022375, 132.7104573 34.402117, 132.7101555 34.4021224, 132.7101612 34.4023383, 132.7102329 34.402337, 132.7102339 34.4023741))",POINT (132.7103138 34.4022422),751.3,8086.6,4
,36,371670874.0,,yes,,,"POLYGON ((132.7093917 34.3987076, 132.7098359 34.398829, 132.7098954 34.3986809, 132.7094512 34.3985594, 132.7093917 34.3987076))",POINT (132.7096435 34.3986942),743.4,8001.6,7
,154,429437398.0,,yes,,,"POLYGON ((132.714914 34.3991435, 132.7153719 34.3991402, 132.7153703 34.398982, 132.7149123 34.3989853, 132.714914 34.3991435))",POINT (132.7151421 34.3990627),738.9,7953.7,8
,113,397766360.0,,yes,,,"POLYGON ((132.7110706 34.399951, 132.7111979 34.3999517, 132.7112015 34.3995276, 132.7110741 34.3995269, 132.7110726 34.3997048, 132.7109862 34.3997043, 132.7109844 34.3999082, 132.711071 34.3999087, 132.7110706 34.399951))",POINT (132.7111096 34.3997558),729.9,7856.4,7
???i???????{????,123,397766446.0,,yes,,,"POLYGON ((132.7096644 34.4023001, 132.7099043 34.4023036, 132.7099105 34.4020133, 132.7096706 34.4020098, 132.7096644 34.4023001))",POINT (132.7097874 34.4021567),708.6,7627.7,4
,177,609925145.0,,yes,,,"POLYGON ((132.7153001 34.406832, 132.7152493 34.4068988, 132.7146653 34.406597, 132.7148098 34.4064066, 132.7148971 34.4064517, 132.7148033 34.4065753, 132.7153001 34.406832))",POINT (132.7149445 34.4066661),707.6,7616.1,2
,19,371670852.0,,parking,,,"POLYGON ((132.7144246 34.401875, 132.7147182 34.4018674, 132.7147093 34.4016326, 132.7144244 34.40164, 132.7144246 34.401875))",POINT (132.7145691 34.4017543),691.9,7447.8,5
,99,371670951.0,,yes,,,"POLYGON ((132.7109928 34.4033066, 132.7113455 34.4033012, 132.7113431 34.4031939, 132.7113418 34.4031388, 132.7112821 34.4031397, 132.7112814 34.4031061, 132.7109883 34.4031106, 132.7109928 34.4033066))",POINT (132.7111626 34.4032084),683.3,7355.2,4
,67,371670911.0,,yes,,,"POLYGON ((132.709427 34.3992015, 132.7098712 34.3991972, 132.7098691 34.3990486, 132.7094249 34.3990529, 132.709427 34.3992015))",POINT (132.7096481 34.3991251),673.3,7247.3,7
???`?????????????????g????,74,371670925.0,,yes,,,"POLYGON ((132.7113952 34.3978922, 132.711576 34.3978935, 132.7115798 34.3975291, 132.7113991 34.3975278, 132.7113952 34.3978922))",POINT (132.7114875 34.3977107),671.5,7228.1,7
,28,371670864.0,,yes,,,"POLYGON ((132.7145361 34.398141, 132.7145656 34.398141, 132.7145656 34.3981812, 132.7149307 34.3981813, 132.7149308 34.3980075, 132.7148676 34.3980074, 132.7148445 34.3980075, 132.7145651 34.3980074, 132.7145651 34.3980637, 132.7145361 34.3980637, 132.7145361 34.398141))",POINT (132.7147413 34.3980946),670.4,7216.0,8
,32,371670868.0,,yes,,,"POLYGON ((132.7151984 34.3995309, 132.7154251 34.3995287, 132.7154239 34.399446, 132.7154749 34.3994455, 132.7154718 34.3992348, 132.7153835 34.3992357, 132.715386 34.3994026, 132.715334 34.3994031, 132.7153315 34.3992296, 132.7152647 34.3992303, 132.7152657 34.3992978, 132.715195 34.3992985, 132.7151984 34.3995309))",POINT (132.7153312 34.3993912),661.2,7117.4,8
,106,371670958.0,,yes,,,"POLYGON ((132.7139999 34.4005536, 132.714187 34.4005515, 132.714182 34.4002495, 132.7140973 34.4002504, 132.7140961 34.4001783, 132.7140393 34.4001789, 132.7140406 34.4002603, 132.7139831 34.400261, 132.7139999 34.4005536))",POINT (132.7140872 34.4003889),631.4,6796.4,5
,153,429437397.0,,yes,,,"POLYGON ((132.7149047 34.3995429, 132.715073 34.3995413, 132.7150721 34.3994784, 132.7151241 34.3994779, 132.7151226 34.3993703, 132.7150684 34.3993708, 132.7150662 34.3992072, 132.7149001 34.3992087, 132.7149047 34.3995429))",POINT (132.7149961 34.39938),627.7,6756.3,8
,116,397766379.0,,yes,,,"POLYGON ((132.7139321 34.3999497, 132.7141695 34.3999507, 132.7141709 34.3996924, 132.7139335 34.3996914, 132.7139321 34.3999497))",POINT (132.7140515 34.399821),627.1,6750.1,8
,92,371670943.0,,yes,,,"POLYGON ((132.715893 34.4049211, 132.7161965 34.4049227, 132.716198 34.4047343, 132.7158725 34.4047325, 132.7158712 34.4048857, 132.7158933 34.4048858, 132.715893 34.4049211))",POINT (132.7160364 34.4048266),617.1,6642.7,5
???u???????????????????`,8,180592315.0,,college,,,"POLYGON ((132.7108418 34.4012201, 132.7111895 34.4012179, 132.7111878 34.4010519, 132.7108364 34.4010452, 132.7108418 34.4012201))",POINT (132.7110124 34.4011336),607.5,6539.4,4
,137,429022668.0,,yes,,,"POLYGON ((132.7153581 34.4046092, 132.7156498 34.4046085, 132.7156494 34.4044629, 132.7155536 34.4044631, 132.7155533 34.404377, 132.7153574 34.4043774, 132.7153581 34.4046092))",POINT (132.71549 34.4045031),604.6,6508.2,5
,52,371670893.0,,yes,,,"POLYGON ((132.715351 34.40409, 132.7155352 34.4040908, 132.7155405 34.4037821, 132.7153434 34.4037776, 132.715351 34.40409))",POINT (132.7154423 34.4039334),602.9,6489.0,5
?????????????????_?k???????` ?z?????g?Y???T,122,397766431.0,,yes,,,"POLYGON ((132.7156363 34.4022202, 132.7160963 34.4022096, 132.7160921 34.4020848, 132.7156321 34.4020954, 132.7156363 34.4022202))",POINT (132.7158642 34.4021525),584.2,6288.5,5
,109,397759549.0,,yes,,,"POLYGON ((132.710635 34.3999149, 132.7108528 34.3999131, 132.7108498 34.3996598, 132.7106319 34.3996616, 132.710635 34.3999149))",POINT (132.7107424 34.3997873),562.1,6050.0,7
,61,371670904.0,,yes,,,"POLYGON ((132.7151729 34.4000484, 132.7154834 34.4000484, 132.715482 34.3998728, 132.7151729 34.399875, 132.7151729 34.4000484))",POINT (132.7153281 34.3999612),550.5,5925.7,8
?b???????B?????????` (???b?I???????????T) ?????????`???????????????????`????????,140,429022686.0,,yes,,,"POLYGON ((132.7171336 34.4009624, 132.7173712 34.400827, 132.717249 34.400681, 132.7170114 34.4008163, 132.7171336 34.4009624))",POINT (132.7171913 34.4008217),520.6,5604.0,6
,101,371670953.0,,yes,,,"POLYGON ((132.7099812 34.4031201, 132.7101061 34.4031209, 132.7101078 34.4029227, 132.709819 34.402921, 132.7098176 34.4030779, 132.7099815 34.4030788, 132.7099812 34.4031201))",POINT (132.709971 34.4030105),515.2,5545.4,4
,47,371670888.0,,yes,,,"POLYGON ((132.71583 34.4046488, 132.7159922 34.4046523, 132.7160029 34.4043592, 132.71583 34.4043601, 132.71583 34.4046488))",POINT (132.715914 34.4045036),496.7,5346.7,5
,268,,12011798.0,college,,,"MULTIPOLYGON (((132.7105426 34.4028755, 132.7107127 34.4030104, 132.7105465 34.4031645, 132.710377 34.4030229, 132.7105426 34.4028755)))",POINT (132.7105448 34.4030189),494.7,5324.7,4
,239,694212207.0,,bicycle_parking,,,"POLYGON ((132.714732 34.396922, 132.7150133 34.3969176, 132.7150063 34.3967439, 132.7147302 34.3967482, 132.714732 34.396922))",POINT (132.7148705 34.3968332),491.7,5292.8,8
,258,884592027.0,,bicycle_parking,,,"POLYGON ((132.7149738 34.4045813, 132.7153004 34.4045813, 132.7153058 34.4044384, 132.714972 34.4044339, 132.7149738 34.4045813))",POINT (132.7151372 34.4045085),487.2,5243.7,5
,39,371670878.0,,yes,,,"POLYGON ((132.715842 34.4043133, 132.7161873 34.4043127, 132.7161907 34.4041766, 132.715841 34.4041737, 132.715842 34.4043133))",POINT (132.7160145 34.4042439),486.5,5236.5,5
,129,408288667.0,,yes,,,"POLYGON ((132.7113455 34.4054297, 132.7115405 34.4054311, 132.7115417 34.4053239, 132.7114878 34.4053235, 132.7114898 34.4051425, 132.7113487 34.4051415, 132.7113455 34.4054297))",POINT (132.7114297 34.4052975),473.3,5094.2,4
,119,397766382.0,,yes,,,"POLYGON ((132.7180414 34.3970889, 132.7181929 34.3971598, 132.7183524 34.396928, 132.7182009 34.396857, 132.7180414 34.3970889))",POINT (132.7181969 34.3970084),472.6,5086.7,9
,245,882802907.0,,bicycle_parking,,,"POLYGON ((132.713892 34.4041133, 132.7140224 34.4041136, 132.7140085 34.4037333, 132.7138966 34.4037318, 132.713892 34.4041133))",POINT (132.7139549 34.4039279),468.9,5047.4,5
,147,429436390.0,,yes,,,"POLYGON ((132.7106335 34.402367, 132.7106576 34.4023792, 132.7108988 34.4023795, 132.710899 34.4022851, 132.710959 34.4022851, 132.7109591 34.4022207, 132.7106338 34.4022203, 132.7106335 34.402367))",POINT (132.7107804 34.4022957),468.4,5042.3,4
,145,429436388.0,,yes,,,"POLYGON ((132.7179059 34.3946639, 132.7183865 34.3947575, 132.7184115 34.3946699, 132.717931 34.3945762, 132.7179059 34.3946639))",POINT (132.7181587 34.3946669),452.7,4872.4,12
,179,609925150.0,,yes,,,"POLYGON ((132.7145311 34.4065575, 132.7144732 34.4066317, 132.7140513 34.4064079, 132.7141092 34.4063336, 132.7145311 34.4065575))",POINT (132.7142912 34.4064827),451.8,4863.2,2
,242,882802896.0,,bicycle_parking,,,"POLYGON ((132.7108401 34.404675, 132.7109615 34.4046737, 132.7109509 34.4042994, 132.7108356 34.4042994, 132.7108401 34.404675))",POINT (132.710897 34.4044885),448.8,4830.6,4
,138,429022670.0,,yes,,,"POLYGON ((132.7165169 34.4046597, 132.7166186 34.4046604, 132.7166205 34.4044485, 132.7167323 34.4044492, 132.7167333 34.4043439, 132.7165199 34.4043426, 132.7165169 34.4046597))",POINT (132.716598 34.4044733),448.1,4823.6,5
,236,636536289.0,,yes,,,"POLYGON ((132.7175995 34.4011227, 132.7174233 34.4012102, 132.7175484 34.4013754, 132.7175885 34.4013506, 132.7176185 34.4013712, 132.7177386 34.4013052, 132.7175995 34.4011227))",POINT (132.7175816 34.4012554),444.4,4783.5,6
,195,609927005.0,,yes,,,"POLYGON ((132.7168256 34.4067818, 132.716715 34.4068054, 132.7166082 34.4064648, 132.716655 34.4064548, 132.7166437 34.4064185, 132.7167074 34.4064049, 132.7168256 34.4067818))",POINT (132.7167148 34.4066121),435.7,4690.0,2
,152,429437396.0,,yes,,,"POLYGON ((132.7176079 34.4009903, 132.7177908 34.400879, 132.7176575 34.4007298, 132.7174746 34.400841, 132.7176079 34.4009903))",POINT (132.7176327 34.40086),428.7,4614.5,6
,142,429022697.0,,yes,,,"POLYGON ((132.7133573 34.4007437, 132.7136852 34.4007493, 132.7136863 34.4007048, 132.713621 34.4007037, 132.7136236 34.4006002, 132.713361 34.4005958, 132.7133573 34.4007437))",POINT (132.7135018 34.4006758),425.4,4579.4,5
,102,371670954.0,,yes,,,"POLYGON ((132.7119087 34.4062606, 132.7119892 34.4062558, 132.711994 34.4063033, 132.7120638 34.4062985, 132.7120591 34.4062517, 132.7122477 34.4062404, 132.7122378 34.4061277, 132.7118989 34.4061479, 132.7119087 34.4062606))",POINT (132.7120696 34.4062008),425.3,4577.6,2
,97,371670948.0,,yes,,,"POLYGON ((132.7165461 34.3966728, 132.7167729 34.3966704, 132.7167733 34.3966988, 132.7169256 34.3966972, 132.7169236 34.3965701, 132.7165445 34.3965741, 132.7165461 34.3966728))",POINT (132.7167467 34.3966279),424.4,4568.3,8
,105,371670957.0,,yes,,,"POLYGON ((132.713159 34.4063652, 132.7133968 34.4064817, 132.7133685 34.4065211, 132.7134261 34.4065494, 132.7134516 34.406514, 132.713477 34.4065264, 132.7135412 34.4064371, 132.7132204 34.4062799, 132.713159 34.4063652))",POINT (132.7133552 34.4064103),409.8,4411.2,2
,150,429436393.0,,parking,,,"POLYGON ((132.713912 34.4028525, 132.7139089 34.402515, 132.7137919 34.4025157, 132.7137922 34.4025545, 132.7137949 34.4028533, 132.713912 34.4028525))",POINT (132.7138519 34.4026841),402.5,4332.5,5
,167,609907837.0,,yes,,,"POLYGON ((132.7087438 34.4063918, 132.7089141 34.4060893, 132.7090215 34.4061305, 132.7088512 34.406433, 132.7087438 34.4063918))",POINT (132.7088827 34.4062611),401.7,4323.6,1
,182,609925153.0,,yes,,,"POLYGON ((132.714644 34.4061839, 132.7145616 34.4062353, 132.7144439 34.4061072, 132.714262 34.4061428, 132.7142385 34.4060612, 132.7144866 34.4060126, 132.714644 34.4061839))",POINT (132.7144488 34.4061065),387.5,4170.7,2
,173,609925137.0,,yes,,,"POLYGON ((132.7160519 34.4067327, 132.7159112 34.4066816, 132.7160288 34.4064611, 132.7161695 34.4065122, 132.7160519 34.4067327))",POINT (132.7160403 34.4065969),378.9,4078.1,2
,124,397766448.0,,yes,,,"POLYGON ((132.7093998 34.4023054, 132.7095938 34.4023123, 132.7096037 34.4021238, 132.7094096 34.4021168, 132.7093998 34.4023054))",POINT (132.7095017 34.4022146),372.6,4011.2,4
,13,182521177.0,,public_building,,,"POLYGON ((132.7134594 34.4035242, 132.713403 34.403533, 132.7133655 34.4035574, 132.7133494 34.403595, 132.7133467 34.403637, 132.7133682 34.4036724, 132.7134111 34.4036879, 132.7134379 34.4036968, 132.7134755 34.4036968, 132.7135264 34.4036857, 132.7135666 34.4036746, 132.7135854 34.4036547, 132.7136069 34.403626, 132.7136015 34.4035928, 132.7135787 34.4035596, 132.7135506 34.4035308, 132.7135237 34.4035197, 132.7134594 34.4035242))",POINT (132.7134738 34.4036092),369.8,3980.4,5
,41,371670881.0,,yes,,,"POLYGON ((132.7147668 34.4040522, 132.7149467 34.4040527, 132.7149476 34.4038531, 132.7147677 34.4038525, 132.7147668 34.4040522))",POINT (132.7148572 34.4039526),366.6,3945.9,5
,81,371670932.0,,yes,,,"POLYGON ((132.7153074 34.4008131, 132.7153886 34.4008138, 132.7153941 34.4003708, 132.7153128 34.4003701, 132.7153074 34.4008131))",POINT (132.7153507 34.4005919),366.2,3941.6,5
,176,609925141.0,,yes,,,"POLYGON ((132.7151926 34.4063488, 132.7149702 34.4063554, 132.7149659 34.4062559, 132.7150594 34.4062531, 132.7150549 34.4061503, 132.7151838 34.4061465, 132.7151926 34.4063488))",POINT (132.7150951 34.4062639),361.7,3893.4,2
,27,371670863.0,,yes,,,"POLYGON ((132.7122526 34.4060231, 132.7123642 34.4060179, 132.7123605 34.4059643, 132.7124734 34.405959, 132.7124706 34.4059184, 132.7124487 34.4059194, 132.7124443 34.4058552, 132.7121779 34.4058677, 132.7121853 34.4059749, 132.712249 34.4059719, 132.7122526 34.4060231))",POINT (132.7123166 34.4059284),356.6,3838.2,2
,180,609925151.0,,yes,,,"POLYGON ((132.7145929 34.4064553, 132.7145377 34.4065229, 132.7141741 34.4063207, 132.714251 34.4062653, 132.7145929 34.4064553))",POINT (132.7143886 34.4063914),352.7,3796.3,2
,181,609925152.0,,yes,,,"POLYGON ((132.7147396 34.406275, 132.7146171 34.4064214, 132.7143659 34.4062784, 132.7144211 34.4062124, 132.7146008 34.4063147, 132.7146681 34.4062343, 132.7147396 34.406275))",POINT (132.714558 34.4063112),337.3,3631.1,2
,66,371670910.0,,yes,,,"POLYGON ((132.7161549 34.4044974, 132.7163868 34.4044989, 132.7163881 34.4043622, 132.7161562 34.4043607, 132.7161549 34.4044974))",POINT (132.7162715 34.4044298),322.7,3473.8,5
,79,371670930.0,,yes,,,"POLYGON ((132.7178988 34.3948053, 132.718369 34.3949078, 132.7183891 34.3948449, 132.7179189 34.3947425, 132.7178988 34.3948053))",POINT (132.718144 34.3948251),320.7,3451.7,12
,207,609927020.0,,yes,,,"POLYGON ((132.7145734 34.4058376, 132.7145797 34.4057575, 132.7149694 34.4057784, 132.7149631 34.4058585, 132.7145734 34.4058376))",POINT (132.7147714 34.405808),318.2,3425.5,2
,131,408288677.0,,yes,,,"POLYGON ((132.7168082 34.4067031, 132.716894 34.4066851, 132.7167898 34.4063468, 132.716704 34.4063648, 132.7168082 34.4067031))",POINT (132.716799 34.4065249),315.4,3395.5,3
,48,371670889.0,,yes,,,"POLYGON ((132.7156016 34.3994473, 132.7157432 34.3994461, 132.7157405 34.3992344, 132.7155989 34.3992356, 132.7156016 34.3994473))",POINT (132.7156711 34.3993408),306.1,3294.4,8
,216,609933273.0,,yes,,,"POLYGON ((132.7194982 34.3918081, 132.7198353 34.3919185, 132.7197987 34.3919947, 132.7194615 34.3918843, 132.7194982 34.3918081))",POINT (132.7196484 34.3919014),303.6,3267.9,12
,53,371670894.0,,yes,,,"POLYGON ((132.7156227 34.3997396, 132.715766 34.3997347, 132.7157556 34.3995312, 132.7156124 34.3995362, 132.7156227 34.3997396))",POINT (132.7156892 34.3996354),297.1,3197.5,8
,46,371670887.0,,yes,,,"POLYGON ((132.7166875 34.4039254, 132.7168318 34.4039263, 132.7168336 34.4037259, 132.7166893 34.403725, 132.7166875 34.4039254))",POINT (132.7167606 34.4038257),294.2,3166.4,5
,58,371670901.0,,yes,,,"POLYGON ((132.7156176 34.39999, 132.7157807 34.3999974, 132.7157923 34.3998227, 132.7156292 34.3998153, 132.7156176 34.39999))",POINT (132.715705 34.3999063),290.3,3124.8,8
,91,371670942.0,,yes,,,"POLYGON ((132.7148385 34.4043335, 132.7148961 34.4043344, 132.7149019 34.4040904, 132.7147821 34.4040884, 132.7147768 34.40431, 132.714839 34.404311, 132.7148385 34.4043335))",POINT (132.7148407 34.4042059),283.1,3047.0,5
,88,371670939.0,,yes,,,"POLYGON ((132.7165193 34.4018303, 132.7167356 34.4018346, 132.7167393 34.4017072, 132.716523 34.4017029, 132.7165193 34.4018303))",POINT (132.7166293 34.4017688),281.8,3032.9,5
,75,371670926.0,,yes,,,"POLYGON ((132.715397 34.3979226, 132.7156243 34.3979237, 132.7156251 34.3978026, 132.7153979 34.3978015, 132.715397 34.3979226))",POINT (132.7155111 34.3978626),280.1,3014.6,8
,170,609907840.0,,yes,,,"POLYGON ((132.7085374 34.4059122, 132.7085815 34.405839, 132.7088812 34.405962, 132.7088371 34.4060352, 132.7085374 34.4059122))",POINT (132.7087093 34.4059371),279.8,3011.9,1
,168,609907838.0,,yes,,,"POLYGON ((132.7083452 34.4062144, 132.7083893 34.4061412, 132.708689 34.4062643, 132.7086449 34.4063374, 132.7083452 34.4062144))",POINT (132.7085171 34.4062393),278.6,2999.3,1
,169,609907839.0,,yes,,,"POLYGON ((132.708402 34.4060461, 132.7084461 34.405973, 132.7087459 34.406096, 132.7087018 34.4061692, 132.708402 34.4060461))",POINT (132.708574 34.4060711),278.2,2994.9,1
,136,428910672.0,,yes,,,"POLYGON ((132.7123193 34.4062895, 132.7124386 34.4063478, 132.7125591 34.40618, 132.7124397 34.4061217, 132.7123193 34.4062895))",POINT (132.7124392 34.4062347),276.8,2978.9,2
,139,429022672.0,,yes,,,"POLYGON ((132.7158441 34.4041419, 132.7161283 34.4041344, 132.7161246 34.4040393, 132.7158404 34.4040468, 132.7158441 34.4041419))",POINT (132.7159843 34.4040906),276.2,2972.8,5
,224,610829837.0,,yes,,,"POLYGON ((132.7145231 34.3915986, 132.7146685 34.3916178, 132.7146351 34.3917901, 132.7144898 34.3917709, 132.7145231 34.3915986))",POINT (132.7145791 34.3916943),261.7,2816.9,11
,43,371670883.0,,yes,,,"POLYGON ((132.7156162 34.3991542, 132.7157505 34.3991524, 132.7157469 34.3989686, 132.7156126 34.3989704, 132.7156162 34.3991542))",POINT (132.7156815 34.3990614),251.8,2710.1,8
,185,609925156.0,,yes,,,"POLYGON ((132.7135295 34.4058579, 132.7133668 34.4060089, 132.7132786 34.4059443, 132.7134413 34.4057933, 132.7135295 34.4058579))",POINT (132.713404 34.4059011),242.2,2607.1,2
,205,609927018.0,,yes,,,"POLYGON ((132.7147041 34.4060701, 132.7146793 34.4059697, 132.7148954 34.4059333, 132.7149202 34.4060337, 132.7147041 34.4060701))",POINT (132.7147997 34.4060017),231.2,2488.6,2
,166,609907836.0,,yes,,,"POLYGON ((132.7088434 34.4066115, 132.7089347 34.4064293, 132.70904 34.4064652, 132.7089486 34.4066474, 132.7088434 34.4066115))",POINT (132.7089417 34.4065383),226.7,2440.0,1
,93,371670944.0,,yes,,,"POLYGON ((132.7180518 34.3942648, 132.7182719 34.394303, 132.7182859 34.3942484, 132.7182507 34.3942423, 132.7182626 34.3941957, 132.7180776 34.3941636, 132.7180518 34.3942648))",POINT (132.7181669 34.3942342),219.4,2361.9,12
,126,408288647.0,,yes,,,"POLYGON ((132.7155773 34.4006956, 132.7157847 34.4006983, 132.7157866 34.400599, 132.7155792 34.4005963, 132.7155773 34.4006956))",POINT (132.715682 34.4006473),209.6,2256.1,5
,193,609925169.0,,yes,,,"POLYGON ((132.7106569 34.406088, 132.7105417 34.4060866, 132.7105448 34.4059134, 132.7106601 34.4059148, 132.7106569 34.406088))",POINT (132.7106009 34.4060007),204.1,2196.9,1
,194,609925170.0,,yes,,,"POLYGON ((132.7105985 34.4063924, 132.7104833 34.406391, 132.7104864 34.4062178, 132.7106016 34.4062192, 132.7105985 34.4063924))",POINT (132.7105425 34.4063051),203.6,2191.3,1
,71,371670919.0,,yes,,,"POLYGON ((132.714096 34.3919149, 132.7141339 34.3920115, 132.7143201 34.3919618, 132.7142823 34.3918651, 132.714096 34.3919149))",POINT (132.7142081 34.3919383),202.2,2176.7,11
,217,609933281.0,,yes,,,"POLYGON ((132.7193795 34.3915842, 132.7195893 34.3916547, 132.7195444 34.3917456, 132.7193947 34.3916953, 132.7194127 34.3916589, 132.7193526 34.3916387, 132.7193795 34.3915842))",POINT (132.7194734 34.3916646),200.7,2160.5,12
,214,609933235.0,,yes,,,"POLYGON ((132.7194527 34.3925662, 132.7196692 34.3926279, 132.7196355 34.3927082, 132.719419 34.3926464, 132.7194527 34.3925662))",POINT (132.7195441 34.3926372),198.5,2136.6,12
,49,371670890.0,,yes,,,"POLYGON ((132.7151099 34.398604, 132.7151801 34.3986043, 132.7151822 34.3983279, 132.7151118 34.3983275, 132.7151099 34.398604))",POINT (132.715146 34.3984659),197.7,2128.0,8
,55,371670898.0,,yes,,,"POLYGON ((132.7170459 34.3966488, 132.7170481 34.3967113, 132.717358 34.3967038, 132.7173558 34.3966413, 132.7170459 34.3966488))",POINT (132.717202 34.3966763),197.5,2126.4,9
,199,609927012.0,,yes,,,"POLYGON ((132.71564 34.4058552, 132.7156643 34.4057709, 132.7158717 34.4058116, 132.7158473 34.405896, 132.71564 34.4058552))",POINT (132.7157558 34.4058334),188.6,2030.0,2
,209,609927022.0,,yes,,,"POLYGON ((132.7139518 34.405867, 132.7139388 34.4057503, 132.7140116 34.4057447, 132.7140172 34.4057958, 132.7141406 34.4058276, 132.7141102 34.4059078, 132.7139518 34.405867))",POINT (132.7140279 34.4058315),188.4,2028.1,2
,60,371670903.0,,yes,,,"POLYGON ((132.7172432 34.3966101, 132.717337 34.3966083, 132.7173315 34.3964132, 132.7172378 34.396415, 132.7172432 34.3966101))",POINT (132.7172874 34.3965117),185.9,2000.6,9
,225,610829839.0,,yes,,,"POLYGON ((132.7158019 34.3916387, 132.7159691 34.3916607, 132.7159489 34.391765, 132.7157817 34.391743, 132.7158019 34.3916387))",POINT (132.7158754 34.3917018),182.5,1964.4,11
,231,610829846.0,,yes,,,"POLYGON ((132.718434 34.3922366, 132.7186012 34.3922586, 132.718581 34.3923629, 132.7184138 34.3923409, 132.718434 34.3922366))",POINT (132.7185075 34.3922997),182.5,1964.4,12
,232,610829847.0,,yes,,,"POLYGON ((132.718344 34.3929754, 132.7184983 34.3930329, 132.7184457 34.3931291, 132.7182914 34.3930717, 132.718344 34.3929754))",POINT (132.7183948 34.3930523),182.4,1963.8,12
,229,610829844.0,,yes,,,"POLYGON ((132.7172806 34.3933079, 132.7174478 34.3933299, 132.7174277 34.3934341, 132.7172605 34.3934121, 132.7172806 34.3933079))",POINT (132.7173542 34.393371),182.3,1962.0,12
,227,610829842.0,,yes,,,"POLYGON ((132.7177259 34.3925111, 132.7178931 34.3925331, 132.7178729 34.3926373, 132.7177057 34.3926153, 132.7177259 34.3925111))",POINT (132.7177994 34.3925742),181.8,1957.1,12
,228,610829843.0,,yes,,,"POLYGON ((132.7177795 34.3926439, 132.7179467 34.3926659, 132.7179266 34.3927701, 132.7177594 34.3927481, 132.7177795 34.3926439))",POINT (132.7178531 34.392707),181.8,1957.1,12
,230,610829845.0,,yes,,,"POLYGON ((132.7174898 34.3933079, 132.717657 34.3933299, 132.7176369 34.3934341, 132.7174697 34.3934121, 132.7174898 34.3933079))",POINT (132.7175634 34.393371),181.8,1957.1,12
,233,610829848.0,,yes,,,"POLYGON ((132.7183481 34.3940161, 132.7185153 34.3940381, 132.7184952 34.3941424, 132.718328 34.3941204, 132.7183481 34.3940161))",POINT (132.7184217 34.3940793),181.8,1957.1,12
,234,610829849.0,,yes,,,"POLYGON ((132.7184769 34.3938745, 132.7186441 34.3938965, 132.7186239 34.3940007, 132.7184568 34.3939787, 132.7184769 34.3938745))",POINT (132.7185504 34.3939376),181.8,1957.1,12
,163,609907825.0,,yes,,,"POLYGON ((132.7076751 34.4065401, 132.7077227 34.406392, 132.7078348 34.4064165, 132.7077873 34.4065646, 132.7076751 34.4065401))",POINT (132.707755 34.4064783),181.5,1954.0,1
,226,610829841.0,,yes,,,"POLYGON ((132.7172687 34.3918111, 132.7173956 34.3919036, 132.7173108 34.3919827, 132.717184 34.3918902, 132.7172687 34.3918111))",POINT (132.7172898 34.3918969),181.4,1953.1,12
,206,609927019.0,,yes,,,"POLYGON ((132.7149622 34.4059408, 132.7150289 34.4058959, 132.7151792 34.406048, 132.7151124 34.4060929, 132.7149622 34.4059408))",POINT (132.7150707 34.4059944),172.2,1853.4,2
,215,609933271.0,,yes,,,"POLYGON ((132.7197409 34.3922081, 132.7198984 34.3923054, 132.7198368 34.3923733, 132.7196793 34.3922759, 132.7197409 34.3922081))",POINT (132.7197889 34.3922907),171.8,1848.8,12
,171,609907841.0,,yes,,,"POLYGON ((132.709005 34.4063051, 132.7090265 34.4062241, 132.7092242 34.4062597, 132.7092028 34.4063407, 132.709005 34.4063051))",POINT (132.7091146 34.4062824),171.6,1847.1,1
,192,609925168.0,,yes,,,"POLYGON ((132.712055 34.4060081, 132.7118726 34.406031, 132.7118559 34.4059406, 132.7120383 34.4059176, 132.712055 34.4060081))",POINT (132.7119555 34.4059743),171.5,1846.3,2
,45,371670885.0,,yes,,,"POLYGON ((132.7123416 34.4054537, 132.7124923 34.4054537, 132.7124923 34.4053423, 132.7123416 34.4053423, 132.7123416 34.4054537))",POINT (132.712417 34.405398),171.1,1841.9,5
,178,609925148.0,,yes,,,"POLYGON ((132.7140844 34.4064795, 132.7139961 34.4066059, 132.7138986 34.4065596, 132.7139869 34.4064332, 132.7140844 34.4064795))",POINT (132.7139915 34.4065195),165.9,1785.8,2
,77,371670928.0,,yes,,,"POLYGON ((132.7145016 34.4004596, 132.7146114 34.4004616, 132.7146152 34.4003146, 132.7145055 34.4003126, 132.7145016 34.4004596))",POINT (132.7145584 34.4003871),164.7,1772.7,5
,219,610829806.0,,yes,,,"POLYGON ((132.7073134 34.3918368, 132.7073476 34.3917262, 132.7074836 34.3917549, 132.7074494 34.3918655, 132.7073134 34.3918368))",POINT (132.7073985 34.3917959),164.0,1765.2,10
,132,408288678.0,,yes,,,"POLYGON ((132.7167977 34.4060692, 132.7169118 34.406093, 132.7169446 34.405986, 132.7169248 34.4059819, 132.7169287 34.405969, 132.7168165 34.4059456, 132.7167892 34.4060403, 132.7168053 34.4060443, 132.7167977 34.4060692))",POINT (132.7168654 34.406019),163.7,1761.8,3
,243,882802901.0,,yes,,,"POLYGON ((132.7167723 34.4026372, 132.7167669 34.4025702, 132.716987 34.4025597, 132.7169834 34.4026357, 132.7167723 34.4026372))",POINT (132.7168796 34.4026004),157.5,1695.0,6
,223,610829830.0,,yes,,,"POLYGON ((132.7125029 34.3918735, 132.7126203 34.3919416, 132.7125459 34.3920289, 132.7124286 34.3919608, 132.7125029 34.3918735))",POINT (132.7125244 34.3919512),157.2,1692.1,11
,220,610829827.0,,yes,,,"POLYGON ((132.7117407 34.3916849, 132.7118719 34.3917329, 132.7118195 34.3918304, 132.7116883 34.3917824, 132.7117407 34.3916849))",POINT (132.7117801 34.3917577),156.1,1680.5,11
,130,408288668.0,,yes,,,"POLYGON ((132.7115904 34.4050804, 132.7117369 34.4050791, 132.7117355 34.4049751, 132.711589 34.4049764, 132.7115904 34.4050804))",POINT (132.711663 34.4050278),155.9,1678.5,5
,221,610829828.0,,yes,,,"POLYGON ((132.7122911 34.3917891, 132.7124223 34.3918371, 132.7123699 34.3919346, 132.7122387 34.3918866, 132.7122911 34.3917891))",POINT (132.7123305 34.3918618),155.8,1677.5,11
,222,610829829.0,,yes,,,"POLYGON ((132.7118714 34.3925547, 132.7119888 34.3926228, 132.7119144 34.3927101, 132.711797 34.392642, 132.7118714 34.3925547))",POINT (132.7118929 34.3926324),155.6,1674.4,11
,186,609925157.0,,yes,,,"POLYGON ((132.7137876 34.4060986, 132.7135662 34.4060899, 132.7135702 34.4060216, 132.7137915 34.4060303, 132.7137876 34.4060986))",POINT (132.7136789 34.4060601),155.0,1668.5,2
,38,371670877.0,,yes,,,"POLYGON ((132.7102657 34.4007199, 132.7103367 34.4007193, 132.7103341 34.4005063, 132.7102631 34.4005068, 132.7102657 34.4007199))",POINT (132.7102999 34.4006131),153.7,1654.8,4
,42,371670882.0,,yes,,,"POLYGON ((132.7193306 34.3962867, 132.7195151 34.3962776, 132.7195092 34.3961967, 132.7193248 34.3962057, 132.7193306 34.3962867))",POINT (132.7194199 34.3962417),153.1,1648.0,9
,80,371670931.0,,yes,,,"POLYGON ((132.7166947 34.3964858, 132.7167747 34.3964846, 132.7167708 34.3963003, 132.7166908 34.3963014, 132.7166947 34.3964858))",POINT (132.7167327 34.396393),150.4,1618.5,8
,262,897960622.0,,yes,,,"POLYGON ((132.716919 34.4025494, 132.7170362 34.4025464, 132.7170308 34.4024169, 132.716919 34.4024198, 132.716919 34.4025494))",POINT (132.7169763 34.4024836),150.0,1615.1,6
,63,371670907.0,,yes,,,"POLYGON ((132.7166407 34.4020098, 132.7167362 34.4020109, 132.7167388 34.4018586, 132.7166433 34.4018575, 132.7166407 34.4020098))",POINT (132.7166898 34.4019342),148.7,1601.0,5
,189,609925162.0,,yes,,,"POLYGON ((132.7124415 34.4066147, 132.7123451 34.4066186, 132.7123362 34.4064668, 132.7124326 34.4064629, 132.7124415 34.4066147))",POINT (132.7123888 34.4065408),148.2,1594.8,2
,59,371670902.0,,yes,,,"POLYGON ((132.7137161 34.4064834, 132.7138568 34.4065484, 132.7139084 34.4064724, 132.7137677 34.4064074, 132.7137161 34.4064834))",POINT (132.7138122 34.4064779),143.9,1548.5,2
,213,609933234.0,,yes,,,"POLYGON ((132.7194011 34.3928353, 132.7195475 34.3928817, 132.7195085 34.3929654, 132.7193622 34.3929189, 132.7194011 34.3928353))",POINT (132.7194548 34.3929003),143.0,1539.0,12
,76,371670927.0,,yes,,,"POLYGON ((132.7123553 34.4052488, 132.7125069 34.4052496, 132.7125075 34.4051579, 132.712356 34.4051571, 132.7123553 34.4052488))",POINT (132.7124314 34.4052034),140.9,1516.6,5
,260,897960620.0,,yes,,,"POLYGON ((132.7167223 34.4025523, 132.7168215 34.4025509, 132.7168269 34.4024169, 132.7167259 34.4024169, 132.7167223 34.4025523))",POINT (132.7167741 34.402484),137.5,1480.3,5
,51,371670892.0,,yes,,,"POLYGON ((132.7120493 34.3938236, 132.7121267 34.3938232, 132.7121254 34.3936527, 132.712048 34.3936531, 132.7120493 34.3938236))",POINT (132.7120873 34.3937382),134.2,1444.5,11
,200,609927013.0,,yes,,,"POLYGON ((132.7162192 34.4060642, 132.7162458 34.4059822, 132.7163906 34.4060141, 132.716364 34.4060961, 132.7162192 34.4060642))",POINT (132.7163049 34.4060392),129.8,1396.9,2
,54,371670895.0,,yes,,,"POLYGON ((132.7143472 34.4004631, 132.7144158 34.4004637, 132.7144184 34.4002794, 132.7143498 34.4002787, 132.7143472 34.4004631))",POINT (132.7143828 34.4003712),128.8,1386.9,8
,31,371670867.0,,yes,,,"POLYGON ((132.7155263 34.3922335, 132.7155896 34.3922351, 132.7155909 34.3922019, 132.7156283 34.3922029, 132.7156321 34.3921025, 132.7155218 34.3920997, 132.715519 34.3921717, 132.7155481 34.3921725, 132.7155469 34.3922038, 132.7155274 34.3922033, 132.7155263 34.3922335))",POINT (132.7155752 34.3921601),125.3,1349.1,11
,174,609925139.0,,yes,,,"POLYGON ((132.7152757 34.4065247, 132.7151935 34.4065302, 132.7151795 34.4063878, 132.7152617 34.4063822, 132.7152757 34.4065247))",POINT (132.7152276 34.4064562),119.3,1283.9,2
,175,609925140.0,,yes,,,"POLYGON ((132.7153084 34.4063231, 132.7152262 34.4063286, 132.7152121 34.4061862, 132.7152943 34.4061806, 132.7153084 34.4063231))",POINT (132.7152603 34.4062546),119.3,1283.9,2
,84,371670935.0,,yes,,,"POLYGON ((132.7184398 34.3967402, 132.7185768 34.3966596, 132.7185289 34.3966042, 132.718392 34.3966848, 132.7184398 34.3967402))",POINT (132.7184844 34.3966722),116.9,1258.0,9
???????\?????c??????????????,264,897960631.0,,yes,,,"POLYGON ((132.7138031 34.4035959, 132.7138933 34.4035959, 132.7139023 34.4034813, 132.7137995 34.4034783, 132.7138031 34.4035959))",POINT (132.7138494 34.4035366),114.2,1229.4,5
,263,897960623.0,,yes,,,"POLYGON ((132.7170868 34.4025494, 132.717177 34.4025464, 132.717177 34.4024228, 132.7170868 34.4024243, 132.7170868 34.4025494))",POINT (132.7171318 34.4024857),114.1,1228.4,6
,203,609927016.0,,yes,,,"POLYGON ((132.7154619 34.4057906, 132.7154922 34.4057116, 132.715615 34.4057436, 132.7155846 34.4058227, 132.7154619 34.4057906))",POINT (132.7155384 34.4057671),108.8,1171.3,2
,208,609927021.0,,yes,,,"POLYGON ((132.7142357 34.4058906, 132.714266 34.4058116, 132.7143888 34.4058436, 132.7143584 34.4059227, 132.7142357 34.4058906))",POINT (132.7143122 34.4058671),108.8,1171.3,2
,202,609927015.0,,yes,,,"POLYGON ((132.7158723 34.4059433, 132.7159027 34.4058643, 132.7160254 34.4058963, 132.7159951 34.4059754, 132.7158723 34.4059433))",POINT (132.7159489 34.4059198),108.4,1166.4,2
,164,609907826.0,,yes,,,"POLYGON ((132.7075321 34.4064672, 132.7075295 34.4063742, 132.70764 34.4063721, 132.7076425 34.4064651, 132.7075321 34.4064672))",POINT (132.707586 34.4064196),105.1,1131.5,1
,159,609907820.0,,yes,,,"POLYGON ((132.7073784 34.4059176, 132.7074024 34.4058267, 132.7075103 34.4058461, 132.7074863 34.405937, 132.7073784 34.4059176))",POINT (132.7074444 34.4058819),104.8,1128.4,1
,165,609907827.0,,yes,,,"POLYGON ((132.7077675 34.4058345, 132.7077916 34.4057436, 132.7078995 34.405763, 132.7078755 34.4058539, 132.7077675 34.4058345))",POINT (132.7078335 34.4057988),104.8,1128.4,1
,160,609907822.0,,yes,,,"POLYGON ((132.7075171 34.406238, 132.7075411 34.4061471, 132.7076491 34.4061666, 132.707625 34.4062575, 132.7075171 34.406238))",POINT (132.7075831 34.4062023),104.6,1126.0,1
,259,884595903.0,,bicycle_parking,,,"POLYGON ((132.7152598 34.4034948, 132.7156796 34.4034895, 132.7156847 34.4035127, 132.715256 34.4035201, 132.7152598 34.4034948))",POINT (132.7154672 34.4035044),103.3,1112.4,5
,50,371670891.0,,yes,,,"POLYGON ((132.7138594 34.406268, 132.713995 34.4063415, 132.7140347 34.4062916, 132.7138992 34.4062181, 132.7138594 34.406268))",POINT (132.7139471 34.4062798),98.8,1064.0,2
,65,371670909.0,,yes,,,"POLYGON ((132.7103081 34.4016238, 132.710343 34.4016239, 132.7103443 34.401348, 132.7103094 34.4013478, 132.7103081 34.4016238))",POINT (132.7103262 34.4014859),97.9,1054.0,4
,127,408288648.0,,yes,,,"POLYGON ((132.7155694 34.4004695, 132.715651 34.4004719, 132.7156558 34.4003582, 132.7155742 34.4003559, 132.7155694 34.4004695))",POINT (132.7156126 34.4004139),94.7,1018.8,5
,210,609927023.0,,yes,,,"POLYGON ((132.7140457 34.4057944, 132.7140603 34.4057412, 132.7141317 34.4057371, 132.7141615 34.4057142, 132.7142064 34.4057386, 132.714147 34.4058132, 132.7140457 34.4057944))",POINT (132.7141242 34.4057662),94.5,1017.6,2
,183,609925154.0,,yes,,,"POLYGON ((132.7129502 34.4059768, 132.7128656 34.4060228, 132.7128085 34.4059513, 132.7128931 34.4059052, 132.7129502 34.4059768))",POINT (132.7128794 34.405964),88.9,957.1,2
,187,609925158.0,,yes,,,"POLYGON ((132.7137368 34.405924, 132.713636 34.4059154, 132.7136467 34.4058302, 132.7137475 34.4058387, 132.7137368 34.405924))",POINT (132.7136918 34.4058771),88.8,956.2,2
,204,609927017.0,,yes,,,"POLYGON ((132.7153198 34.4057639, 132.7153568 34.4056852, 132.7154532 34.4057161, 132.7154161 34.4057948, 132.7153198 34.4057639))",POINT (132.7153865 34.40574),88.7,955.1,2
,184,609925155.0,,yes,,,"POLYGON ((132.7130331 34.4061421, 132.7129485 34.4061881, 132.7128913 34.4061166, 132.7129759 34.4060706, 132.7130331 34.4061421))",POINT (132.7129622 34.4061294),88.1,948.7,2
,56,371670899.0,,yes,,,"POLYGON ((132.7151023 34.4002391, 132.7151343 34.4002395, 132.7151389 34.3999713, 132.7151069 34.3999709, 132.7151023 34.4002391))",POINT (132.7151206 34.4001052),87.7,943.6,8
,162,609907824.0,,yes,,,"POLYGON ((132.7074091 34.4065042, 132.7074123 34.4063837, 132.707481 34.406385, 132.7074778 34.4065055, 132.7074091 34.4065042))",POINT (132.707445 34.4064446),84.8,912.9,1
,161,609907823.0,,yes,,,"POLYGON ((132.707453 34.4063308, 132.7074706 34.4062612, 132.7075816 34.4062804, 132.7075639 34.40635, 132.707453 34.4063308))",POINT (132.7075173 34.4063056),82.1,883.3,1
,201,609927014.0,,yes,,,"POLYGON ((132.7160391 34.4059833, 132.7160555 34.405916, 132.7161309 34.4059285, 132.7161264 34.405947, 132.7161791 34.4059557, 132.7161672 34.4060046, 132.7160391 34.4059833))",POINT (132.7161058 34.4059626),81.7,879.4,2
,247,883242716.0,,yes,,,"POLYGON ((132.7113687 34.4032904, 132.7114265 34.4032843, 132.7114296 34.4031972, 132.7113431 34.4031939, 132.7113455 34.4033012, 132.7113687 34.4032904))",POINT (132.7113848 34.4032423),80.3,864.0,4
,212,609927025.0,,yes,,,"POLYGON ((132.7139617 34.4060009, 132.7140241 34.4059738, 132.7140663 34.4060397, 132.7139444 34.4060928, 132.7139243 34.4060613, 132.7139838 34.4060354, 132.7139617 34.4060009))",POINT (132.7139984 34.406034),78.0,839.8,2
,261,897960621.0,,yes,,,"POLYGON ((132.7168378 34.402536, 132.7169027 34.402536, 132.7169045 34.4024109, 132.716845 34.4024139, 132.7168378 34.402536))",POINT (132.7168726 34.4024751),77.7,836.8,6
,188,609925161.0,,yes,,,"POLYGON ((132.7122621 34.40652, 132.7121695 34.4065243, 132.7121638 34.4064422, 132.7122564 34.4064378, 132.7122621 34.40652))",POINT (132.712213 34.4064811),77.7,835.8,2
,190,609925163.0,,yes,,,"POLYGON ((132.7126671 34.4065775, 132.7125745 34.4065818, 132.7125689 34.4064997, 132.7126614 34.4064954, 132.7126671 34.4065775))",POINT (132.712618 34.4065386),77.6,835.3,2
,191,609925164.0,,yes,,,"POLYGON ((132.7126564 34.4064669, 132.7125638 34.4064712, 132.7125581 34.4063891, 132.7126507 34.4063847, 132.7126564 34.4064669))",POINT (132.7126073 34.406428),77.6,835.3,2
,87,371670938.0,,yes,,,"POLYGON ((132.7150329 34.4002444, 132.7150578 34.400245, 132.7150678 34.3999731, 132.715043 34.3999724, 132.7150329 34.4002444))",POINT (132.7150504 34.4001088),67.9,730.7,8
,250,884272458.0,,yes,,,"POLYGON ((132.7105103 34.4036384, 132.7105638 34.4036262, 132.7105595 34.4035801, 132.7105434 34.4035775, 132.7105431 34.4034866, 132.7105002 34.4034882, 132.7105103 34.4036384))",POINT (132.710528 34.4035645),67.0,720.9,4
,197,609927007.0,,yes,,,"POLYGON ((132.716977 34.4064355, 132.7169071 34.4064288, 132.7169193 34.4063426, 132.7169892 34.4063493, 132.716977 34.4064355))",POINT (132.7169482 34.4063891),61.9,666.8,3
,198,609927008.0,,yes,,,"POLYGON ((132.7168914 34.4064088, 132.7168216 34.4064021, 132.7168338 34.4063159, 132.7169036 34.4063227, 132.7168914 34.4064088))",POINT (132.7168626 34.4063624),61.9,666.8,3
,218,609933282.0,,yes,,,"POLYGON ((132.7196092 34.3917257, 132.7196953 34.39175, 132.7196713 34.3918081, 132.7195851 34.3917838, 132.7196092 34.3917257))",POINT (132.7196402 34.3917669),56.8,611.2,12
,57,371670900.0,,yes,,,"POLYGON ((132.7120935 34.3939459, 132.7121626 34.393944, 132.71216 34.3938795, 132.712091 34.3938814, 132.7120935 34.3939459))",POINT (132.7121268 34.3939127),45.5,489.5,11
,85,371670936.0,,yes,,,"POLYGON ((132.7170575 34.3966062, 132.7171079 34.3966046, 132.7171041 34.3965183, 132.7170536 34.3965199, 132.7170575 34.3966062))",POINT (132.7170808 34.3965622),44.5,478.6,9
,211,609927024.0,,yes,,,"POLYGON ((132.713865 34.4059862, 132.7139209 34.4059653, 132.7139533 34.4060244, 132.7138975 34.4060453, 132.713865 34.4059862))",POINT (132.7139092 34.4060053),40.5,435.5,2
,196,609927006.0,,yes,,,"POLYGON ((132.71695 34.4065485, 132.7169043 34.4065626, 132.7168718 34.4064912, 132.7169175 34.406477, 132.71695 34.4065485))",POINT (132.7169109 34.4065198),38.0,409.5,3
,253,884272462.0,,yes,,,"POLYGON ((132.7151339 34.4036766, 132.7151962 34.4036766, 132.7151962 34.4036379, 132.7151312 34.4036364, 132.7151339 34.4036766))",POINT (132.7151642 34.4036567),25.2,271.5,5
,148,429436391.0,,yes,,,"POLYGON ((132.7118545 34.4017981, 132.711888 34.4017901, 132.711865 34.4017242, 132.7118316 34.4017321, 132.7118545 34.4017981))",POINT (132.7118598 34.4017611),24.5,263.9,5
,249,884272452.0,,yes,,,"POLYGON ((132.7095002 34.4036347, 132.7095336 34.4036334, 132.7095336 34.4035727, 132.7094994 34.4035715, 132.7095002 34.4036347))",POINT (132.7095166 34.403603),21.6,232.3,4
,252,884272461.0,,yes,,,"POLYGON ((132.7099822 34.4031691, 132.710021 34.4031695, 132.7100189 34.4031242, 132.7099808 34.4031235, 132.7099822 34.4031691))",POINT (132.7100007 34.4031466),17.7,190.9,4
,255,884272464.0,,yes,,,"POLYGON ((132.7154265 34.4041443, 132.7154584 34.4041443, 132.7154622 34.4040964, 132.7154297 34.4040948, 132.7154265 34.4041443))",POINT (132.7154441 34.4041199),16.0,171.8,5
,251,884272459.0,,yes,,,"POLYGON ((132.709985 34.4035283, 132.709975 34.4034899, 132.7100156 34.4034892, 132.7100247 34.4035284, 132.709985 34.4035283))",POINT (132.7100001 34.4035089),15.9,171.4,4
,254,884272463.0,,yes,,,"POLYGON ((132.7154341 34.4037737, 132.7154584 34.4037748, 132.7154571 34.4037158, 132.7154316 34.4037174, 132.7154341 34.4037737))",POINT (132.7154454 34.4037452),14.4,155.0,5
,256,884272465.0,,yes,,,"POLYGON ((132.7157703 34.4042468, 132.7158239 34.4042468, 132.7158229 34.4042221, 132.7157703 34.4042221, 132.7157703 34.4042468))",POINT (132.7157969 34.4042345),13.1,141.0,5
